[
  {
    "value": "cycling",
    "synonyms": [
      "велопрогулка",
      "езда на велосипеде",
      "вело езда",
      "катание на велосипеде",
      "катание на велике",
      "кататься на велосипеде",
      "прокатиться на велосипеде"
    ]
  },
  {
    "value": "snowboarding",
    "synonyms": [
      "сноуборд",
      "катание на сноуборде"
    ]
  },
  {
    "value": "swimming",
    "synonyms": [
      "плавание",
      "купание",
      "плавать",
      "купаться"
    ]
  },
  {
    "value": "skating",
    "synonyms": [
      "коньки",
      "кататься на коньках",
      "катание на коньках"
    ]
  },
  {
    "value": "elephant safari",
    "synonyms": [
      "сафари со слонами",
      "сафари"
    ]
  },
  {
    "value": "jogging",
    "synonyms": [
      "бег трусцой",
      "пробежка",
      "пробежку",
      "на пробежку"
    ]
  },
  {
    "value": "skiing",
    "synonyms": [
      "лыжи",
      "лыжах",
      "кататься на лыжах",
      "ходить на лыжах"
    ]
  },
  {
    "value": "frisbee",
    "synonyms": [
      "фрисби",
      "фризби"
    ]
  },
  {
    "value": "climbing",
    "synonyms": [
      "скалолазание",
      "альпинизм",
      "лазить по горам",
      "лазить",
      "залезть",
      "залезть на гору",
      "полезть",
      "полезть на гору"
    ]
  },
  {
    "value": "hiking",
    "synonyms": [
      "прогулка",
      "прогулка на природу",
      "пойти на природу",
      "пойти в поход",
      "сходить в поход",
      "отправиться в поход"
    ]
  },
  {
    "value": "surfing",
    "synonyms": [
      "серфинг",
      "сёрфинг"
    ]
  },
  {
    "value": "mushroom hunting",
    "synonyms": [
      "ходить за грибами",
      "сходить за грибами",
      "по грибы",
      "ходить по грибы",
      "сходить по грибы",
      "пойти по грибы",
      "пойти за грибами"
    ]
  },
  {
    "value": "snowball fighting",
    "synonyms": [
      "играть в снежки",
      "играться в снежки",
      "поиграть в снежки",
      "кидаться снежками"
    ]
  },
  {
    "value": "tree climbing",
    "synonyms": [
      "лазать по деревьям"
    ]
  },
  {
    "value": "mountain biking",
    "synonyms": [
      "горный велосипед",
      "езда на горном велосипеде"
    ]
  },
  {
    "value": "sightseeing",
    "synonyms": [
      "осмотр достопримечательностей",
      "осмотра достопримечательностей",
      "посмотреть достопримечательности"
    ]
  },
  {
    "value": "birdwatching",
    "synonyms": [
      "наблюдать за птицами"
    ]
  },
  {
    "value": "walking",
    "synonyms": [
      "прогулка",
      "погулять",
      "прогуляться"
    ]
  },
  {
    "value": "parasailing",
    "synonyms": [
      "парасейлинг",
      "парасейл"
    ]
  },
  {
    "value": "run",
    "synonyms": [
      "бег",
      "бегать",
      "побегать"
    ]
  },
  {
    "value": "kayaking",
    "synonyms": [
      "каякинг",
      "сплав",
      "сплав по реке",
      "сплав по бурной реке"
    ]
  },
  {
    "value": "rafting",
    "synonyms": [
      "рафтинг",
      "сплав по горной реке"
    ]
  },
  {
    "value": "fishing",
    "synonyms": [
      "рыбалка",
      "рыбалку",
      "ловить рыбу",
      "пойти на рыбалку",
      "сходить на рыбалку",
      "порыбачить"
    ]
  },
  {
    "value": "horse riding",
    "synonyms": [
      "верховая езда",
      "верховой ездой",
      "катание на лошадях",
      "конные прогулки",
      "конных прогулок",
      "конной прогулки",
      "конная прогулка"
    ]
  },
  {
    "value": "bird watching",
    "synonyms": [
      "понаблюдать за птицами",
      "наблюдать за птицами",
      "наблюдение за птицами"
    ]
  },
  {
    "value": "motocross",
    "synonyms": [
      "мотокросс",
      "мотопробег",
      "мотокросса",
      "мотопробега"
    ]
  },
  {
    "value": "windsurfing",
    "synonyms": [
      "виндсерфинг"
    ]
  },
  {
    "value": "diving",
    "synonyms": [
      "дайвинг",
      "подводное плавание",
      "дайвингом",
      "дайвинга",
      "подводного плавания",
      "подводным плаванием"
    ]
  },
  {
    "value": "skateboarding",
    "synonyms": [
      "катание на скейтборде",
      "скейтбординг",
      "катания на скейтборде",
      "катанием на скейтборде"
    ]
  },
  {
    "value": "kitesurfing",
    "synonyms": [
      "кайтсерфинг",
      "кайтсёрфинг",
      "кайтинг",
      "кайтингом",
      "кайтсерфингом"
    ]
  },
  {
    "value": "sailing",
    "synonyms": [
      "парусный спорт",
      "катание на лодке",
      "плавание под парусами"
    ]
  }
]