[
  {
    "value": "gum boots",
    "synonyms": [
      "Gummistiefel"
    ]
  },
  {
    "value": "umbrella",
    "synonyms": [
      "Regenschirm",
      "Schirm"
    ]
  },
  {
    "value": "gloves",
    "synonyms": [
      "Handschuhe",
      "Handschuhen"
    ]
  },
  {
    "value": "jacket",
    "synonyms": [
      "Jacke"
    ]
  },
  {
    "value": "sunglasses",
    "synonyms": [
      "Sonnenbrille"
    ]
  },
  {
    "value": "coat",
    "synonyms": [
      "Mantel"
    ]
  },
  {
    "value": "sunscreen",
    "synonyms": [
      "Sonnenschutz"
    ]
  },
  {
    "value": "dress",
    "synonyms": [
      "Kleid",
      "Kleidung"
    ]
  },
  {
    "value": "suit",
    "synonyms": [
      "Anzug"
    ]
  },
  {
    "value": "swimming suit",
    "synonyms": [
      "Badeanzug"
    ]
  },
  {
    "value": "t-shirt",
    "synonyms": [
      "t-shirt"
    ]
  },
  {
    "value": "sweater",
    "synonyms": [
      "Pullover"
    ]
  },
  {
    "value": "rain jacket",
    "synonyms": [
      "Regenjacke"
    ]
  },
  {
    "value": "skirt",
    "synonyms": [
      "Rock"
    ]
  },
  {
    "value": "tank top",
    "synonyms": [
      "Muskelshirt"
    ]
  },
  {
    "value": "jumper",
    "synonyms": [
      "Jumper",
      "Pullover"
    ]
  },
  {
    "value": "scarf",
    "synonyms": [
      "Schal"
    ]
  },
  {
    "value": "wool cap",
    "synonyms": [
      "Wollmütze"
    ]
  },
  {
    "value": "rain coat",
    "synonyms": [
      "Regenmantel"
    ]
  },
  {
    "value": "shorts",
    "synonyms": [
      "Shorts"
    ]
  },
  {
    "value": "hat",
    "synonyms": [
      "hut"
    ]
  },
  {
    "value": "wool socks",
    "synonyms": [
      "Wollsocken"
    ]
  },
  {
    "value": "tie",
    "synonyms": [
      "Krawatte"
    ]
  },
  {
    "value": "sweatpants",
    "synonyms": [
      "Jogginghose"
    ]
  },
  {
    "value": "gloves",
    "synonyms": [
      "Handschuhe"
    ]
  },
  {
    "value": "sandals",
    "synonyms": [
      "Sandalen"
    ]
  }
]