[
  {
    "value": "rain coat",
    "synonyms": [
      "雨衣"
    ]
  },
  {
    "value": "jumper",
    "synonyms": [
      "毛衣",
      "薄毛衣"
    ]
  },
  {
    "value": "gum boots",
    "synonyms": [
      "膠皮靴"
    ]
  },
  {
    "value": "wool cap",
    "synonyms": [
      "毛線帽"
    ]
  },
  {
    "value": "jacket",
    "synonyms": [
      "夾克"
    ]
  },
  {
    "value": "sunglasses",
    "synonyms": [
      "墨鏡"
    ]
  },
  {
    "value": "sunscreen",
    "synonyms": [
      "防曬霜"
    ]
  },
  {
    "value": "wool socks",
    "synonyms": [
      "羊毛襪"
    ]
  },
  {
    "value": "scarf",
    "synonyms": [
      "圍巾"
    ]
  },
  {
    "value": "coat",
    "synonyms": [
      "大衣",
      "外衣",
      "大氅",
      "外套"
    ]
  },
  {
    "value": "rain pants",
    "synonyms": [
      "雨褲"
    ]
  },
  {
    "value": "gloves",
    "synonyms": [
      "手套"
    ]
  },
  {
    "value": "umbrella",
    "synonyms": [
      "雨傘",
      "傘"
    ]
  },
  {
    "value": "sweater",
    "synonyms": [
      "毛線衣"
    ]
  }
]