[
  {
    "value": "R",
    "synonyms": [
      "ランキン温度",
      "ランキン度",
      "蘭氏温度",
      "蘭氏度",
      "Rankine度",
      "Rankine",
      "R",
      "Ra"
    ]
  },
  {
    "value": "F",
    "synonyms": [
      "ファーレンハイト度",
      "ファーレンハイト温度",
      "ファーレンハイト",
      "華氏度",
      "カ氏度",
      "華氏温度",
      "カ氏温度",
      "カ氏",
      "華氏",
      "Fahrenheit度",
      "Fahrenheit",
      "F"
    ]
  },
  {
    "value": "C",
    "synonyms": [
      "セルシウス度",
      "セルシウス温度",
      "セルシウス",
      "摂氏度",
      "セ氏度",
      "摂氏温度",
      "セ氏温度",
      "セ氏",
      "摂氏",
      "Celsius度",
      "Celsius",
      "C"
    ]
  },
  {
    "value": "K",
    "synonyms": [
      "ケルビン度",
      "ケルビン温度",
      "ケルビン",
      "Kelvin度",
      "Kelvin",
      "K"
    ]
  }
]