[
  {
    "id": "185f148e-992e-42c7-9ccc-c527dd641261",
    "data": [
      {
        "text": "じゃあ",
        "userDefined": false
      },
      {
        "text": "来週",
        "alias": "date-time",
        "meta": "@sys.date-time",
        "userDefined": true
      },
      {
        "text": "は",
        "userDefined": false
      }
    ],
    "isTemplate": false,
    "count": 0,
    "updated": 0
  },
  {
    "id": "5ac36906-74c8-43b8-926f-1085b8dfb799",
    "data": [
      {
        "text": "明日",
        "alias": "date-time",
        "meta": "@sys.date-time",
        "userDefined": true
      },
      {
        "text": "はどう",
        "userDefined": false
      }
    ],
    "isTemplate": false,
    "count": 0,
    "updated": 0
  },
  {
    "id": "6967604a-3c5f-4b29-9741-9c9e49fcbd15",
    "data": [
      {
        "text": "今日",
        "alias": "date-time",
        "meta": "@sys.date-time",
        "userDefined": true
      },
      {
        "text": "はどうなるの",
        "userDefined": false
      }
    ],
    "isTemplate": false,
    "count": 0,
    "updated": 0
  },
  {
    "id": "3d664ca5-37b6-45f6-a6c2-027a3522230a",
    "data": [
      {
        "text": "じゃあ",
        "userDefined": false
      },
      {
        "text": "明日",
        "alias": "date-time",
        "meta": "@sys.date-time",
        "userDefined": true
      },
      {
        "text": "は",
        "userDefined": false
      }
    ],
    "isTemplate": false,
    "count": 0,
    "updated": 0
  },
  {
    "id": "87b9bade-0cbd-424f-9dd3-11c728bdec97",
    "data": [
      {
        "text": "来週の月曜日",
        "alias": "date-time",
        "meta": "@sys.date-time",
        "userDefined": true
      },
      {
        "text": "を調べて",
        "userDefined": false
      }
    ],
    "isTemplate": false,
    "count": 0,
    "updated": 0
  },
  {
    "id": "62723d07-218e-4102-9dd8-9ef27504de3c",
    "data": [
      {
        "text": "来週",
        "alias": "date-time",
        "meta": "@sys.date-time",
        "userDefined": true
      },
      {
        "text": "を調べて",
        "userDefined": false
      }
    ],
    "isTemplate": false,
    "count": 0,
    "updated": 0
  },
  {
    "id": "b9267dd4-c3d9-4d68-a0c5-ad434fde4083",
    "data": [
      {
        "text": "午後 5 時",
        "alias": "date-time",
        "meta": "@sys.date-time",
        "userDefined": true
      },
      {
        "text": "には変わる",
        "userDefined": false
      }
    ],
    "isTemplate": false,
    "count": 0,
    "updated": 0
  },
  {
    "id": "766a5f69-5c2e-4770-b071-3f538c1efb38",
    "data": [
      {
        "text": "水曜日",
        "alias": "date-time",
        "meta": "@sys.date-time",
        "userDefined": true
      }
    ],
    "isTemplate": false,
    "count": 0,
    "updated": 0
  },
  {
    "id": "71485238-7d86-454f-a429-a8ca9d232181",
    "data": [
      {
        "text": "土曜日",
        "alias": "date-time",
        "meta": "@sys.date-time",
        "userDefined": true
      },
      {
        "text": "はどうですか",
        "userDefined": false
      }
    ],
    "isTemplate": false,
    "count": 0,
    "updated": 0
  },
  {
    "id": "ad47bff1-3791-4815-a7fe-0d1e6e22223a",
    "data": [
      {
        "text": "じゃあ",
        "userDefined": false
      },
      {
        "text": "明日",
        "alias": "date-time",
        "meta": "@sys.date-time",
        "userDefined": true
      },
      {
        "text": "はどう",
        "userDefined": false
      }
    ],
    "isTemplate": false,
    "count": 0,
    "updated": 0
  }
]