[
  {
    "id": "45e25cf3-ea19-4779-8bd1-01c4c169a7c3",
    "data": [
      {
        "text": "ce dimanche",
        "alias": "date-time",
        "meta": "@sys.date-time",
        "userDefined": false
      },
      {
        "text": " aussi",
        "userDefined": false
      }
    ],
    "isTemplate": false,
    "count": 0,
    "updated": 0
  },
  {
    "id": "792de295-63e9-49cf-95ee-141f108337ff",
    "data": [
      {
        "text": "et ",
        "userDefined": false
      },
      {
        "text": "dimanche",
        "alias": "date-time",
        "meta": "@sys.date-time",
        "userDefined": true
      }
    ],
    "isTemplate": false,
    "count": 0,
    "updated": 0
  },
  {
    "id": "f7fc12fd-a40f-49ac-91f6-06c38d51ea3b",
    "data": [
      {
        "text": "maintenant ",
        "userDefined": false
      },
      {
        "text": "lundi",
        "alias": "date-time",
        "meta": "@sys.date-time",
        "userDefined": false
      }
    ],
    "isTemplate": false,
    "count": 0,
    "updated": 0
  },
  {
    "id": "35d2c499-1d77-4a2b-a002-030f47333fa6",
    "data": [
      {
        "text": "et ",
        "userDefined": false
      },
      {
        "text": "ce week end",
        "alias": "date-time",
        "meta": "@sys.date-time",
        "userDefined": true
      }
    ],
    "isTemplate": false,
    "count": 1,
    "updated": 0
  },
  {
    "id": "5e8d16ce-0210-40c0-9838-5d248edb4cee",
    "data": [
      {
        "text": "après-demain",
        "alias": "date-time",
        "meta": "@sys.date-time",
        "userDefined": false
      }
    ],
    "isTemplate": false,
    "count": 0,
    "updated": 0
  },
  {
    "id": "4c482b6b-37c0-4935-a352-b5665054ead1",
    "data": [
      {
        "text": "et",
        "meta": "@sys.ignore",
        "userDefined": false
      },
      {
        "text": " ",
        "userDefined": false
      },
      {
        "text": "demain",
        "alias": "date-time",
        "meta": "@sys.date-time",
        "userDefined": false
      }
    ],
    "isTemplate": false,
    "count": 0,
    "updated": 0
  }
]