[
  {
    "id": "939edaed-8d82-4245-8fe1-5d37cb4a096e",
    "data": [
      {
        "text": "e o meu ",
        "userDefined": false
      },
      {
        "text": "guarda-chuva",
        "alias": "outfit",
        "meta": "@outfit",
        "userDefined": true
      }
    ],
    "isTemplate": false,
    "count": 0,
    "updated": 0
  },
  {
    "id": "e46b3e99-9c75-497b-b082-23b64731df40",
    "data": [
      {
        "text": "e ",
        "userDefined": false
      },
      {
        "text": "óculos de sol",
        "alias": "outfit",
        "meta": "@outfit",
        "userDefined": true
      }
    ],
    "isTemplate": false,
    "count": 0,
    "updated": 0
  },
  {
    "id": "bed3ae27-4f0c-49ee-89f0-34a7b3d40edb",
    "data": [
      {
        "text": "o meu ",
        "userDefined": false
      },
      {
        "text": "casaco",
        "alias": "outfit",
        "meta": "@outfit",
        "userDefined": true
      }
    ],
    "isTemplate": false,
    "count": 0,
    "updated": 0
  },
  {
    "id": "d3be66d2-89b9-43d0-aca5-d433a1109dad",
    "data": [
      {
        "text": "e a minha ",
        "userDefined": false
      },
      {
        "text": "gabardina",
        "alias": "outfit",
        "meta": "@outfit",
        "userDefined": true
      }
    ],
    "isTemplate": false,
    "count": 0,
    "updated": 0
  },
  {
    "id": "13b7827d-e66f-4abe-84d2-2b1ba5424a7d",
    "data": [
      {
        "text": "e um ",
        "userDefined": false
      },
      {
        "text": "guarda-chuva",
        "alias": "outfit",
        "meta": "@outfit",
        "userDefined": true
      }
    ],
    "isTemplate": false,
    "count": 0,
    "updated": 0
  },
  {
    "id": "02f744dc-5408-4bb9-8245-43c56c025a40",
    "data": [
      {
        "text": "gabardina",
        "alias": "outfit",
        "meta": "@outfit",
        "userDefined": true
      }
    ],
    "isTemplate": false,
    "count": 0,
    "updated": 0
  },
  {
    "id": "8acba8b9-9e2e-4ef5-a214-38b944fa3b43",
    "data": [
      {
        "text": "e uma ",
        "userDefined": false
      },
      {
        "text": "gabardina",
        "alias": "outfit",
        "meta": "@outfit",
        "userDefined": true
      }
    ],
    "isTemplate": false,
    "count": 1,
    "updated": 0
  }
]