[
  {
    "id": "8148a715-5fd2-4ed0-9164-73de5483e345",
    "data": [
      {
        "text": "e ",
        "userDefined": false
      },
      {
        "text": "nevicherà",
        "alias": "condition",
        "meta": "@weather-condition",
        "userDefined": true
      }
    ],
    "isTemplate": false,
    "count": 0,
    "updated": 0
  },
  {
    "id": "6e4cee32-120b-445d-9018-5d548bae41fb",
    "data": [
      {
        "text": "e le ",
        "userDefined": false
      },
      {
        "text": "nuvole",
        "alias": "condition",
        "meta": "@weather-condition",
        "userDefined": true
      }
    ],
    "isTemplate": false,
    "count": 0,
    "updated": 0
  },
  {
    "id": "6c23b781-1397-4d58-ac57-4304b297135b",
    "data": [
      {
        "text": "e la ",
        "userDefined": false
      },
      {
        "text": "pioggia",
        "alias": "condition",
        "meta": "@weather-condition",
        "userDefined": true
      }
    ],
    "isTemplate": false,
    "count": 0,
    "updated": 0
  }
]