[
  {
    "id": "af1232d4-f256-45e0-9af9-44ceb8bb3905",
    "data": [
      {
        "text": "прогноз погоды на ",
        "userDefined": false
      },
      {
        "text": "завтра",
        "alias": "date-time",
        "meta": "@sys.date-time",
        "userDefined": true
      },
      {
        "text": " ",
        "userDefined": false
      },
      {
        "text": "Брюссель",
        "alias": "address",
        "meta": "@sys.location",
        "userDefined": true
      }
    ],
    "isTemplate": false,
    "count": 0,
    "updated": 0
  },
  {
    "id": "4a448ddf-e8d3-4b6d-b1d1-90e6e8d4cbd4",
    "data": [
      {
        "text": "какая сейчас погода в ",
        "userDefined": false
      },
      {
        "text": "Екатеринбурге",
        "alias": "address",
        "meta": "@sys.location",
        "userDefined": true
      }
    ],
    "isTemplate": false,
    "count": 1,
    "updated": 0
  },
  {
    "id": "dbfb9186-d7f6-4f5a-8d8c-83ebbbe78b3b",
    "data": [
      {
        "text": "что с температурой в ",
        "userDefined": false
      },
      {
        "text": "Лондоне",
        "alias": "address",
        "meta": "@sys.location",
        "userDefined": true
      }
    ],
    "isTemplate": false,
    "count": 1,
    "updated": 0
  },
  {
    "id": "c36eb8c0-9199-4a7a-96bc-455b443cd7b3",
    "data": [
      {
        "text": "теперь прочти прогноз погоды для ",
        "userDefined": false
      },
      {
        "text": "Тамбова",
        "alias": "address",
        "meta": "@sys.location",
        "userDefined": true
      }
    ],
    "isTemplate": false,
    "count": 0,
    "updated": 0
  },
  {
    "id": "4f874627-966c-41c8-8daf-17fada50087a",
    "data": [
      {
        "text": "погода ",
        "userDefined": false
      },
      {
        "text": "этим вечером",
        "alias": "date-time",
        "meta": "@sys.date-time",
        "userDefined": true
      }
    ],
    "isTemplate": false,
    "count": 0,
    "updated": 0
  },
  {
    "id": "bd0ad5bb-16c9-4a7f-8cb0-e11759a07bd0",
    "data": [
      {
        "text": "прогноз погоды ",
        "userDefined": false
      },
      {
        "text": "на вторник",
        "alias": "date-time",
        "meta": "@sys.date-time",
        "userDefined": true
      }
    ],
    "isTemplate": false,
    "count": 0,
    "updated": 0
  },
  {
    "id": "b6a44066-ec66-4033-abcb-b853eed508e6",
    "data": [
      {
        "text": "погода ",
        "userDefined": false
      },
      {
        "text": "Ростова-на-Дону",
        "alias": "address",
        "meta": "@sys.location",
        "userDefined": true
      }
    ],
    "isTemplate": false,
    "count": 0,
    "updated": 0
  },
  {
    "id": "4dd12dcf-8e16-487c-b67e-403d5e7e0a4e",
    "data": [
      {
        "text": "температура в ",
        "userDefined": false
      },
      {
        "text": "Париже",
        "alias": "address",
        "meta": "@sys.location",
        "userDefined": true
      },
      {
        "text": " в градусах ",
        "userDefined": false
      },
      {
        "text": "Цельсия",
        "alias": "unit",
        "meta": "@unit-temperature",
        "userDefined": true
      }
    ],
    "isTemplate": false,
    "count": 0,
    "updated": 0
  },
  {
    "id": "bea5cd21-b76a-47d3-a6e3-edf956625d2f",
    "data": [
      {
        "text": "какой была погода ",
        "userDefined": false
      },
      {
        "text": "3 марта",
        "alias": "date-time",
        "meta": "@sys.date-time",
        "userDefined": true
      },
      {
        "text": " в ",
        "userDefined": false
      },
      {
        "text": "Ялте",
        "alias": "address",
        "meta": "@sys.location",
        "userDefined": true
      }
    ],
    "isTemplate": false,
    "count": 0,
    "updated": 0
  },
  {
    "id": "5f89b94b-d52d-4f6b-bd1d-7523dcb10f43",
    "data": [
      {
        "text": "прогноз погоды",
        "userDefined": false
      }
    ],
    "isTemplate": false,
    "count": 0,
    "updated": 0
  },
  {
    "id": "f4d1ad3c-23fa-4932-b0fd-ea07e5aa6bba",
    "data": [
      {
        "text": "что за погодка",
        "userDefined": false
      }
    ],
    "isTemplate": false,
    "count": 0,
    "updated": 0
  },
  {
    "id": "5b6e3707-69c6-4bf7-8794-ebe1aa243d83",
    "data": [
      {
        "text": "скажи мне что с погодой ",
        "userDefined": false
      },
      {
        "text": "Париж",
        "alias": "address",
        "meta": "@sys.location",
        "userDefined": true
      }
    ],
    "isTemplate": false,
    "count": 1,
    "updated": 0
  },
  {
    "id": "3d09b416-24d6-4acd-8b2c-892b51a3dfdd",
    "data": [
      {
        "text": "прогноз погоды в ",
        "userDefined": false
      },
      {
        "text": "Денвере",
        "alias": "address",
        "meta": "@sys.location",
        "userDefined": true
      }
    ],
    "isTemplate": false,
    "count": 0,
    "updated": 0
  },
  {
    "id": "52afd084-55aa-4cb0-b114-c2d9ce51cfc1",
    "data": [
      {
        "text": "хотел бы узнать погоду",
        "userDefined": false
      }
    ],
    "isTemplate": false,
    "count": 0,
    "updated": 0
  },
  {
    "id": "48ba2f4c-670d-4b18-a082-6fdff7090458",
    "data": [
      {
        "text": "что там на улице с погодой",
        "userDefined": false
      }
    ],
    "isTemplate": false,
    "count": 0,
    "updated": 0
  },
  {
    "id": "f5a1c005-3822-4e75-885b-093d036e1f9c",
    "data": [
      {
        "text": "погода для города ",
        "userDefined": false
      },
      {
        "text": "Париж",
        "alias": "address",
        "meta": "@sys.location",
        "userDefined": true
      }
    ],
    "isTemplate": false,
    "count": 0,
    "updated": 0
  },
  {
    "id": "b86dc943-61a3-4122-b778-28708e2a30d1",
    "data": [
      {
        "text": "что за погода будет в ",
        "userDefined": false
      },
      {
        "text": "Токио",
        "alias": "address",
        "meta": "@sys.location",
        "userDefined": true
      },
      {
        "text": " на ",
        "userDefined": false
      },
      {
        "text": "следующей неделе",
        "alias": "date-time",
        "meta": "@sys.date-time",
        "userDefined": true
      }
    ],
    "isTemplate": false,
    "count": 0,
    "updated": 0
  },
  {
    "id": "bd9399c9-642b-469a-ac84-b009c97454a8",
    "data": [
      {
        "text": "какая погода в ",
        "userDefined": false
      },
      {
        "text": "Москве",
        "alias": "address",
        "meta": "@sys.location",
        "userDefined": true
      },
      {
        "text": " ",
        "userDefined": false
      },
      {
        "text": "этим утром",
        "alias": "date-time",
        "meta": "@sys.date-time",
        "userDefined": true
      }
    ],
    "isTemplate": false,
    "count": 0,
    "updated": 0
  },
  {
    "id": "aff389ce-2bfc-4b2b-9436-e63037099f2b",
    "data": [
      {
        "text": "найди погоду в ",
        "userDefined": false
      },
      {
        "text": "Бангалоре",
        "alias": "address",
        "meta": "@sys.location",
        "userDefined": true
      }
    ],
    "isTemplate": false,
    "count": 0,
    "updated": 0
  },
  {
    "id": "f8e86a9b-c88f-498a-beb9-584ff6273031",
    "data": [
      {
        "text": "что сейчас за погода в ",
        "userDefined": false
      },
      {
        "text": "Керале",
        "alias": "address",
        "meta": "@sys.location",
        "userDefined": true
      }
    ],
    "isTemplate": false,
    "count": 0,
    "updated": 0
  },
  {
    "id": "035b4697-40d2-4037-bf0c-f22e5ef4f539",
    "data": [
      {
        "text": "погода в ",
        "userDefined": false
      },
      {
        "text": "Сиэтл",
        "alias": "address",
        "meta": "@sys.location",
        "userDefined": true
      }
    ],
    "isTemplate": false,
    "count": 0,
    "updated": 0
  },
  {
    "id": "57d30ab0-87fe-480f-bc8b-8d7b0a205065",
    "data": [
      {
        "text": "завтрашняя",
        "alias": "date-time",
        "meta": "@sys.date-time",
        "userDefined": true
      },
      {
        "text": " погода",
        "userDefined": false
      }
    ],
    "isTemplate": false,
    "count": 0,
    "updated": 0
  },
  {
    "id": "e741e920-7cf5-4daa-a945-32c939b9dfd4",
    "data": [
      {
        "text": "какой будет погода в ",
        "userDefined": false
      },
      {
        "text": "выходные",
        "alias": "date-time",
        "meta": "@sys.date-time",
        "userDefined": true
      }
    ],
    "isTemplate": false,
    "count": 0,
    "updated": 0
  },
  {
    "id": "53f94e34-f7d7-4044-81d7-8161c17f2072",
    "data": [
      {
        "text": "покажи температуру в ",
        "userDefined": false
      },
      {
        "text": "Риме",
        "alias": "address",
        "meta": "@sys.location",
        "userDefined": true
      },
      {
        "text": " по ",
        "userDefined": false
      },
      {
        "text": "Фаренгейту",
        "alias": "unit",
        "meta": "@unit-temperature",
        "userDefined": true
      }
    ],
    "isTemplate": false,
    "count": 0,
    "updated": 0
  },
  {
    "id": "9a7c12bc-176d-4389-a6ee-86f41538eabd",
    "data": [
      {
        "text": "погода завтра ",
        "userDefined": false
      },
      {
        "text": "Санкт-Петербург",
        "alias": "address",
        "meta": "@sys.location",
        "userDefined": true
      }
    ],
    "isTemplate": false,
    "count": 0,
    "updated": 0
  },
  {
    "id": "84a1bd30-14c2-4633-aedd-2409b672272e",
    "data": [
      {
        "text": "погода сейчас ",
        "userDefined": false
      },
      {
        "text": "Амстердам",
        "alias": "address",
        "meta": "@sys.location",
        "userDefined": true
      }
    ],
    "isTemplate": false,
    "count": 0,
    "updated": 0
  },
  {
    "id": "a7fd3f6c-27cb-4514-902b-937344c8ea28",
    "data": [
      {
        "text": "покажи мне погоду",
        "userDefined": false
      }
    ],
    "isTemplate": false,
    "count": 0,
    "updated": 0
  },
  {
    "id": "289f19d3-fd95-4e3c-b935-f35f6262ac42",
    "data": [
      {
        "text": "мне нужна погода на ",
        "userDefined": false
      },
      {
        "text": "22 июля",
        "alias": "date-time",
        "meta": "@sys.date-time",
        "userDefined": true
      }
    ],
    "isTemplate": false,
    "count": 0,
    "updated": 0
  },
  {
    "id": "fa0a89ec-db37-47de-8f22-9697241d27e3",
    "data": [
      {
        "text": "какая ",
        "userDefined": false
      },
      {
        "text": "завтра",
        "alias": "date-time",
        "meta": "@sys.date-time",
        "userDefined": true
      },
      {
        "text": " будет погода",
        "userDefined": false
      }
    ],
    "isTemplate": false,
    "count": 0,
    "updated": 0
  },
  {
    "id": "6927bd49-2532-49ed-b311-6a066d4034f5",
    "data": [
      {
        "text": "покажи погоду на ",
        "userDefined": false
      },
      {
        "text": "сегодня",
        "alias": "date-time",
        "meta": "@sys.date-time",
        "userDefined": true
      }
    ],
    "isTemplate": false,
    "count": 0,
    "updated": 0
  },
  {
    "id": "3b00d00c-85af-43e7-aebf-36901212ceb5",
    "data": [
      {
        "text": "какая погода ",
        "userDefined": false
      },
      {
        "text": "завтра",
        "alias": "date-time",
        "meta": "@sys.date-time",
        "userDefined": true
      },
      {
        "text": " в ",
        "userDefined": false
      },
      {
        "text": "Барселоне",
        "alias": "address",
        "meta": "@sys.location",
        "userDefined": true
      }
    ],
    "isTemplate": false,
    "count": 1,
    "updated": 0
  },
  {
    "id": "21d193a2-d3a0-4043-8301-231bb03f326c",
    "data": [
      {
        "text": "погода",
        "userDefined": false
      }
    ],
    "isTemplate": false,
    "count": 0,
    "updated": 0
  },
  {
    "id": "e53c312e-051d-4e38-b88d-9724c1e5703e",
    "data": [
      {
        "text": "что ожидается в ",
        "userDefined": false
      },
      {
        "text": "Москве",
        "alias": "address",
        "meta": "@sys.location",
        "userDefined": true
      },
      {
        "text": " погода",
        "userDefined": false
      }
    ],
    "isTemplate": false,
    "count": 1,
    "updated": 0
  },
  {
    "id": "accd72e8-a9f5-44a1-b7cb-8e4ed9fa74d8",
    "data": [
      {
        "text": "что за погода ",
        "userDefined": false
      },
      {
        "text": "завтра",
        "alias": "date-time",
        "meta": "@sys.date-time",
        "userDefined": true
      },
      {
        "text": " в ",
        "userDefined": false
      },
      {
        "text": "Нью-Йорке",
        "alias": "address",
        "meta": "@sys.location",
        "userDefined": true
      }
    ],
    "isTemplate": false,
    "count": 0,
    "updated": 0
  },
  {
    "id": "82d044d5-26c9-4e37-ad5f-006716f4ea75",
    "data": [
      {
        "text": "прогноз погоды ",
        "userDefined": false
      },
      {
        "text": "Москва",
        "alias": "address",
        "meta": "@sys.location",
        "userDefined": true
      }
    ],
    "isTemplate": false,
    "count": 0,
    "updated": 0
  },
  {
    "id": "426516e2-d3dc-4070-9c19-adda8d88a568",
    "data": [
      {
        "text": "погода в ",
        "userDefined": false
      },
      {
        "text": "Новосибирске",
        "alias": "address",
        "meta": "@sys.location",
        "userDefined": true
      }
    ],
    "isTemplate": false,
    "count": 0,
    "updated": 0
  },
  {
    "id": "8b5987ed-d976-4f8b-8bf0-69bc76c5507c",
    "data": [
      {
        "text": "что за погода в ",
        "userDefined": false
      },
      {
        "text": "Риме",
        "alias": "address",
        "meta": "@sys.location",
        "userDefined": true
      }
    ],
    "isTemplate": false,
    "count": 0,
    "updated": 0
  },
  {
    "id": "9968deb0-0a15-4864-815f-ab2abf8357e4",
    "data": [
      {
        "text": "погода ",
        "userDefined": false
      },
      {
        "text": "завтра",
        "alias": "date-time",
        "meta": "@sys.date-time",
        "userDefined": true
      },
      {
        "text": " в ",
        "userDefined": false
      },
      {
        "text": "Москве",
        "alias": "address",
        "meta": "@sys.location",
        "userDefined": true
      }
    ],
    "isTemplate": false,
    "count": 1,
    "updated": 0
  },
  {
    "id": "d7f2d242-c75e-42ba-8238-47012fd206dd",
    "data": [
      {
        "text": "погода ",
        "userDefined": false
      },
      {
        "text": "сегодня",
        "alias": "date-time",
        "meta": "@sys.date-time",
        "userDefined": true
      }
    ],
    "isTemplate": false,
    "count": 0,
    "updated": 0
  },
  {
    "id": "b2104352-64e8-4093-805f-86e3f8cd54de",
    "data": [
      {
        "text": "какую погоду ожидают ",
        "userDefined": false
      },
      {
        "text": "на этой неделе",
        "alias": "date-time",
        "meta": "@sys.date-time",
        "userDefined": true
      }
    ],
    "isTemplate": false,
    "count": 0,
    "updated": 0
  },
  {
    "id": "d4a4d1a0-3fc6-454c-8b76-b617744ffd10",
    "data": [
      {
        "text": "покажи погоду в градусах ",
        "userDefined": false
      },
      {
        "text": "Фаренгейта",
        "alias": "unit",
        "meta": "@unit-temperature",
        "userDefined": true
      }
    ],
    "isTemplate": false,
    "count": 0,
    "updated": 0
  },
  {
    "id": "9b40549e-ef85-41c0-bb21-68daa1281b2c",
    "data": [
      {
        "text": "погода в ",
        "userDefined": false
      },
      {
        "text": "Бруклине",
        "alias": "address",
        "meta": "@sys.location",
        "userDefined": true
      },
      {
        "text": " в ",
        "userDefined": false
      },
      {
        "text": "Цельсиях",
        "alias": "unit",
        "meta": "@unit-temperature",
        "userDefined": true
      }
    ],
    "isTemplate": false,
    "count": 0,
    "updated": 0
  },
  {
    "id": "d8bb8501-338a-41cc-89ed-58f4b7f5520c",
    "data": [
      {
        "text": "погода в ",
        "userDefined": false
      },
      {
        "text": "Москве",
        "alias": "address",
        "meta": "@sys.location",
        "userDefined": true
      },
      {
        "text": " ",
        "userDefined": false
      },
      {
        "text": "через 5 дней",
        "alias": "date-time",
        "meta": "@sys.date-time",
        "userDefined": true
      }
    ],
    "isTemplate": false,
    "count": 1,
    "updated": 0
  },
  {
    "id": "44468222-f3d2-45d6-a2c8-94ac148ff0fc",
    "data": [
      {
        "text": "прогноз погоды для ",
        "userDefined": false
      },
      {
        "text": "Канады",
        "alias": "address",
        "meta": "@sys.location",
        "userDefined": true
      },
      {
        "text": " ",
        "userDefined": false
      },
      {
        "text": "следующая неделя",
        "alias": "date-time",
        "meta": "@sys.date-time",
        "userDefined": true
      }
    ],
    "isTemplate": false,
    "count": 0,
    "updated": 0
  },
  {
    "id": "81b7d319-ed60-441d-89c3-e80a494775ce",
    "data": [
      {
        "text": "какой будет погода",
        "userDefined": false
      }
    ],
    "isTemplate": false,
    "count": 0,
    "updated": 0
  },
  {
    "id": "6a247786-c795-42c5-b693-ead53613c899",
    "data": [
      {
        "text": "хотелось бы знать что за погода в ",
        "userDefined": false
      },
      {
        "text": "Мадриде",
        "alias": "address",
        "meta": "@sys.location",
        "userDefined": true
      }
    ],
    "isTemplate": false,
    "count": 0,
    "updated": 0
  },
  {
    "id": "3f58623a-973d-4278-afad-6e3f0998af40",
    "data": [
      {
        "text": "что за погода ожидается в ",
        "userDefined": false
      },
      {
        "text": "Минске",
        "alias": "address",
        "meta": "@sys.location",
        "userDefined": true
      }
    ],
    "isTemplate": false,
    "count": 0,
    "updated": 0
  },
  {
    "id": "5a526b40-2010-4d73-a559-73e2aa893214",
    "data": [
      {
        "text": "покажи что за погода будет ",
        "userDefined": false
      },
      {
        "text": "завтра",
        "alias": "date-time",
        "meta": "@sys.date-time",
        "userDefined": true
      },
      {
        "text": " в ",
        "userDefined": false
      },
      {
        "text": "Берлине",
        "alias": "address",
        "meta": "@sys.location",
        "userDefined": true
      }
    ],
    "isTemplate": false,
    "count": 0,
    "updated": 0
  },
  {
    "id": "9a1f58c4-9b1f-4b4e-89b3-19f82c33500a",
    "data": [
      {
        "text": "погода ",
        "userDefined": false
      },
      {
        "text": "Дубаи",
        "alias": "address",
        "meta": "@sys.location",
        "userDefined": true
      }
    ],
    "isTemplate": false,
    "count": 0,
    "updated": 0
  },
  {
    "id": "1c4ca316-777f-4def-b561-fec12b65a13e",
    "data": [
      {
        "text": "расскажи мне про погоду на ",
        "userDefined": false
      },
      {
        "text": "следующей неделе",
        "alias": "date-time",
        "meta": "@sys.date-time",
        "userDefined": true
      }
    ],
    "isTemplate": false,
    "count": 0,
    "updated": 0
  },
  {
    "id": "9a903346-9cae-414e-a65b-6f70ddcf4b4e",
    "data": [
      {
        "text": "погода ",
        "userDefined": false
      },
      {
        "text": "Милан",
        "alias": "address",
        "meta": "@sys.location",
        "userDefined": true
      },
      {
        "text": " ",
        "userDefined": false
      },
      {
        "text": "среда",
        "alias": "date-time",
        "meta": "@sys.date-time",
        "userDefined": true
      }
    ],
    "isTemplate": false,
    "count": 0,
    "updated": 0
  }
]