[
  {
    "id": "b077b999-a280-49db-bff7-d04ec0830246",
    "data": [
      {
        "text": "quel ",
        "userDefined": false
      },
      {
        "text": "temps",
        "meta": "@sys.ignore",
        "userDefined": true
      },
      {
        "text": " fait-il à ",
        "userDefined": false
      },
      {
        "text": "Paris",
        "alias": "address",
        "meta": "@sys.geo-city",
        "userDefined": true
      }
    ],
    "isTemplate": false,
    "count": 4,
    "updated": 1530825355
  },
  {
    "id": "29f5b979-54bf-468e-b715-f36da0e55eb3",
    "data": [
      {
        "text": "prévisions météo ",
        "userDefined": false
      },
      {
        "text": "Bordeaux",
        "alias": "address",
        "meta": "@sys.geo-city",
        "userDefined": true
      }
    ],
    "isTemplate": false,
    "count": 0,
    "updated": 1530825355
  },
  {
    "id": "2d708fa0-3999-467c-b057-9bd0c0dc5261",
    "data": [
      {
        "text": "quel ",
        "userDefined": false
      },
      {
        "text": "temps",
        "meta": "@sys.ignore",
        "userDefined": true
      },
      {
        "text": " fera ",
        "userDefined": false
      },
      {
        "text": "demain",
        "alias": "date-time",
        "meta": "@sys.date-time",
        "userDefined": true
      }
    ],
    "isTemplate": false,
    "count": 0,
    "updated": 1530825355
  },
  {
    "id": "37e74b6e-8b82-46e1-83e5-83d50d1bb376",
    "data": [
      {
        "text": "dis ",
        "userDefined": false
      },
      {
        "text": "moi",
        "meta": "@sys.ignore",
        "userDefined": true
      },
      {
        "text": " ",
        "userDefined": false
      },
      {
        "text": "la",
        "meta": "@sys.ignore",
        "userDefined": true
      },
      {
        "text": " météo du ",
        "userDefined": false
      },
      {
        "text": "Havre",
        "alias": "address",
        "meta": "@sys.geo-city",
        "userDefined": true
      }
    ],
    "isTemplate": false,
    "count": 0,
    "updated": 1530825355
  },
  {
    "id": "1a4b1e48-91a7-410a-8912-f57751026ace",
    "data": [
      {
        "text": "les",
        "meta": "@sys.ignore",
        "userDefined": true
      },
      {
        "text": " prévisions météo pour ",
        "userDefined": false
      },
      {
        "text": "Paris",
        "alias": "address",
        "meta": "@sys.geo-city",
        "userDefined": true
      }
    ],
    "isTemplate": false,
    "count": 3,
    "updated": 1530825355
  },
  {
    "id": "60aff1cd-e951-4ca4-bf97-c28ed7761cbf",
    "data": [
      {
        "text": "pourrais-tu ",
        "userDefined": false
      },
      {
        "text": "me",
        "meta": "@sys.ignore",
        "userDefined": true
      },
      {
        "text": " donner ",
        "userDefined": false
      },
      {
        "text": "la",
        "meta": "@sys.ignore",
        "userDefined": true
      },
      {
        "text": " météo ",
        "userDefined": false
      },
      {
        "text": "sur",
        "meta": "@sys.ignore",
        "userDefined": true
      },
      {
        "text": " ",
        "userDefined": false
      },
      {
        "text": "Cagny",
        "alias": "address",
        "meta": "@sys.geo-city",
        "userDefined": true
      }
    ],
    "isTemplate": false,
    "count": 1,
    "updated": 1530825355
  },
  {
    "id": "36804f11-b4a9-496b-b4dc-a1c1cff1ebab",
    "data": [
      {
        "text": "Il",
        "meta": "@sys.ignore",
        "userDefined": true
      },
      {
        "text": " fait quel ",
        "userDefined": false
      },
      {
        "text": "temps",
        "meta": "@sys.ignore",
        "userDefined": true
      },
      {
        "text": " à ",
        "userDefined": false
      },
      {
        "text": "Lyon",
        "alias": "address",
        "meta": "@sys.geo-city",
        "userDefined": true
      },
      {
        "text": " ",
        "userDefined": false
      },
      {
        "text": "aujourd\u0027hui",
        "alias": "date-time",
        "meta": "@sys.date-time",
        "userDefined": true
      }
    ],
    "isTemplate": false,
    "count": 0,
    "updated": 1530825355
  },
  {
    "id": "8f032534-16ce-41dc-83d3-ad9403eeb22f",
    "data": [
      {
        "text": "quelle ",
        "userDefined": false
      },
      {
        "text": "est",
        "meta": "@sys.ignore",
        "userDefined": true
      },
      {
        "text": " ",
        "userDefined": false
      },
      {
        "text": "la",
        "meta": "@sys.ignore",
        "userDefined": true
      },
      {
        "text": " météo pour ",
        "userDefined": false
      },
      {
        "text": "aujourd\u0027hui",
        "alias": "date-time",
        "meta": "@sys.date-time",
        "userDefined": true
      },
      {
        "text": " pour ",
        "userDefined": false
      },
      {
        "text": "Bayeux",
        "alias": "address",
        "meta": "@sys.geo-city",
        "userDefined": true
      }
    ],
    "isTemplate": false,
    "count": 1,
    "updated": 1530825355
  },
  {
    "id": "3d61bd9c-49b8-4272-a551-611c5e908aea",
    "data": [
      {
        "text": "quelle météo à ",
        "userDefined": false
      },
      {
        "text": "Dakar",
        "alias": "address",
        "meta": "@sys.geo-city",
        "userDefined": true
      },
      {
        "text": " ",
        "userDefined": false
      },
      {
        "text": "ce soir",
        "meta": "@sys.ignore",
        "userDefined": true
      }
    ],
    "isTemplate": false,
    "count": 0,
    "updated": 1530825355
  },
  {
    "id": "a4336526-cf7d-4e85-94b9-c4598057f21f",
    "data": [
      {
        "text": "il",
        "meta": "@sys.ignore",
        "userDefined": true
      },
      {
        "text": " ",
        "userDefined": false
      },
      {
        "text": "va",
        "meta": "@sys.ignore",
        "userDefined": true
      },
      {
        "text": " faire quel ",
        "userDefined": false
      },
      {
        "text": "temps",
        "meta": "@sys.ignore",
        "userDefined": true
      },
      {
        "text": " ",
        "userDefined": false
      },
      {
        "text": "demain",
        "alias": "date-time",
        "meta": "@sys.date-time",
        "userDefined": true
      }
    ],
    "isTemplate": false,
    "count": 0,
    "updated": 1530825355
  },
  {
    "id": "f1f07312-8a29-4613-ba04-5d7671aa5190",
    "data": [
      {
        "text": "quelle ",
        "userDefined": false
      },
      {
        "text": "est",
        "meta": "@sys.ignore",
        "userDefined": true
      },
      {
        "text": " ",
        "userDefined": false
      },
      {
        "text": "la",
        "meta": "@sys.ignore",
        "userDefined": true
      },
      {
        "text": " météo à ",
        "userDefined": false
      },
      {
        "text": "Brest",
        "alias": "address",
        "meta": "@sys.geo-city",
        "userDefined": true
      }
    ],
    "isTemplate": false,
    "count": 0,
    "updated": 1530825355
  },
  {
    "id": "fb3b6739-86ff-4ee6-ac09-5ae6ba2e534c",
    "data": [
      {
        "text": "quelle ",
        "userDefined": false
      },
      {
        "text": "est",
        "meta": "@sys.ignore",
        "userDefined": true
      },
      {
        "text": " ",
        "userDefined": false
      },
      {
        "text": "la",
        "meta": "@sys.ignore",
        "userDefined": true
      },
      {
        "text": " météo à ",
        "userDefined": false
      },
      {
        "text": "Carcassonne",
        "alias": "address",
        "meta": "@sys.geo-city",
        "userDefined": true
      },
      {
        "text": " ",
        "userDefined": false
      },
      {
        "text": "demain",
        "alias": "date-time",
        "meta": "@sys.date-time",
        "userDefined": true
      }
    ],
    "isTemplate": false,
    "count": 2,
    "updated": 1530825355
  },
  {
    "id": "e60c8b8b-9059-4dc6-b54a-d2ebfa8a8b1a",
    "data": [
      {
        "text": "quelle ",
        "userDefined": false
      },
      {
        "text": "est",
        "meta": "@sys.ignore",
        "userDefined": true
      },
      {
        "text": " ",
        "userDefined": false
      },
      {
        "text": "la",
        "meta": "@sys.ignore",
        "userDefined": true
      },
      {
        "text": " météo d\u0027",
        "userDefined": false
      },
      {
        "text": "aujourd\u0027hui",
        "alias": "date-time",
        "meta": "@sys.date-time",
        "userDefined": true
      }
    ],
    "isTemplate": false,
    "count": 0,
    "updated": 1530825355
  },
  {
    "id": "5448cba9-4b1f-4d78-a05b-42146e8d9fb3",
    "data": [
      {
        "text": "météo à ",
        "userDefined": false
      },
      {
        "text": "Strasbourg",
        "alias": "address",
        "meta": "@sys.geo-city",
        "userDefined": true
      }
    ],
    "isTemplate": false,
    "count": 0,
    "updated": 1530825355
  },
  {
    "id": "2bd8d7af-2df4-4924-8805-de5078e128c4",
    "data": [
      {
        "text": "maintenant",
        "meta": "@sys.ignore",
        "userDefined": true
      },
      {
        "text": " ",
        "userDefined": false
      },
      {
        "text": "la",
        "meta": "@sys.ignore",
        "userDefined": true
      },
      {
        "text": " météo",
        "userDefined": false
      }
    ],
    "isTemplate": false,
    "count": 1,
    "updated": 1530825355
  },
  {
    "id": "4321d954-8c1a-4876-94f1-6b7c7583641f",
    "data": [
      {
        "text": "quelle ",
        "userDefined": false
      },
      {
        "text": "est",
        "meta": "@sys.ignore",
        "userDefined": true
      },
      {
        "text": " ",
        "userDefined": false
      },
      {
        "text": "la",
        "meta": "@sys.ignore",
        "userDefined": true
      },
      {
        "text": " météo à ",
        "userDefined": false
      },
      {
        "text": "Nevers",
        "alias": "address",
        "meta": "@sys.geo-city",
        "userDefined": true
      }
    ],
    "isTemplate": false,
    "count": 0,
    "updated": 1530825355
  },
  {
    "id": "0a60072a-8718-4e9e-8188-f7e8774814ca",
    "data": [
      {
        "text": "quelle météo sera ",
        "userDefined": false
      },
      {
        "text": "jeudi",
        "alias": "date-time",
        "meta": "@sys.date-time",
        "userDefined": true
      }
    ],
    "isTemplate": false,
    "count": 0,
    "updated": 1530825355
  },
  {
    "id": "e1b68f04-e3fc-4403-9513-191c1fed6dca",
    "data": [
      {
        "text": "le temps",
        "meta": "@sys.ignore",
        "userDefined": true
      },
      {
        "text": " à ",
        "userDefined": false
      },
      {
        "text": "Paris",
        "alias": "address",
        "meta": "@sys.geo-city",
        "userDefined": true
      }
    ],
    "isTemplate": false,
    "count": 2,
    "updated": 1530825355
  },
  {
    "id": "1efe66a5-28f8-4b75-8494-97512ecac697",
    "data": [
      {
        "text": "montre-moi quel ",
        "userDefined": false
      },
      {
        "text": "temps",
        "meta": "@sys.ignore",
        "userDefined": true
      },
      {
        "text": " ",
        "userDefined": false
      },
      {
        "text": "il",
        "meta": "@sys.ignore",
        "userDefined": true
      },
      {
        "text": " fait à ",
        "userDefined": false
      },
      {
        "text": "Paris",
        "alias": "address",
        "meta": "@sys.geo-city",
        "userDefined": true
      }
    ],
    "isTemplate": false,
    "count": 1,
    "updated": 1530825355
  },
  {
    "id": "f7e99e2b-d8d2-4deb-b667-f2e41b7f408b",
    "data": [
      {
        "text": "prévisions météo ",
        "userDefined": false
      },
      {
        "text": "Paris",
        "alias": "address",
        "meta": "@sys.geo-city",
        "userDefined": true
      }
    ],
    "isTemplate": false,
    "count": 3,
    "updated": 1530825355
  },
  {
    "id": "041c355c-7974-4ddf-ab20-8c00418c8aaf",
    "data": [
      {
        "text": "prévisions météorologiques pour ",
        "userDefined": false
      },
      {
        "text": "Calimera",
        "alias": "address",
        "meta": "@sys.geo-city",
        "userDefined": true
      }
    ],
    "isTemplate": false,
    "count": 0,
    "updated": 1530825355
  },
  {
    "id": "41bd2f63-bab6-4ceb-bcdf-61780242b9f8",
    "data": [
      {
        "text": "prévisions météo ",
        "userDefined": false
      },
      {
        "text": "de la semaine",
        "alias": "date-time",
        "meta": "@sys.date-time",
        "userDefined": true
      }
    ],
    "isTemplate": false,
    "count": 0,
    "updated": 1530825355
  },
  {
    "id": "8413ac0d-0414-4fb5-9595-b99a9d6cdb06",
    "data": [
      {
        "text": "j\u0027aimerais",
        "meta": "@sys.ignore",
        "userDefined": true
      },
      {
        "text": " avoir ",
        "userDefined": false
      },
      {
        "text": "la",
        "meta": "@sys.ignore",
        "userDefined": true
      },
      {
        "text": " météo d\u0027",
        "userDefined": false
      },
      {
        "text": "aujourd\u0027hui",
        "alias": "date-time",
        "meta": "@sys.date-time",
        "userDefined": true
      },
      {
        "text": " ",
        "userDefined": false
      },
      {
        "text": "s",
        "meta": "@sys.ignore",
        "userDefined": true
      },
      {
        "text": "\u0027",
        "userDefined": false
      },
      {
        "text": "il",
        "meta": "@sys.ignore",
        "userDefined": true
      },
      {
        "text": " te plaît",
        "userDefined": false
      }
    ],
    "isTemplate": false,
    "count": 0,
    "updated": 1530825355
  },
  {
    "id": "07322f76-e65e-4a2c-8098-3641703c3f5f",
    "data": [
      {
        "text": "quelle ",
        "userDefined": false
      },
      {
        "text": "est",
        "meta": "@sys.ignore",
        "userDefined": true
      },
      {
        "text": " ",
        "userDefined": false
      },
      {
        "text": "la",
        "meta": "@sys.ignore",
        "userDefined": true
      },
      {
        "text": " météo ",
        "userDefined": false
      },
      {
        "text": "de",
        "meta": "@sys.ignore",
        "userDefined": true
      },
      {
        "text": " ",
        "userDefined": false
      },
      {
        "text": "Libreville",
        "alias": "address",
        "meta": "@sys.geo-city",
        "userDefined": true
      }
    ],
    "isTemplate": false,
    "count": 0,
    "updated": 1530825355
  },
  {
    "id": "399a1112-59bf-4708-b58f-af82a20bea3b",
    "data": [
      {
        "text": "quelle ",
        "userDefined": false
      },
      {
        "text": "est",
        "meta": "@sys.ignore",
        "userDefined": true
      },
      {
        "text": " ",
        "userDefined": false
      },
      {
        "text": "la",
        "meta": "@sys.ignore",
        "userDefined": true
      },
      {
        "text": " météo à ",
        "userDefined": false
      },
      {
        "text": "Audenge",
        "alias": "address",
        "meta": "@sys.geo-city",
        "userDefined": true
      },
      {
        "text": " ",
        "userDefined": false
      },
      {
        "text": "jeudi",
        "alias": "date-time",
        "meta": "@sys.date-time",
        "userDefined": true
      }
    ],
    "isTemplate": false,
    "count": 1,
    "updated": 1530825355
  },
  {
    "id": "eb9cb4ce-9b26-4bb2-aca1-16d6b4d276f6",
    "data": [
      {
        "text": "quel ",
        "userDefined": false
      },
      {
        "text": "est",
        "meta": "@sys.ignore",
        "userDefined": true
      },
      {
        "text": " ",
        "userDefined": false
      },
      {
        "text": "le temps",
        "meta": "@sys.ignore",
        "userDefined": true
      },
      {
        "text": " à ",
        "userDefined": false
      },
      {
        "text": "Pénestin",
        "alias": "address",
        "meta": "@sys.geo-city",
        "userDefined": true
      }
    ],
    "isTemplate": false,
    "count": 0,
    "updated": 1530825355
  },
  {
    "id": "f9783718-8413-4ec4-b834-8e307237e3f5",
    "data": [
      {
        "text": "quel ",
        "userDefined": false
      },
      {
        "text": "est",
        "meta": "@sys.ignore",
        "userDefined": true
      },
      {
        "text": " ",
        "userDefined": false
      },
      {
        "text": "le temps",
        "meta": "@sys.ignore",
        "userDefined": true
      },
      {
        "text": " à ",
        "userDefined": false
      },
      {
        "text": "Paris",
        "alias": "address",
        "meta": "@sys.geo-city",
        "userDefined": true
      }
    ],
    "isTemplate": false,
    "count": 4,
    "updated": 1530825355
  },
  {
    "id": "3a4c2375-0e9b-47f4-a978-91ebff74c9c0",
    "data": [
      {
        "text": "la",
        "meta": "@sys.ignore",
        "userDefined": true
      },
      {
        "text": " météo ",
        "userDefined": false
      },
      {
        "text": "s",
        "meta": "@sys.ignore",
        "userDefined": true
      },
      {
        "text": "\u0027",
        "userDefined": false
      },
      {
        "text": "il",
        "meta": "@sys.ignore",
        "userDefined": true
      },
      {
        "text": " vous plaît",
        "userDefined": false
      }
    ],
    "isTemplate": false,
    "count": 0,
    "updated": 1530825355
  },
  {
    "id": "032cb957-9973-4a0f-a989-6585575c5628",
    "data": [
      {
        "text": "les",
        "meta": "@sys.ignore",
        "userDefined": true
      },
      {
        "text": " prévisions météo pour ",
        "userDefined": false
      },
      {
        "text": "la",
        "meta": "@sys.ignore",
        "userDefined": true
      },
      {
        "text": " ",
        "userDefined": false
      },
      {
        "text": "Sarthe",
        "alias": "address",
        "meta": "@sys.geo-city",
        "userDefined": true
      }
    ],
    "isTemplate": false,
    "count": 0,
    "updated": 1530825355
  },
  {
    "id": "17e2ad16-b8ff-4e0f-9ce6-bfa06a9488f7",
    "data": [
      {
        "text": "météo pour ",
        "userDefined": false
      },
      {
        "text": "Drummondville",
        "alias": "address",
        "meta": "@sys.geo-city",
        "userDefined": true
      }
    ],
    "isTemplate": false,
    "count": 0,
    "updated": 1530825355
  },
  {
    "id": "a2c9794c-2a71-452a-870b-07d973a0f5a3",
    "data": [
      {
        "text": "quel temps fera-t-il à ",
        "userDefined": false
      },
      {
        "text": "Paris",
        "alias": "address",
        "meta": "@sys.geo-city",
        "userDefined": true
      },
      {
        "text": " ",
        "userDefined": false
      },
      {
        "text": "demain",
        "alias": "date-time",
        "meta": "@sys.date-time",
        "userDefined": true
      }
    ],
    "isTemplate": false,
    "count": 1,
    "updated": 1530825355
  },
  {
    "id": "90c86ab4-159c-444c-89e2-4424b4b1245e",
    "data": [
      {
        "text": "tu peux ",
        "userDefined": false
      },
      {
        "text": "me",
        "meta": "@sys.ignore",
        "userDefined": true
      },
      {
        "text": " donner ",
        "userDefined": false
      },
      {
        "text": "la",
        "meta": "@sys.ignore",
        "userDefined": true
      },
      {
        "text": " météo",
        "userDefined": false
      }
    ],
    "isTemplate": false,
    "count": 0,
    "updated": 1530825355
  },
  {
    "id": "07cc9aa1-b9e3-460e-8592-ef86bf45df33",
    "data": [
      {
        "text": "les",
        "meta": "@sys.ignore",
        "userDefined": true
      },
      {
        "text": " prévisions météo pour ",
        "userDefined": false
      },
      {
        "text": "Le Mans",
        "alias": "address",
        "meta": "@sys.geo-city",
        "userDefined": true
      }
    ],
    "isTemplate": false,
    "count": 0,
    "updated": 1530825355
  },
  {
    "id": "6745015f-0f19-4e80-83f1-3f09b10fa86a",
    "data": [
      {
        "text": "dis-moi ",
        "userDefined": false
      },
      {
        "text": "la",
        "meta": "@sys.ignore",
        "userDefined": true
      },
      {
        "text": " météo à ",
        "userDefined": false
      },
      {
        "text": "Moscou",
        "alias": "address",
        "meta": "@sys.geo-city",
        "userDefined": true
      },
      {
        "text": " pour ",
        "userDefined": false
      },
      {
        "text": "demain",
        "alias": "date-time",
        "meta": "@sys.date-time",
        "userDefined": true
      }
    ],
    "isTemplate": false,
    "count": 1,
    "updated": 1530825355
  },
  {
    "id": "0c7829c1-2f68-4d98-a6a0-e03676aafe11",
    "data": [
      {
        "text": "quel ",
        "userDefined": false
      },
      {
        "text": "temps",
        "meta": "@sys.ignore",
        "userDefined": true
      },
      {
        "text": " ",
        "userDefined": false
      },
      {
        "text": "est",
        "meta": "@sys.ignore",
        "userDefined": true
      },
      {
        "text": " prévu ",
        "userDefined": false
      },
      {
        "text": "aujourd\u0027hui",
        "alias": "date-time",
        "meta": "@sys.date-time",
        "userDefined": true
      }
    ],
    "isTemplate": false,
    "count": 2,
    "updated": 1530825355
  },
  {
    "id": "89bd6d98-9b8e-4781-99d7-e405dc7f3a30",
    "data": [
      {
        "text": "s",
        "meta": "@sys.ignore",
        "userDefined": true
      },
      {
        "text": "\u0027",
        "userDefined": false
      },
      {
        "text": "il",
        "meta": "@sys.ignore",
        "userDefined": true
      },
      {
        "text": " te plaît ",
        "userDefined": false
      },
      {
        "text": "la",
        "meta": "@sys.ignore",
        "userDefined": true
      },
      {
        "text": " météo à ",
        "userDefined": false
      },
      {
        "text": "Marrakech",
        "alias": "address",
        "meta": "@sys.geo-city",
        "userDefined": true
      }
    ],
    "isTemplate": false,
    "count": 0,
    "updated": 1530825355
  },
  {
    "id": "d3fe4504-d765-4d72-b0c0-f93993dc1a9d",
    "data": [
      {
        "text": "quelle ",
        "userDefined": false
      },
      {
        "text": "est",
        "meta": "@sys.ignore",
        "userDefined": true
      },
      {
        "text": " ",
        "userDefined": false
      },
      {
        "text": "la",
        "meta": "@sys.ignore",
        "userDefined": true
      },
      {
        "text": " météo ",
        "userDefined": false
      },
      {
        "text": "aujourd\u0027hui",
        "alias": "date-time",
        "meta": "@sys.date-time",
        "userDefined": true
      },
      {
        "text": " à ",
        "userDefined": false
      },
      {
        "text": "Paris",
        "alias": "address",
        "meta": "@sys.geo-city",
        "userDefined": true
      }
    ],
    "isTemplate": false,
    "count": 0,
    "updated": 1530825355
  },
  {
    "id": "e0d623a0-76c4-4fa6-8229-e067a6f4fcba",
    "data": [
      {
        "text": "météo ",
        "userDefined": false
      },
      {
        "text": "de",
        "meta": "@sys.ignore",
        "userDefined": true
      },
      {
        "text": " ",
        "userDefined": false
      },
      {
        "text": "aujourd\u0027hui",
        "alias": "date-time",
        "meta": "@sys.date-time",
        "userDefined": true
      },
      {
        "text": " pour ",
        "userDefined": false
      },
      {
        "text": "Bruxelles",
        "alias": "address",
        "meta": "@sys.geo-city",
        "userDefined": true
      }
    ],
    "isTemplate": false,
    "count": 0,
    "updated": 1530825355
  },
  {
    "id": "f433f786-43f8-4f87-9d57-a4898557b98f",
    "data": [
      {
        "text": "je",
        "meta": "@sys.ignore",
        "userDefined": true
      },
      {
        "text": " voudrais ",
        "userDefined": false
      },
      {
        "text": "savoir",
        "meta": "@sys.ignore",
        "userDefined": true
      },
      {
        "text": " ",
        "userDefined": false
      },
      {
        "text": "le temps",
        "meta": "@sys.ignore",
        "userDefined": true
      },
      {
        "text": " qu\u0027",
        "userDefined": false
      },
      {
        "text": "il",
        "meta": "@sys.ignore",
        "userDefined": true
      },
      {
        "text": " fait à ",
        "userDefined": false
      },
      {
        "text": "Lescar",
        "alias": "address",
        "meta": "@sys.geo-city",
        "userDefined": true
      }
    ],
    "isTemplate": false,
    "count": 0,
    "updated": 1530825355
  },
  {
    "id": "898a6482-c923-4a44-8928-a80ebedfb423",
    "data": [
      {
        "text": "le temps",
        "meta": "@sys.ignore",
        "userDefined": true
      },
      {
        "text": " ",
        "userDefined": false
      },
      {
        "text": "sur",
        "meta": "@sys.ignore",
        "userDefined": true
      },
      {
        "text": " ",
        "userDefined": false
      },
      {
        "text": "Nancy",
        "alias": "address",
        "meta": "@sys.geo-city",
        "userDefined": true
      }
    ],
    "isTemplate": false,
    "count": 0,
    "updated": 1530825355
  },
  {
    "id": "30f24fcb-3af4-4f07-b2d5-5bb9d00e220b",
    "data": [
      {
        "text": "quelle sera ",
        "userDefined": false
      },
      {
        "text": "la",
        "meta": "@sys.ignore",
        "userDefined": true
      },
      {
        "text": " météo ",
        "userDefined": false
      },
      {
        "text": "de",
        "meta": "@sys.ignore",
        "userDefined": true
      },
      {
        "text": " ",
        "userDefined": false
      },
      {
        "text": "jeudi",
        "alias": "date-time",
        "meta": "@sys.date-time",
        "userDefined": true
      },
      {
        "text": " à ",
        "userDefined": false
      },
      {
        "text": "Lanton",
        "alias": "address",
        "meta": "@sys.geo-city",
        "userDefined": true
      }
    ],
    "isTemplate": false,
    "count": 1,
    "updated": 1530825355
  },
  {
    "id": "2161d41b-c24d-4c8e-9baa-7385607ba7fa",
    "data": [
      {
        "text": "peux-tu ",
        "userDefined": false
      },
      {
        "text": "m",
        "meta": "@sys.ignore",
        "userDefined": true
      },
      {
        "text": "\u0027afficher ",
        "userDefined": false
      },
      {
        "text": "la",
        "meta": "@sys.ignore",
        "userDefined": true
      },
      {
        "text": " météo de ",
        "userDefined": false
      },
      {
        "text": "Paris",
        "alias": "address",
        "meta": "@sys.geo-city",
        "userDefined": true
      }
    ],
    "isTemplate": false,
    "count": 1,
    "updated": 1530825355
  },
  {
    "id": "bdc9ef08-8b0e-432d-9181-d1789930926a",
    "data": [
      {
        "text": "peux-tu ",
        "userDefined": false
      },
      {
        "text": "me",
        "meta": "@sys.ignore",
        "userDefined": true
      },
      {
        "text": " dire quel ",
        "userDefined": false
      },
      {
        "text": "temps",
        "meta": "@sys.ignore",
        "userDefined": true
      },
      {
        "text": " ",
        "userDefined": false
      },
      {
        "text": "il",
        "meta": "@sys.ignore",
        "userDefined": true
      },
      {
        "text": " fait",
        "userDefined": false
      }
    ],
    "isTemplate": false,
    "count": 0,
    "updated": 1530825355
  },
  {
    "id": "8d1bd2b3-f770-49e8-b080-890e4f0f0912",
    "data": [
      {
        "text": "météo à ",
        "userDefined": false
      },
      {
        "text": "New York",
        "alias": "address",
        "meta": "@sys.geo-city",
        "userDefined": false
      },
      {
        "text": " ",
        "userDefined": false
      },
      {
        "text": "ce matin",
        "alias": "date-time",
        "meta": "@sys.date-time",
        "userDefined": false
      }
    ],
    "isTemplate": false,
    "count": 1,
    "updated": 1530825355
  },
  {
    "id": "2b098343-ffe5-4fd3-b6ed-423108a2e6ef",
    "data": [
      {
        "text": "le temps",
        "meta": "@sys.ignore",
        "userDefined": true
      },
      {
        "text": " sur ",
        "userDefined": false
      },
      {
        "text": "Paris",
        "alias": "address",
        "meta": "@sys.geo-city",
        "userDefined": true
      }
    ],
    "isTemplate": false,
    "count": 1,
    "updated": 1530825355
  },
  {
    "id": "c0d4e534-8dff-4db9-a5ca-07158e2232e6",
    "data": [
      {
        "text": "quelle ",
        "userDefined": false
      },
      {
        "text": "est",
        "meta": "@sys.ignore",
        "userDefined": true
      },
      {
        "text": " ",
        "userDefined": false
      },
      {
        "text": "la",
        "meta": "@sys.ignore",
        "userDefined": true
      },
      {
        "text": " météo ",
        "userDefined": false
      },
      {
        "text": "s",
        "meta": "@sys.ignore",
        "userDefined": true
      },
      {
        "text": "\u0027",
        "userDefined": false
      },
      {
        "text": "il",
        "meta": "@sys.ignore",
        "userDefined": true
      },
      {
        "text": " te plaît",
        "userDefined": false
      }
    ],
    "isTemplate": false,
    "count": 0,
    "updated": 1530825355
  },
  {
    "id": "7f5969f5-4877-4cbe-ba1e-88012a007bda",
    "data": [
      {
        "text": "tu peux me montrer la météo d\u0027",
        "userDefined": false
      },
      {
        "text": "aujourd\u0027hui",
        "alias": "date-time",
        "meta": "@sys.date-time",
        "userDefined": true
      },
      {
        "text": " ici",
        "userDefined": false
      }
    ],
    "isTemplate": false,
    "count": 1,
    "updated": 1530825355
  },
  {
    "id": "73f90567-ba20-48ab-aea0-53ee8bbd9e30",
    "data": [
      {
        "text": "météo à ",
        "userDefined": false
      },
      {
        "text": "Marseille",
        "alias": "address",
        "meta": "@sys.geo-city",
        "userDefined": true
      },
      {
        "text": " pour ",
        "userDefined": false
      },
      {
        "text": "aujourd\u0027hui",
        "alias": "date-time",
        "meta": "@sys.date-time",
        "userDefined": true
      }
    ],
    "isTemplate": false,
    "count": 0,
    "updated": 1530825355
  },
  {
    "id": "fd752e3b-e9b9-4f18-a304-669d1a655b9b",
    "data": [
      {
        "text": "dis-moi",
        "meta": "@sys.ignore",
        "userDefined": true
      },
      {
        "text": " ",
        "userDefined": false
      },
      {
        "text": "la",
        "meta": "@sys.ignore",
        "userDefined": true
      },
      {
        "text": " météo",
        "userDefined": false
      }
    ],
    "isTemplate": false,
    "count": 0,
    "updated": 1530825355
  },
  {
    "id": "e9d23315-bda7-4cef-9cdf-52a7ba55de20",
    "data": [
      {
        "text": "bonjour",
        "meta": "@sys.ignore",
        "userDefined": true
      },
      {
        "text": " ",
        "userDefined": false
      },
      {
        "text": "la",
        "meta": "@sys.ignore",
        "userDefined": true
      },
      {
        "text": " meteo ",
        "userDefined": false
      },
      {
        "text": "sur",
        "meta": "@sys.ignore",
        "userDefined": true
      },
      {
        "text": " ",
        "userDefined": false
      },
      {
        "text": "Reims",
        "alias": "address",
        "meta": "@sys.geo-city",
        "userDefined": true
      },
      {
        "text": " ",
        "userDefined": false
      },
      {
        "text": "cette semaine",
        "meta": "@sys.ignore",
        "userDefined": true
      }
    ],
    "isTemplate": false,
    "count": 0,
    "updated": 1530825355
  },
  {
    "id": "da7e1fe5-a45c-4e23-a86e-c11239557a78",
    "data": [
      {
        "text": "météo ",
        "userDefined": false
      },
      {
        "text": "de",
        "meta": "@sys.ignore",
        "userDefined": true
      },
      {
        "text": " ",
        "userDefined": false
      },
      {
        "text": "Tours",
        "alias": "address",
        "meta": "@sys.geo-city",
        "userDefined": true
      }
    ],
    "isTemplate": false,
    "count": 0,
    "updated": 1530825355
  },
  {
    "id": "bf924e74-4abe-4dea-b3d6-abf9b51e8b37",
    "data": [
      {
        "text": "quelle ",
        "userDefined": false
      },
      {
        "text": "est",
        "meta": "@sys.ignore",
        "userDefined": true
      },
      {
        "text": " ",
        "userDefined": false
      },
      {
        "text": "la",
        "meta": "@sys.ignore",
        "userDefined": true
      },
      {
        "text": " météo pour ",
        "userDefined": false
      },
      {
        "text": "aujourd\u0027hui",
        "alias": "date-time",
        "meta": "@sys.date-time",
        "userDefined": true
      }
    ],
    "isTemplate": false,
    "count": 0,
    "updated": 1530825355
  },
  {
    "id": "6de7c870-5f80-4254-952e-9ec2e07a3728",
    "data": [
      {
        "text": "la",
        "meta": "@sys.ignore",
        "userDefined": true
      },
      {
        "text": " météo pour ",
        "userDefined": false
      },
      {
        "text": "Alger",
        "alias": "address",
        "meta": "@sys.geo-city",
        "userDefined": true
      },
      {
        "text": " ",
        "userDefined": false
      },
      {
        "text": "aujourd\u0027hui",
        "alias": "date-time",
        "meta": "@sys.date-time",
        "userDefined": true
      }
    ],
    "isTemplate": false,
    "count": 0,
    "updated": 1530825355
  },
  {
    "id": "c2e16809-30fe-47fd-9c74-45fc5dc1609b",
    "data": [
      {
        "text": "quelle ",
        "userDefined": false
      },
      {
        "text": "est",
        "meta": "@sys.ignore",
        "userDefined": true
      },
      {
        "text": " ",
        "userDefined": false
      },
      {
        "text": "la",
        "meta": "@sys.ignore",
        "userDefined": true
      },
      {
        "text": " météo pour ",
        "userDefined": false
      },
      {
        "text": "aujourd\u0027hui",
        "alias": "date-time",
        "meta": "@sys.date-time",
        "userDefined": true
      },
      {
        "text": " ",
        "userDefined": false
      },
      {
        "text": "sur",
        "meta": "@sys.ignore",
        "userDefined": true
      },
      {
        "text": " ",
        "userDefined": false
      },
      {
        "text": "la",
        "meta": "@sys.ignore",
        "userDefined": true
      },
      {
        "text": " ville ",
        "userDefined": false
      },
      {
        "text": "de",
        "meta": "@sys.ignore",
        "userDefined": true
      },
      {
        "text": " ",
        "userDefined": false
      },
      {
        "text": "Troyes",
        "alias": "address",
        "meta": "@sys.geo-city",
        "userDefined": true
      }
    ],
    "isTemplate": false,
    "count": 0,
    "updated": 1530825355
  },
  {
    "id": "7225c58c-79e5-4e84-8dbf-11ba83d2a40c",
    "data": [
      {
        "text": "météo ",
        "userDefined": false
      },
      {
        "text": "pour la semaine",
        "alias": "date-time",
        "meta": "@sys.date-time",
        "userDefined": true
      }
    ],
    "isTemplate": false,
    "count": 0,
    "updated": 1530825355
  },
  {
    "id": "a4c9db38-9fa5-4359-8f6a-c0cfcc7e732d",
    "data": [
      {
        "text": "tu peux ",
        "userDefined": false
      },
      {
        "text": "me",
        "meta": "@sys.ignore",
        "userDefined": true
      },
      {
        "text": " dicter ",
        "userDefined": false
      },
      {
        "text": "la",
        "meta": "@sys.ignore",
        "userDefined": true
      },
      {
        "text": " météo pour ",
        "userDefined": false
      },
      {
        "text": "demain",
        "alias": "date-time",
        "meta": "@sys.date-time",
        "userDefined": true
      }
    ],
    "isTemplate": false,
    "count": 0,
    "updated": 1530825355
  },
  {
    "id": "708499d1-1b33-48bb-92ed-06ff9cca09c3",
    "data": [
      {
        "text": "prévisions météo pour ",
        "userDefined": false
      },
      {
        "text": "Oslo",
        "alias": "address",
        "meta": "@sys.geo-city",
        "userDefined": true
      },
      {
        "text": " ",
        "userDefined": false
      },
      {
        "text": "demain",
        "alias": "date-time",
        "meta": "@sys.date-time",
        "userDefined": true
      }
    ],
    "isTemplate": false,
    "count": 0,
    "updated": 1530825355
  }
]