[
  {
    "id": "6d615d95-95ef-4e71-9e4c-04940b6b73ed",
    "data": [
      {
        "text": "и для катания на ",
        "userDefined": false
      },
      {
        "text": "коньках",
        "alias": "activity",
        "meta": "@activity",
        "userDefined": true
      }
    ],
    "isTemplate": false,
    "count": 0,
    "updated": 0
  },
  {
    "id": "41ac5766-0d92-44ed-9d7c-188ab5e7237e",
    "data": [
      {
        "text": "а для ",
        "userDefined": false
      },
      {
        "text": "пробежки",
        "alias": "activity",
        "meta": "@activity",
        "userDefined": true
      }
    ],
    "isTemplate": false,
    "count": 0,
    "updated": 0
  },
  {
    "id": "96ab3a82-6f5c-488f-ad4c-c58ad97dc500",
    "data": [
      {
        "text": "лыжи",
        "alias": "activity",
        "meta": "@activity",
        "userDefined": true
      }
    ],
    "isTemplate": false,
    "count": 0,
    "updated": 0
  },
  {
    "id": "ce6563a8-0a6d-4d5e-9fed-53f94bf1e972",
    "data": [
      {
        "text": "что насчёт ",
        "userDefined": false
      },
      {
        "text": "плавания",
        "alias": "activity",
        "meta": "@activity",
        "userDefined": true
      }
    ],
    "isTemplate": false,
    "count": 0,
    "updated": 0
  }
]