[
  {
    "id": "29671660-0c2d-4da9-99f3-f7d87ddc7bcd",
    "data": [
      {
        "text": "de",
        "meta": "@sys.ignore",
        "userDefined": false
      },
      {
        "text": " ",
        "userDefined": false
      },
      {
        "text": "la",
        "meta": "@sys.ignore",
        "userDefined": false
      },
      {
        "text": " ",
        "userDefined": false
      },
      {
        "text": "luge",
        "alias": "activity",
        "meta": "@activity",
        "userDefined": true
      },
      {
        "text": " maintenant",
        "userDefined": false
      }
    ],
    "isTemplate": false,
    "count": 0,
    "updated": 0
  },
  {
    "id": "b1bb7501-a41c-41db-bf6a-53d720d8e8de",
    "data": [
      {
        "text": "et du ",
        "userDefined": false
      },
      {
        "text": "ski",
        "alias": "activity",
        "meta": "@activity",
        "userDefined": false
      }
    ],
    "isTemplate": false,
    "count": 0,
    "updated": 0
  },
  {
    "id": "decee665-385c-4abb-8a6e-5f731d5d0c4e",
    "data": [
      {
        "text": "et",
        "meta": "@sys.ignore",
        "userDefined": false
      },
      {
        "text": " ",
        "userDefined": false
      },
      {
        "text": "faire du ski",
        "alias": "activity",
        "meta": "@activity",
        "userDefined": false
      }
    ],
    "isTemplate": false,
    "count": 0,
    "updated": 0
  },
  {
    "id": "0dda01d3-f6ce-4ba5-ae8f-28a528cfc7e9",
    "data": [
      {
        "text": "et ",
        "userDefined": false
      },
      {
        "text": "nager",
        "alias": "activity",
        "meta": "@activity",
        "userDefined": false
      }
    ],
    "isTemplate": false,
    "count": 0,
    "updated": 0
  },
  {
    "id": "625def08-5d82-4307-a7a8-7231727be5aa",
    "data": [
      {
        "text": "et pour ",
        "userDefined": false
      },
      {
        "text": "la",
        "meta": "@sys.ignore",
        "userDefined": false
      },
      {
        "text": " ",
        "userDefined": false
      },
      {
        "text": "marche",
        "alias": "activity",
        "meta": "@activity",
        "userDefined": false
      }
    ],
    "isTemplate": false,
    "count": 0,
    "updated": 0
  },
  {
    "id": "090a7292-dafc-424d-8601-84bf07edb044",
    "data": [
      {
        "text": "faire du ",
        "userDefined": false
      },
      {
        "text": "jogging",
        "alias": "activity",
        "meta": "@activity",
        "userDefined": false
      }
    ],
    "isTemplate": false,
    "count": 0,
    "updated": 0
  }
]