[
  {
    "id": "64ae2e82-7222-4bab-bdc0-21c944098e43",
    "data": [
      {
        "text": "e ",
        "userDefined": false
      },
      {
        "text": "guarda-chuva",
        "alias": "outfit",
        "meta": "@outfit",
        "userDefined": true
      }
    ],
    "isTemplate": false,
    "count": 0,
    "updated": 0
  },
  {
    "id": "1a876930-9df3-4216-950e-e5b4582f254a",
    "data": [
      {
        "text": "e meu ",
        "userDefined": false
      },
      {
        "text": "guarda-chuva",
        "alias": "outfit",
        "meta": "@outfit",
        "userDefined": true
      }
    ],
    "isTemplate": false,
    "count": 0,
    "updated": 0
  },
  {
    "id": "bca68416-1353-494b-911c-757fa58a791e",
    "data": [
      {
        "text": "e ",
        "userDefined": false
      },
      {
        "text": "óculos de sol",
        "alias": "outfit",
        "meta": "@outfit",
        "userDefined": true
      }
    ],
    "isTemplate": false,
    "count": 0,
    "updated": 0
  },
  {
    "id": "3b676023-0ef4-4485-acbb-cf6cba5f5208",
    "data": [
      {
        "text": "capa de chuva",
        "alias": "outfit",
        "meta": "@outfit",
        "userDefined": true
      }
    ],
    "isTemplate": false,
    "count": 0,
    "updated": 0
  },
  {
    "id": "28c07eb8-77ba-49a7-b3a0-c58b42a507d1",
    "data": [
      {
        "text": "e quanto à minha ",
        "userDefined": false
      },
      {
        "text": "capa de chuva",
        "alias": "outfit",
        "meta": "@outfit",
        "userDefined": true
      }
    ],
    "isTemplate": false,
    "count": 0,
    "updated": 0
  },
  {
    "id": "eba37919-254a-4286-bf6e-8ac7c10aaa85",
    "data": [
      {
        "text": "e ",
        "userDefined": false
      },
      {
        "text": "casaco de chuva",
        "alias": "outfit",
        "meta": "@outfit",
        "userDefined": true
      }
    ],
    "isTemplate": false,
    "count": 0,
    "updated": 0
  },
  {
    "id": "ffb7eafd-95f4-458e-aead-a73160fe9953",
    "data": [
      {
        "text": "e ",
        "userDefined": false
      },
      {
        "text": "capa de chuva",
        "alias": "outfit",
        "meta": "@outfit",
        "userDefined": true
      }
    ],
    "isTemplate": false,
    "count": 0,
    "updated": 0
  },
  {
    "id": "61b2f6b0-401a-4904-8525-98aeb14a5b80",
    "data": [
      {
        "text": "meu ",
        "userDefined": false
      },
      {
        "text": "casaco",
        "alias": "outfit",
        "meta": "@outfit",
        "userDefined": true
      }
    ],
    "isTemplate": false,
    "count": 0,
    "updated": 0
  }
]