[
  {
    "id": "aa8d227b-bc94-485f-b613-34a464c58db7",
    "data": [
      {
        "text": "傘",
        "alias": "outfit",
        "meta": "@outfit",
        "userDefined": true
      },
      {
        "text": "は必要になるの",
        "userDefined": false
      }
    ],
    "isTemplate": false,
    "count": 0,
    "updated": 0
  },
  {
    "id": "7cf7eca4-3bb8-494a-afdd-b6582ebc201a",
    "data": [
      {
        "text": "サングラス",
        "alias": "outfit",
        "meta": "@outfit",
        "userDefined": true
      },
      {
        "text": "は必要ですか",
        "userDefined": false
      }
    ],
    "isTemplate": false,
    "count": 0,
    "updated": 0
  },
  {
    "id": "2ade0845-8714-4ab7-bc9f-d281be5de46a",
    "data": [
      {
        "text": "明日",
        "alias": "date-time",
        "meta": "@sys.date-time",
        "userDefined": true
      },
      {
        "text": "は",
        "userDefined": false
      },
      {
        "text": "サングラス",
        "alias": "outfit",
        "meta": "@outfit",
        "userDefined": true
      },
      {
        "text": "があったほうがいい",
        "userDefined": false
      }
    ],
    "isTemplate": false,
    "count": 0,
    "updated": 0
  },
  {
    "id": "44296c37-590f-4424-909d-32c8d4fedb29",
    "data": [
      {
        "text": "サングラス",
        "alias": "outfit",
        "meta": "@outfit",
        "userDefined": true
      },
      {
        "text": "をかけたほうがいい",
        "userDefined": false
      }
    ],
    "isTemplate": false,
    "count": 0,
    "updated": 0
  },
  {
    "id": "66763873-0a41-43e3-8829-d9b9dc9fd9ad",
    "data": [
      {
        "text": "旭川市",
        "alias": "address",
        "meta": "@sys.location",
        "userDefined": true
      },
      {
        "text": "で",
        "userDefined": false
      },
      {
        "text": "手袋",
        "alias": "outfit",
        "meta": "@outfit",
        "userDefined": true
      },
      {
        "text": "はしたほうがいいですか",
        "userDefined": false
      }
    ],
    "isTemplate": false,
    "count": 0,
    "updated": 0
  },
  {
    "id": "7f940c95-bb5a-4b61-8d51-e20090358784",
    "data": [
      {
        "text": "来週の金曜日",
        "alias": "date-time",
        "meta": "@sys.date-time",
        "userDefined": false
      },
      {
        "text": "札幌",
        "alias": "address",
        "meta": "@sys.location",
        "userDefined": false
      },
      {
        "text": "で",
        "userDefined": false
      },
      {
        "text": "傘",
        "alias": "outfit",
        "meta": "@outfit",
        "userDefined": false
      },
      {
        "text": "は必要になる",
        "userDefined": false
      }
    ],
    "isTemplate": false,
    "count": 0,
    "updated": 0
  },
  {
    "id": "a5b71355-7893-4b8e-a189-d62b6511d5d4",
    "data": [
      {
        "text": "東京",
        "alias": "address",
        "meta": "@sys.location",
        "userDefined": true
      },
      {
        "text": "で",
        "userDefined": false
      },
      {
        "text": "傘",
        "alias": "outfit",
        "meta": "@outfit",
        "userDefined": true
      },
      {
        "text": "は必要なの",
        "userDefined": false
      }
    ],
    "isTemplate": false,
    "count": 1,
    "updated": 0
  },
  {
    "id": "405870d9-5843-4fee-b851-28ee96b24156",
    "data": [
      {
        "text": "明日",
        "alias": "date-time",
        "meta": "@sys.date-time",
        "userDefined": true
      },
      {
        "text": "コート",
        "alias": "outfit",
        "meta": "@outfit",
        "userDefined": true
      },
      {
        "text": "は必要になりますか",
        "userDefined": false
      }
    ],
    "isTemplate": false,
    "count": 0,
    "updated": 0
  },
  {
    "id": "b3201e0e-ea86-41ee-9482-72b2030dc1ff",
    "data": [
      {
        "text": "上着",
        "alias": "outfit",
        "meta": "@outfit",
        "userDefined": true
      },
      {
        "text": "があったほうがいいかなあ",
        "userDefined": false
      }
    ],
    "isTemplate": false,
    "count": 0,
    "updated": 0
  },
  {
    "id": "c926f134-a899-4f5b-a29f-9fe94108dfbf",
    "data": [
      {
        "text": "今日",
        "alias": "date-time",
        "meta": "@sys.date-time",
        "userDefined": true
      },
      {
        "text": "は",
        "userDefined": false
      },
      {
        "text": "上着",
        "alias": "outfit",
        "meta": "@outfit",
        "userDefined": true
      },
      {
        "text": "を着たほうがいい",
        "userDefined": false
      }
    ],
    "isTemplate": false,
    "count": 0,
    "updated": 0
  },
  {
    "id": "ead88602-0787-4dcb-a460-e0be020cb082",
    "data": [
      {
        "text": "今週末",
        "alias": "date-time",
        "meta": "@sys.date-time",
        "userDefined": true
      },
      {
        "text": "は",
        "userDefined": false
      },
      {
        "text": "傘",
        "alias": "outfit",
        "meta": "@outfit",
        "userDefined": true
      },
      {
        "text": "が必要になりますか",
        "userDefined": false
      }
    ],
    "isTemplate": false,
    "count": 0,
    "updated": 0
  }
]