[
  {
    "id": "39bd81ca-6b01-4ca1-88d6-1026a57589b2",
    "data": [
      {
        "text": "vai ",
        "userDefined": false
      },
      {
        "text": "nevar",
        "alias": "condition",
        "meta": "@weather-condition",
        "userDefined": true
      }
    ],
    "isTemplate": false,
    "count": 0,
    "updated": 0
  },
  {
    "id": "32b0f413-b3b9-4aa6-8678-5800557beaf2",
    "data": [
      {
        "text": "e ",
        "userDefined": false
      },
      {
        "text": "chover",
        "alias": "condition",
        "meta": "@weather-condition",
        "userDefined": true
      }
    ],
    "isTemplate": false,
    "count": 0,
    "updated": 0
  }
]