[
  {
    "id": "b15919e6-1016-442b-a23b-89b69a991eaa",
    "data": [
      {
        "text": "und für ",
        "userDefined": false
      },
      {
        "text": "nächste Woche",
        "alias": "date-time",
        "meta": "@sys.date-time",
        "userDefined": false
      }
    ],
    "isTemplate": false,
    "count": 0,
    "updated": 0
  },
  {
    "id": "2faea785-c749-4f53-bca4-55b24610caab",
    "data": [
      {
        "text": "und ",
        "userDefined": false
      },
      {
        "text": "nächste Woche",
        "alias": "date-time",
        "meta": "@sys.date-time",
        "userDefined": false
      }
    ],
    "isTemplate": false,
    "count": 0,
    "updated": 0
  },
  {
    "id": "f06be5f7-d686-4e76-8c2d-cc98b0b4b3e6",
    "data": [
      {
        "text": "und an diesem ",
        "userDefined": false
      },
      {
        "text": "Wochenende",
        "alias": "date-time",
        "meta": "@sys.date-time",
        "userDefined": true
      }
    ],
    "isTemplate": false,
    "count": 0,
    "updated": 0
  },
  {
    "id": "62176079-d18f-4210-905f-289cb0b7a9bb",
    "data": [
      {
        "text": "und ",
        "userDefined": false
      },
      {
        "text": "übermorgen",
        "alias": "date-time",
        "meta": "@sys.date-time",
        "userDefined": false
      }
    ],
    "isTemplate": false,
    "count": 0,
    "updated": 0
  },
  {
    "id": "58c36b27-3a44-4184-acbf-74d040b2dbc5",
    "data": [
      {
        "text": "und ",
        "userDefined": false
      },
      {
        "text": "morgen",
        "alias": "date-time",
        "meta": "@sys.date-time",
        "userDefined": false
      }
    ],
    "isTemplate": false,
    "count": 0,
    "updated": 0
  },
  {
    "id": "bd3c9250-d4dc-4590-8e36-1c167856da08",
    "data": [
      {
        "text": "heute Abend",
        "alias": "date-time",
        "meta": "@sys.date-time",
        "userDefined": false
      }
    ],
    "isTemplate": false,
    "count": 0,
    "updated": 0
  },
  {
    "id": "71fa24e5-629a-4167-8d0e-5fe004ef970f",
    "data": [
      {
        "text": "und auch ",
        "userDefined": false
      },
      {
        "text": "morgen",
        "alias": "date-time",
        "meta": "@sys.date-time",
        "userDefined": false
      }
    ],
    "isTemplate": false,
    "count": 0,
    "updated": 0
  },
  {
    "id": "c055d2e5-045d-46c3-9890-9c88e23f8c31",
    "data": [
      {
        "text": "und auch für ",
        "userDefined": false
      },
      {
        "text": "morgen",
        "alias": "date-time",
        "meta": "@sys.date-time",
        "userDefined": false
      }
    ],
    "isTemplate": false,
    "count": 0,
    "updated": 0
  },
  {
    "id": "20584b20-d99c-429a-87df-4256ef9b5775",
    "data": [
      {
        "text": "und",
        "meta": "@sys.ignore",
        "userDefined": false
      },
      {
        "text": " für ",
        "userDefined": false
      },
      {
        "text": "morgen",
        "alias": "date-time",
        "meta": "@sys.date-time",
        "userDefined": false
      }
    ],
    "isTemplate": false,
    "count": 0,
    "updated": 0
  }
]