[
  {
    "id": "a2ca1638-3d83-4fc4-b843-1cc48463dc5d",
    "data": [
      {
        "text": "怎么能穿",
        "userDefined": false
      },
      {
        "text": "围巾",
        "alias": "outfit",
        "meta": "@outfit",
        "userDefined": false
      }
    ],
    "isTemplate": false,
    "count": 0,
    "updated": 0
  },
  {
    "id": "868c88b6-af55-49e5-bee7-343c678acf63",
    "data": [
      {
        "text": "会不会穿",
        "userDefined": false
      },
      {
        "text": "雨裤",
        "alias": "outfit",
        "meta": "@outfit",
        "userDefined": false
      }
    ],
    "isTemplate": false,
    "count": 0,
    "updated": 0
  },
  {
    "id": "3814388e-e207-4258-ba77-5bd73a7454dc",
    "data": [
      {
        "text": "关",
        "meta": "@sys.ignore",
        "userDefined": false
      },
      {
        "text": "于",
        "userDefined": false
      },
      {
        "text": "雨衣",
        "alias": "outfit",
        "meta": "@outfit",
        "userDefined": false
      }
    ],
    "isTemplate": false,
    "count": 0,
    "updated": 0
  },
  {
    "id": "e0a82560-b9f3-4039-a141-7748e40d19ae",
    "data": [
      {
        "text": "我还要穿",
        "userDefined": false
      },
      {
        "text": "毛衣",
        "alias": "outfit",
        "meta": "@outfit",
        "userDefined": false
      }
    ],
    "isTemplate": false,
    "count": 0,
    "updated": 0
  },
  {
    "id": "30f990d5-8f50-4b91-bd5d-88c0ecc6e25b",
    "data": [
      {
        "text": "雨衣",
        "alias": "outfit",
        "meta": "@outfit",
        "userDefined": false
      }
    ],
    "isTemplate": false,
    "count": 0,
    "updated": 0
  },
  {
    "id": "8b3bfe8f-b630-47ab-849e-1e4eabc6bd15",
    "data": [
      {
        "text": "我还很想穿",
        "userDefined": false
      },
      {
        "text": "毛线帽",
        "alias": "outfit",
        "meta": "@outfit",
        "userDefined": false
      }
    ],
    "isTemplate": false,
    "count": 0,
    "updated": 0
  },
  {
    "id": "5d9142f1-4db1-42c0-a4df-ebb8e30b6b6e",
    "data": [
      {
        "text": "现在要穿",
        "userDefined": false
      },
      {
        "text": "夹克",
        "alias": "outfit",
        "meta": "@outfit",
        "userDefined": false
      },
      {
        "text": "吗",
        "userDefined": false
      }
    ],
    "isTemplate": false,
    "count": 0,
    "updated": 0
  },
  {
    "id": "d1d758f7-883a-4cbc-bce7-fac1d8307530",
    "data": [
      {
        "text": "关于",
        "userDefined": false
      },
      {
        "text": "胶皮靴",
        "alias": "outfit",
        "meta": "@outfit",
        "userDefined": false
      }
    ],
    "isTemplate": false,
    "count": 0,
    "updated": 0
  },
  {
    "id": "51ebdb1c-c1a7-4bf9-8810-ef39f7af530b",
    "data": [
      {
        "text": "还能不能穿",
        "userDefined": false
      },
      {
        "text": "防晒霜",
        "alias": "outfit",
        "meta": "@outfit",
        "userDefined": false
      }
    ],
    "isTemplate": false,
    "count": 1,
    "updated": 0
  },
  {
    "id": "d156112f-c10d-469c-ac59-449de42769c4",
    "data": [
      {
        "text": "还需要带",
        "userDefined": false
      },
      {
        "text": "雨伞",
        "alias": "outfit",
        "meta": "@outfit",
        "userDefined": false
      },
      {
        "text": "吗",
        "userDefined": false
      }
    ],
    "isTemplate": false,
    "count": 0,
    "updated": 0
  },
  {
    "id": "0e32e637-ba96-44ee-aa6e-2e2bb8785dcf",
    "data": [
      {
        "text": "能不能穿",
        "userDefined": false
      },
      {
        "text": "墨镜",
        "alias": "outfit",
        "meta": "@outfit",
        "userDefined": false
      }
    ],
    "isTemplate": false,
    "count": 0,
    "updated": 0
  },
  {
    "id": "ee1b6bdd-01eb-4f67-bb48-a48219df17bf",
    "data": [
      {
        "text": "还要穿",
        "userDefined": false
      },
      {
        "text": "手套",
        "alias": "outfit",
        "meta": "@outfit",
        "userDefined": false
      }
    ],
    "isTemplate": false,
    "count": 0,
    "updated": 0
  }
]