[
  {
    "id": "7d1089c6-186b-4ab8-b017-cf3ddfcf2acc",
    "data": [
      {
        "text": "じゃあ",
        "userDefined": false
      },
      {
        "text": "雨",
        "alias": "weather-condition",
        "meta": "@weather-condition",
        "userDefined": true
      },
      {
        "text": "は",
        "userDefined": false
      }
    ],
    "isTemplate": false,
    "count": 0,
    "updated": 0
  },
  {
    "id": "7c8059d5-ada9-4161-8395-0420b63dc61a",
    "data": [
      {
        "text": "雪",
        "alias": "weather-condition",
        "meta": "@weather-condition",
        "userDefined": true
      },
      {
        "text": "はどう",
        "userDefined": false
      }
    ],
    "isTemplate": false,
    "count": 0,
    "updated": 0
  }
]