[
  {
    "id": "158212e1-ec54-4bcf-bb16-1b7f2f203072",
    "data": [
      {
        "text": "y en cuanto a ",
        "userDefined": false
      },
      {
        "text": "esquiar",
        "alias": "activity",
        "meta": "@activity",
        "userDefined": true
      }
    ],
    "isTemplate": false,
    "count": 0,
    "updated": 0
  },
  {
    "id": "2206ab4d-f22d-48a4-a6f6-a8c2f72d5f43",
    "data": [
      {
        "text": "y a ",
        "userDefined": false
      },
      {
        "text": "patinar",
        "alias": "activity",
        "meta": "@activity",
        "userDefined": true
      }
    ],
    "isTemplate": false,
    "count": 0,
    "updated": 0
  },
  {
    "id": "a2766e1d-fedb-4ef1-865b-e303021976c5",
    "data": [
      {
        "text": "y ",
        "userDefined": false
      },
      {
        "text": "para",
        "meta": "@sys.ignore",
        "userDefined": true
      },
      {
        "text": " ",
        "userDefined": false
      },
      {
        "text": "acampar",
        "alias": "activity",
        "meta": "@activity",
        "userDefined": true
      }
    ],
    "isTemplate": false,
    "count": 0,
    "updated": 0
  }
]