[
  {
    "id": "a0cb14c6-6a28-44ea-807d-f7acafda651b",
    "data": [
      {
        "text": "сколько градусов будет ",
        "userDefined": false
      },
      {
        "text": "завтра",
        "alias": "date-time",
        "meta": "@sys.date-time",
        "userDefined": true
      },
      {
        "text": " в ",
        "userDefined": false
      },
      {
        "text": "Ялте",
        "alias": "address",
        "meta": "@sys.location",
        "userDefined": true
      }
    ],
    "isTemplate": false,
    "count": 0,
    "updated": 0
  },
  {
    "id": "d2f8197e-f049-4775-beb1-f582577ff790",
    "data": [
      {
        "text": "холодно",
        "alias": "temperature",
        "meta": "@temperature",
        "userDefined": true
      },
      {
        "text": " ли в ",
        "userDefined": false
      },
      {
        "text": "Ярославле",
        "alias": "address",
        "meta": "@sys.location",
        "userDefined": true
      }
    ],
    "isTemplate": false,
    "count": 0,
    "updated": 0
  },
  {
    "id": "c4a9a351-df9a-40b1-9dfd-4e2284b895d2",
    "data": [
      {
        "text": "насколько ",
        "userDefined": false
      },
      {
        "text": "холодно",
        "alias": "temperature",
        "meta": "@temperature",
        "userDefined": true
      }
    ],
    "isTemplate": false,
    "count": 0,
    "updated": 0
  },
  {
    "id": "9d6b4926-1dec-459e-bf2c-18d118b04100",
    "data": [
      {
        "text": "я хотел бы знать температуру в ",
        "userDefined": false
      },
      {
        "text": "Лондоне",
        "alias": "address",
        "meta": "@sys.location",
        "userDefined": true
      }
    ],
    "isTemplate": false,
    "count": 0,
    "updated": 0
  },
  {
    "id": "69828075-640f-4e4b-957f-360d9539ddb2",
    "data": [
      {
        "text": "температура",
        "meta": "@sys.ignore",
        "userDefined": true
      }
    ],
    "isTemplate": false,
    "count": 1,
    "updated": 0
  },
  {
    "id": "093bba16-0e8d-43a9-9a17-6ae327559d35",
    "data": [
      {
        "text": "температура в ",
        "userDefined": false
      },
      {
        "text": "Москве",
        "alias": "address",
        "meta": "@sys.location",
        "userDefined": true
      }
    ],
    "isTemplate": false,
    "count": 0,
    "updated": 0
  },
  {
    "id": "a6077e55-3a51-4b8d-9777-1496760492c9",
    "data": [
      {
        "text": "какая ",
        "userDefined": false
      },
      {
        "text": "завтра",
        "alias": "date-time",
        "meta": "@sys.date-time",
        "userDefined": true
      },
      {
        "text": " будет температура",
        "userDefined": false
      }
    ],
    "isTemplate": false,
    "count": 2,
    "updated": 0
  },
  {
    "id": "c85eefd3-5868-40da-a0a3-2bf9566caa1e",
    "data": [
      {
        "text": "тепло",
        "alias": "temperature",
        "meta": "@temperature",
        "userDefined": true
      },
      {
        "text": " ли в ",
        "userDefined": false
      },
      {
        "text": "Амстердаме",
        "alias": "address",
        "meta": "@sys.location",
        "userDefined": true
      }
    ],
    "isTemplate": false,
    "count": 0,
    "updated": 0
  },
  {
    "id": "411445e3-406f-4bf4-a4cc-15339cca7ff4",
    "data": [
      {
        "text": "прохладно на улице да",
        "userDefined": false
      }
    ],
    "isTemplate": false,
    "count": 0,
    "updated": 0
  },
  {
    "id": "2d91be65-0ca0-4eae-91ab-1c745013efb4",
    "data": [
      {
        "text": "сегодня",
        "alias": "date-time",
        "meta": "@sys.date-time",
        "userDefined": true
      },
      {
        "text": " ",
        "userDefined": false
      },
      {
        "text": "жарко",
        "alias": "temperature",
        "meta": "@temperature",
        "userDefined": true
      }
    ],
    "isTemplate": false,
    "count": 0,
    "updated": 0
  },
  {
    "id": "64c3aa53-53f2-4d7c-8381-b43655fe868d",
    "data": [
      {
        "text": "проверь температуру в ",
        "userDefined": false
      },
      {
        "text": "Берлине",
        "alias": "address",
        "meta": "@sys.location",
        "userDefined": true
      }
    ],
    "isTemplate": false,
    "count": 0,
    "updated": 0
  },
  {
    "id": "0ae5721d-ae2a-48d9-b951-4412f459c87c",
    "data": [
      {
        "text": "покажи температуру в ",
        "userDefined": false
      },
      {
        "text": "Перми",
        "alias": "address",
        "meta": "@sys.location",
        "userDefined": true
      },
      {
        "text": " по ",
        "userDefined": false
      },
      {
        "text": "Цельсию",
        "alias": "unit",
        "meta": "@unit-temperature",
        "userDefined": true
      }
    ],
    "isTemplate": false,
    "count": 1,
    "updated": 0
  },
  {
    "id": "e16e75cf-6df1-4c91-b510-2c2f71ab95eb",
    "data": [
      {
        "text": "насколько ",
        "userDefined": false
      },
      {
        "text": "холодно",
        "alias": "temperature",
        "meta": "@temperature",
        "userDefined": true
      },
      {
        "text": " будет в ",
        "userDefined": false
      },
      {
        "text": "это воскресенье",
        "alias": "date-time",
        "meta": "@sys.date-time",
        "userDefined": true
      },
      {
        "text": " в ",
        "userDefined": false
      },
      {
        "text": "Лондоне",
        "alias": "address",
        "meta": "@sys.location",
        "userDefined": true
      }
    ],
    "isTemplate": false,
    "count": 1,
    "updated": 0
  },
  {
    "id": "d07a11f7-1440-44cc-838a-1f297ba82c53",
    "data": [
      {
        "text": "что за температура снаружи",
        "userDefined": false
      }
    ],
    "isTemplate": false,
    "count": 2,
    "updated": 0
  },
  {
    "id": "d5281079-37bb-47b2-ad85-9728a5bf7209",
    "data": [
      {
        "text": "покажи мне температуру",
        "userDefined": false
      }
    ],
    "isTemplate": false,
    "count": 0,
    "updated": 0
  },
  {
    "id": "d6817986-ec14-4f6b-8c8e-33b0bec24a3d",
    "data": [
      {
        "text": "покажи мне текущую температуру в ",
        "userDefined": false
      },
      {
        "text": "Цельсиях",
        "alias": "unit",
        "meta": "@unit-temperature",
        "userDefined": true
      }
    ],
    "isTemplate": false,
    "count": 0,
    "updated": 0
  },
  {
    "id": "d83b0505-4ab5-4a37-919f-e102b83a65a4",
    "data": [
      {
        "text": "проверь температуру",
        "userDefined": false
      }
    ],
    "isTemplate": false,
    "count": 0,
    "updated": 0
  },
  {
    "id": "1a1c7484-e673-43bf-aaaa-efc7bcf684ff",
    "data": [
      {
        "text": "покажи температуру в ",
        "userDefined": false
      },
      {
        "text": "Париже",
        "alias": "address",
        "meta": "@sys.location",
        "userDefined": true
      }
    ],
    "isTemplate": false,
    "count": 0,
    "updated": 0
  },
  {
    "id": "f72f4ff9-bf36-48a2-8ba9-5009b9cdcb8d",
    "data": [
      {
        "text": "как ",
        "userDefined": false
      },
      {
        "text": "холодно",
        "alias": "temperature",
        "meta": "@temperature",
        "userDefined": true
      }
    ],
    "isTemplate": false,
    "count": 0,
    "updated": 0
  },
  {
    "id": "e0f890fc-07a7-47ed-b564-b2e8d0b1f96a",
    "data": [
      {
        "text": "жарко",
        "alias": "temperature",
        "meta": "@temperature",
        "userDefined": true
      },
      {
        "text": " ли в ",
        "userDefined": false
      },
      {
        "text": "Токио",
        "alias": "address",
        "meta": "@sys.location",
        "userDefined": true
      }
    ],
    "isTemplate": false,
    "count": 0,
    "updated": 0
  },
  {
    "id": "b1bd226e-b189-4d29-a151-f8e869a0ba97",
    "data": [
      {
        "text": "на улице сейчас ",
        "userDefined": false
      },
      {
        "text": "холодно",
        "alias": "temperature",
        "meta": "@temperature",
        "userDefined": true
      }
    ],
    "isTemplate": false,
    "count": 0,
    "updated": 0
  },
  {
    "id": "19961fe5-c8af-4dd1-8c1b-061f95ba0abb",
    "data": [
      {
        "text": "какая температура ожидается в ",
        "userDefined": false
      },
      {
        "text": "Москве",
        "alias": "address",
        "meta": "@sys.location",
        "userDefined": true
      }
    ],
    "isTemplate": false,
    "count": 0,
    "updated": 0
  },
  {
    "id": "d79575f9-6fdf-44cd-b0a0-b931897e9336",
    "data": [
      {
        "text": "жарко",
        "alias": "temperature",
        "meta": "@temperature",
        "userDefined": true
      }
    ],
    "isTemplate": false,
    "count": 0,
    "updated": 0
  },
  {
    "id": "d0175a78-4b21-4c54-a3fc-4c160cfe21e6",
    "data": [
      {
        "text": "сколько градусов в ",
        "userDefined": false
      },
      {
        "text": "Мадриде",
        "alias": "address",
        "meta": "@sys.location",
        "userDefined": true
      }
    ],
    "isTemplate": false,
    "count": 0,
    "updated": 0
  },
  {
    "id": "7d179d72-1117-4e78-b855-01d84b91b775",
    "data": [
      {
        "text": "скажи ",
        "userDefined": false
      },
      {
        "text": "холодно",
        "alias": "temperature",
        "meta": "@temperature",
        "userDefined": true
      },
      {
        "text": " ли в ",
        "userDefined": false
      },
      {
        "text": "Осло",
        "alias": "address",
        "meta": "@sys.location",
        "userDefined": true
      }
    ],
    "isTemplate": false,
    "count": 0,
    "updated": 0
  },
  {
    "id": "662842d0-5dd0-41b4-8194-483a43d1557b",
    "data": [
      {
        "text": "температура в ",
        "userDefined": false
      },
      {
        "text": "Бангкоке",
        "alias": "address",
        "meta": "@sys.location",
        "userDefined": true
      }
    ],
    "isTemplate": false,
    "count": 1,
    "updated": 0
  },
  {
    "id": "c91b4224-b7e2-40d9-bf13-9511c31a0e08",
    "data": [
      {
        "text": "жарко",
        "alias": "temperature",
        "meta": "@temperature",
        "userDefined": true
      },
      {
        "text": " ли в ",
        "userDefined": false
      },
      {
        "text": "Риге",
        "alias": "address",
        "meta": "@sys.location",
        "userDefined": true
      }
    ],
    "isTemplate": false,
    "count": 0,
    "updated": 0
  },
  {
    "id": "7ee32ce6-76c0-4db3-b4e2-b379c5b21667",
    "data": [
      {
        "text": "температура в ",
        "userDefined": false
      },
      {
        "text": "Москве",
        "alias": "address",
        "meta": "@sys.location",
        "userDefined": true
      },
      {
        "text": " в ",
        "userDefined": false
      },
      {
        "text": "Цельсиях",
        "alias": "unit",
        "meta": "@unit-temperature",
        "userDefined": true
      }
    ],
    "isTemplate": false,
    "count": 0,
    "updated": 0
  },
  {
    "id": "12e636f0-d7c9-4ac8-b57c-8eb5c3c6e7ec",
    "data": [
      {
        "text": "я хотел бы знать сколько сейчас градусов",
        "userDefined": false
      }
    ],
    "isTemplate": false,
    "count": 0,
    "updated": 0
  },
  {
    "id": "48daa6fa-d106-4396-b67a-7073498b3ce8",
    "data": [
      {
        "text": "скажи ",
        "userDefined": false
      },
      {
        "text": "холодно",
        "alias": "temperature",
        "meta": "@temperature",
        "userDefined": true
      },
      {
        "text": " ли на улице",
        "userDefined": false
      }
    ],
    "isTemplate": false,
    "count": 0,
    "updated": 0
  },
  {
    "id": "91b19ec1-556b-4a8e-a895-50a97ef36b15",
    "data": [
      {
        "text": "хорошо ",
        "userDefined": false
      },
      {
        "text": "холодно",
        "alias": "temperature",
        "meta": "@temperature",
        "userDefined": true
      },
      {
        "text": " ли в ",
        "userDefined": false
      },
      {
        "text": "Санкт-Петербурге",
        "alias": "address",
        "meta": "@sys.location",
        "userDefined": true
      }
    ],
    "isTemplate": false,
    "count": 0,
    "updated": 0
  },
  {
    "id": "a571d212-9099-4f9f-bfa9-7395c1978404",
    "data": [
      {
        "text": "сегодняшняя",
        "alias": "date-time",
        "meta": "@sys.date-time",
        "userDefined": true
      },
      {
        "text": " температура",
        "userDefined": false
      }
    ],
    "isTemplate": false,
    "count": 0,
    "updated": 0
  },
  {
    "id": "99c14d18-9d5c-4733-9ffa-a91b52cb4f21",
    "data": [
      {
        "text": "температура ",
        "userDefined": false
      },
      {
        "text": "сегодня вечером",
        "alias": "date-time",
        "meta": "@sys.date-time",
        "userDefined": true
      }
    ],
    "isTemplate": false,
    "count": 0,
    "updated": 0
  },
  {
    "id": "c1670c31-1f8f-4a0d-afe2-c532942ef900",
    "data": [
      {
        "text": "будет ли ",
        "userDefined": false
      },
      {
        "text": "тепло",
        "alias": "temperature",
        "meta": "@temperature",
        "userDefined": true
      },
      {
        "text": " во ",
        "userDefined": false
      },
      {
        "text": "вторник",
        "alias": "date-time",
        "meta": "@sys.date-time",
        "userDefined": true
      }
    ],
    "isTemplate": false,
    "count": 0,
    "updated": 0
  },
  {
    "id": "c944d003-f0de-4f88-bce3-f477e6d68926",
    "data": [
      {
        "text": "температура в ",
        "userDefined": false
      },
      {
        "text": "Екатеринбурге",
        "alias": "address",
        "meta": "@sys.location",
        "userDefined": true
      },
      {
        "text": " на ",
        "userDefined": false
      },
      {
        "text": "следующей неделе",
        "alias": "date-time",
        "meta": "@sys.date-time",
        "userDefined": true
      }
    ],
    "isTemplate": false,
    "count": 0,
    "updated": 0
  },
  {
    "id": "53dcb937-a023-4c74-97e2-884deef86306",
    "data": [
      {
        "text": "прохладно",
        "alias": "temperature",
        "meta": "@temperature",
        "userDefined": true
      },
      {
        "text": " ли в ",
        "userDefined": false
      },
      {
        "text": "Новосибирске",
        "alias": "address",
        "meta": "@sys.location",
        "userDefined": true
      }
    ],
    "isTemplate": false,
    "count": 0,
    "updated": 0
  },
  {
    "id": "d7c6c97a-e43c-487b-804e-b9d3a6792704",
    "data": [
      {
        "text": "какой температура будет в ",
        "userDefined": false
      },
      {
        "text": "понедельник",
        "alias": "date-time",
        "meta": "@sys.date-time",
        "userDefined": true
      }
    ],
    "isTemplate": false,
    "count": 0,
    "updated": 0
  },
  {
    "id": "a82232a6-9c60-4f3f-9bb1-cf3afca6f026",
    "data": [
      {
        "text": "хочу знать сколько градусов будет ",
        "userDefined": false
      },
      {
        "text": "14 июня",
        "alias": "date-time",
        "meta": "@sys.date-time",
        "userDefined": true
      }
    ],
    "isTemplate": false,
    "count": 0,
    "updated": 0
  },
  {
    "id": "3f206aa0-d922-40bc-9581-7d99e95461cd",
    "data": [
      {
        "text": "насколько ",
        "userDefined": false
      },
      {
        "text": "холодно",
        "alias": "temperature",
        "meta": "@temperature",
        "userDefined": true
      },
      {
        "text": " в ",
        "userDefined": false
      },
      {
        "text": "Чикаго",
        "alias": "address",
        "meta": "@sys.location",
        "userDefined": true
      }
    ],
    "isTemplate": false,
    "count": 0,
    "updated": 0
  },
  {
    "id": "ba85a0b8-83f3-4421-a215-58224c5a8fe4",
    "data": [
      {
        "text": "какая температура ожидается на ",
        "userDefined": false
      },
      {
        "text": "этой неделе",
        "alias": "date-time",
        "meta": "@sys.date-time",
        "userDefined": true
      }
    ],
    "isTemplate": false,
    "count": 0,
    "updated": 0
  },
  {
    "id": "cddb4162-707a-436f-b743-69719678e9f9",
    "data": [
      {
        "text": "покажи температуру ",
        "userDefined": false
      },
      {
        "text": "на этой неделе",
        "alias": "date-time",
        "meta": "@sys.date-time",
        "userDefined": true
      }
    ],
    "isTemplate": false,
    "count": 0,
    "updated": 0
  },
  {
    "id": "10891d20-4b5c-4e88-bca9-261c81d2ca9d",
    "data": [
      {
        "text": "завтра",
        "alias": "date-time",
        "meta": "@sys.date-time",
        "userDefined": true
      },
      {
        "text": " будет ",
        "userDefined": false
      },
      {
        "text": "прохладно",
        "alias": "temperature",
        "meta": "@temperature",
        "userDefined": true
      },
      {
        "text": " не так ли",
        "userDefined": false
      }
    ],
    "isTemplate": false,
    "count": 0,
    "updated": 0
  },
  {
    "id": "b8fd6b3e-3f6d-45cb-848a-0944d39d128e",
    "data": [
      {
        "text": "проверь температуру на ",
        "userDefined": false
      },
      {
        "text": "следующую пятницу",
        "alias": "date-time",
        "meta": "@sys.date-time",
        "userDefined": true
      }
    ],
    "isTemplate": false,
    "count": 0,
    "updated": 0
  },
  {
    "id": "27811644-85b3-4f00-8a70-538a1502dd62",
    "data": [
      {
        "text": "сегодняшняя",
        "alias": "date-time",
        "meta": "@sys.date-time",
        "userDefined": true
      },
      {
        "text": " температура в ",
        "userDefined": false
      },
      {
        "text": "Барселоне",
        "alias": "address",
        "meta": "@sys.location",
        "userDefined": true
      }
    ],
    "isTemplate": false,
    "count": 0,
    "updated": 0
  },
  {
    "id": "e65a9471-e30b-4c99-acf7-691ed8f46017",
    "data": [
      {
        "text": "что за температура будет в ",
        "userDefined": false
      },
      {
        "text": "Мюнхене",
        "alias": "address",
        "meta": "@sys.location",
        "userDefined": true
      },
      {
        "text": " в ",
        "userDefined": false
      },
      {
        "text": "понедельник",
        "alias": "date-time",
        "meta": "@sys.date-time",
        "userDefined": true
      }
    ],
    "isTemplate": false,
    "count": 0,
    "updated": 0
  },
  {
    "id": "3398a653-7ed2-488f-ab8c-b930d455e8a2",
    "data": [
      {
        "text": "покажи мне температуру ",
        "userDefined": false
      },
      {
        "text": "на этой неделе",
        "alias": "date-time",
        "meta": "@sys.date-time",
        "userDefined": true
      },
      {
        "text": " в ",
        "userDefined": false
      },
      {
        "text": "Нижнем Новгороде",
        "alias": "address",
        "meta": "@sys.location",
        "userDefined": true
      }
    ],
    "isTemplate": false,
    "count": 0,
    "updated": 0
  },
  {
    "id": "745c6b6e-c5cf-4bb0-8c31-8d30ee6046be",
    "data": [
      {
        "text": "будет ли ",
        "userDefined": false
      },
      {
        "text": "завтра",
        "alias": "date-time",
        "meta": "@sys.date-time",
        "userDefined": true
      },
      {
        "text": " ",
        "userDefined": false
      },
      {
        "text": "холодно",
        "alias": "temperature",
        "meta": "@temperature",
        "userDefined": true
      },
      {
        "text": " в ",
        "userDefined": false
      },
      {
        "text": "Дрездене",
        "alias": "address",
        "meta": "@sys.location",
        "userDefined": true
      }
    ],
    "isTemplate": false,
    "count": 0,
    "updated": 0
  },
  {
    "id": "235352df-55fa-404e-b4c4-1f8adef73ef3",
    "data": [
      {
        "text": "проверь температуру на ",
        "userDefined": false
      },
      {
        "text": "следующей неделе",
        "alias": "date-time",
        "meta": "@sys.date-time",
        "userDefined": true
      },
      {
        "text": " в ",
        "userDefined": false
      },
      {
        "text": "Будапеште",
        "alias": "address",
        "meta": "@sys.location",
        "userDefined": true
      }
    ],
    "isTemplate": false,
    "count": 0,
    "updated": 0
  },
  {
    "id": "c44821ac-8f4d-45e7-bacb-7ef24d98d602",
    "data": [
      {
        "text": "я хотел бы знать температуру в ",
        "userDefined": false
      },
      {
        "text": "Самаре",
        "alias": "address",
        "meta": "@sys.location",
        "userDefined": true
      },
      {
        "text": " ",
        "userDefined": false
      },
      {
        "text": "22 июля",
        "alias": "date-time",
        "meta": "@sys.date-time",
        "userDefined": true
      }
    ],
    "isTemplate": false,
    "count": 0,
    "updated": 0
  },
  {
    "id": "f5ddffb3-31eb-4682-8b87-55719459cedc",
    "data": [
      {
        "text": "скажи будет ли ",
        "userDefined": false
      },
      {
        "text": "жарко",
        "alias": "temperature",
        "meta": "@temperature",
        "userDefined": true
      },
      {
        "text": " на ",
        "userDefined": false
      },
      {
        "text": "следующей неделе",
        "alias": "date-time",
        "meta": "@sys.date-time",
        "userDefined": true
      },
      {
        "text": " на ",
        "userDefined": false
      },
      {
        "text": "Ибице",
        "alias": "address",
        "meta": "@sys.location",
        "userDefined": true
      }
    ],
    "isTemplate": false,
    "count": 0,
    "updated": 0
  }
]