[
  {
    "id": "6038f2ad-6da8-43e3-abf2-62cee20b839f",
    "data": [
      {
        "text": "コート",
        "alias": "outfit",
        "meta": "@outfit",
        "userDefined": true
      },
      {
        "text": "は",
        "userDefined": false
      }
    ],
    "isTemplate": false,
    "count": 0,
    "updated": 0
  },
  {
    "id": "f397cb05-4685-4e11-b2f8-dac65c695809",
    "data": [
      {
        "text": "スカーフ",
        "alias": "outfit",
        "meta": "@outfit",
        "userDefined": true
      },
      {
        "text": "はどう",
        "userDefined": false
      }
    ],
    "isTemplate": false,
    "count": 0,
    "updated": 0
  },
  {
    "id": "82a37e8e-078e-4d8c-9da0-983de89e2ddc",
    "data": [
      {
        "text": "では私の",
        "userDefined": false
      },
      {
        "text": "傘",
        "alias": "outfit",
        "meta": "@outfit",
        "userDefined": true
      },
      {
        "text": "は",
        "userDefined": false
      }
    ],
    "isTemplate": false,
    "count": 0,
    "updated": 0
  },
  {
    "id": "b3b2ec31-3931-4d75-b05f-576cf171bc1a",
    "data": [
      {
        "text": "レインコート",
        "alias": "outfit",
        "meta": "@outfit",
        "userDefined": true
      },
      {
        "text": "についてはどう",
        "userDefined": false
      }
    ],
    "isTemplate": false,
    "count": 0,
    "updated": 0
  },
  {
    "id": "a28517fd-f70e-4f80-8591-2bda1af91db9",
    "data": [
      {
        "text": "じゃあ",
        "userDefined": false
      },
      {
        "text": "レインコート",
        "alias": "outfit",
        "meta": "@outfit",
        "userDefined": true
      },
      {
        "text": "は",
        "userDefined": false
      }
    ],
    "isTemplate": false,
    "count": 0,
    "updated": 0
  },
  {
    "id": "5db09a84-2e16-4180-a200-bff14be08d09",
    "data": [
      {
        "text": "サングラス",
        "alias": "outfit",
        "meta": "@outfit",
        "userDefined": true
      },
      {
        "text": "はどう",
        "userDefined": false
      }
    ],
    "isTemplate": false,
    "count": 0,
    "updated": 0
  },
  {
    "id": "a6dee0ae-ce46-4fb0-8216-108fba4d98f5",
    "data": [
      {
        "text": "じゃあ",
        "userDefined": false
      },
      {
        "text": "傘",
        "alias": "outfit",
        "meta": "@outfit",
        "userDefined": true
      },
      {
        "text": "は",
        "userDefined": false
      }
    ],
    "isTemplate": false,
    "count": 0,
    "updated": 0
  }
]