[
  {
    "id": "eb5e20f6-a8dc-4cb7-8e53-494231443d3a",
    "data": [
      {
        "text": "weather on ",
        "userDefined": false
      },
      {
        "text": "Friday",
        "alias": "date-time",
        "meta": "@sys.date-time",
        "userDefined": true
      }
    ],
    "isTemplate": false,
    "count": 1,
    "updated": 1530973445
  },
  {
    "id": "af2e24af-5c69-4862-babb-3f65c47ebcda",
    "data": [
      {
        "text": "what\u0027s the weather like ",
        "userDefined": false
      },
      {
        "text": "this evening",
        "alias": "date-time",
        "meta": "@sys.date-time",
        "userDefined": true
      }
    ],
    "isTemplate": false,
    "count": 1,
    "updated": 1530973445
  },
  {
    "id": "19499022-c56b-4045-adf0-a94e47290d2f",
    "data": [
      {
        "text": "weather ",
        "userDefined": false
      },
      {
        "text": "today",
        "alias": "date-time",
        "meta": "@sys.date-time",
        "userDefined": true
      }
    ],
    "isTemplate": false,
    "count": 1,
    "updated": 1530973445
  },
  {
    "id": "11ca56e3-e419-4b08-9df2-01dcfb155ec1",
    "data": [
      {
        "text": "I\u0027d like to get the weather for ",
        "userDefined": false
      },
      {
        "text": "July 22",
        "alias": "date-time",
        "meta": "@sys.date-time",
        "userDefined": true
      }
    ],
    "isTemplate": false,
    "count": 1,
    "updated": 1530973445
  },
  {
    "id": "cda81dcb-cead-446b-8805-151e499c6df2",
    "data": [
      {
        "text": "how\u0027s the weather gonna be on ",
        "userDefined": false
      },
      {
        "text": "Monday",
        "alias": "date-time",
        "meta": "@sys.date-time",
        "userDefined": true
      }
    ],
    "isTemplate": false,
    "count": 1,
    "updated": 1530973445
  },
  {
    "id": "23179390-746e-4a29-91c5-6c8fafd62db0",
    "data": [
      {
        "text": "weather ",
        "userDefined": false
      },
      {
        "text": "Durban",
        "meta": "@sys.ignore",
        "userDefined": false
      }
    ],
    "isTemplate": false,
    "count": 1,
    "updated": 1530973445
  },
  {
    "id": "14b79960-d0a1-41ec-bba6-7b7b09b5c39a",
    "data": [
      {
        "text": "weather of ",
        "userDefined": false
      },
      {
        "text": "Salalah",
        "meta": "@sys.ignore",
        "userDefined": true
      }
    ],
    "isTemplate": false,
    "count": 1,
    "updated": 1530973445
  },
  {
    "id": "b143e228-2c9e-4352-bb79-6af3ffaf3f3b",
    "data": [
      {
        "text": "what is",
        "meta": "@sys.ignore",
        "userDefined": false
      },
      {
        "text": " the current weather at ",
        "userDefined": false
      },
      {
        "text": "SVO",
        "meta": "@sys.ignore",
        "userDefined": true
      }
    ],
    "isTemplate": false,
    "count": 1,
    "updated": 1530973445
  },
  {
    "id": "825c5595-9e72-44cb-aaae-b983f698ba6f",
    "data": [
      {
        "text": "what will be the weather ",
        "userDefined": false
      },
      {
        "text": "today",
        "alias": "date-time",
        "meta": "@sys.date-time",
        "userDefined": true
      }
    ],
    "isTemplate": false,
    "count": 1,
    "updated": 1530973445
  },
  {
    "id": "dca37b98-903e-4a98-b37d-d0ec5db12307",
    "data": [
      {
        "text": "weather report",
        "userDefined": false
      }
    ],
    "isTemplate": false,
    "count": 1,
    "updated": 1530973445
  },
  {
    "id": "c6aa985d-8448-419d-a9c4-737d06a1eb62",
    "data": [
      {
        "text": "show ",
        "userDefined": false
      },
      {
        "text": "me",
        "meta": "@sys.ignore",
        "userDefined": false
      },
      {
        "text": " the weather",
        "userDefined": false
      }
    ],
    "isTemplate": false,
    "count": 1,
    "updated": 1530973445
  },
  {
    "id": "5cb31c4c-2e5d-4e61-a555-707602262fd7",
    "data": [
      {
        "text": "what is",
        "meta": "@sys.ignore",
        "userDefined": false
      },
      {
        "text": " the weather ",
        "userDefined": false
      },
      {
        "text": "tomorrow",
        "alias": "date-time",
        "meta": "@sys.date-time",
        "userDefined": true
      },
      {
        "text": " ",
        "userDefined": false
      },
      {
        "text": "in",
        "meta": "@sys.ignore",
        "userDefined": false
      },
      {
        "text": " ",
        "userDefined": false
      },
      {
        "text": "Campbell",
        "meta": "@sys.ignore",
        "userDefined": false
      }
    ],
    "isTemplate": false,
    "count": 1,
    "updated": 1530973445
  },
  {
    "id": "51b386ab-a213-4943-b6b2-4b7b3bc354b8",
    "data": [
      {
        "text": "could you give ",
        "userDefined": false
      },
      {
        "text": "me",
        "meta": "@sys.ignore",
        "userDefined": false
      },
      {
        "text": " the weather forecast for ",
        "userDefined": false
      },
      {
        "text": "Hong Kong",
        "meta": "@sys.ignore",
        "userDefined": true
      },
      {
        "text": " please",
        "userDefined": false
      }
    ],
    "isTemplate": false,
    "count": 1,
    "updated": 1530973445
  },
  {
    "id": "29d431dd-3958-41b1-95f6-50ca38990c9f",
    "data": [
      {
        "text": "weather ",
        "userDefined": false
      },
      {
        "text": "in",
        "meta": "@sys.ignore",
        "userDefined": false
      },
      {
        "text": " ",
        "userDefined": false
      },
      {
        "text": "Khanapur",
        "meta": "@sys.ignore",
        "userDefined": true
      }
    ],
    "isTemplate": false,
    "count": 2,
    "updated": 1530973445
  },
  {
    "id": "e77fb22c-62c1-4819-b969-db371ee2ecd8",
    "data": [
      {
        "text": "how\u0027s the weather going to be ",
        "userDefined": false
      },
      {
        "text": "today",
        "alias": "date-time",
        "meta": "@sys.date-time",
        "userDefined": true
      }
    ],
    "isTemplate": false,
    "count": 1,
    "updated": 1530973445
  },
  {
    "id": "6e0fe21f-94c3-4d5e-94fb-6dc5d0a0b9ae",
    "data": [
      {
        "text": "what is",
        "meta": "@sys.ignore",
        "userDefined": false
      },
      {
        "text": " the current weather ",
        "userDefined": false
      },
      {
        "text": "in",
        "meta": "@sys.ignore",
        "userDefined": false
      },
      {
        "text": " ",
        "userDefined": false
      },
      {
        "text": "Pune",
        "meta": "@sys.ignore",
        "userDefined": false
      }
    ],
    "isTemplate": false,
    "count": 1,
    "updated": 1530973445
  },
  {
    "id": "44326a84-45fe-4bc5-ad2c-c02886c9a725",
    "data": [
      {
        "text": "what\u0027s the weather going to be ",
        "userDefined": false
      },
      {
        "text": "tomorrow",
        "alias": "date-time",
        "meta": "@sys.date-time",
        "userDefined": true
      }
    ],
    "isTemplate": false,
    "count": 1,
    "updated": 1530973445
  },
  {
    "id": "6f56bac2-c026-4e41-beb6-7250a55e7dd5",
    "data": [
      {
        "text": "what\u0027s the weather like in our area",
        "userDefined": false
      }
    ],
    "isTemplate": false,
    "count": 1,
    "updated": 1530973445
  },
  {
    "id": "f280d0a3-48ce-4cad-8bf6-37ca27d71bdd",
    "data": [
      {
        "text": "what is ",
        "userDefined": false
      },
      {
        "text": "today",
        "alias": "date-time",
        "meta": "@sys.date-time",
        "userDefined": true
      },
      {
        "text": "\u0027s weather",
        "userDefined": false
      }
    ],
    "isTemplate": false,
    "count": 1,
    "updated": 1530973445
  },
  {
    "id": "8c02a318-9eda-4798-a573-35c2c7a02c18",
    "data": [
      {
        "text": "what will be the weather like in ",
        "userDefined": false
      },
      {
        "text": "Tokyo",
        "meta": "@sys.ignore",
        "userDefined": true
      },
      {
        "text": " on the ",
        "userDefined": false
      },
      {
        "text": "next weekend",
        "alias": "date-time",
        "meta": "@sys.date-time",
        "userDefined": true
      }
    ],
    "isTemplate": false,
    "count": 1,
    "updated": 1530973445
  },
  {
    "id": "e6647ad0-21bb-4b4b-a952-747ce386a4eb",
    "data": [
      {
        "text": "how\u0027s the weather ",
        "userDefined": false
      },
      {
        "text": "today",
        "alias": "date-time",
        "meta": "@sys.date-time",
        "userDefined": true
      }
    ],
    "isTemplate": false,
    "count": 1,
    "updated": 1530973445
  },
  {
    "id": "ea47b65c-138a-4eea-a21f-e3b7f652ea70",
    "data": [
      {
        "text": "what is",
        "meta": "@sys.ignore",
        "userDefined": false
      },
      {
        "text": " the weather ",
        "userDefined": false
      },
      {
        "text": "tomorrow",
        "alias": "date-time",
        "meta": "@sys.date-time",
        "userDefined": true
      },
      {
        "text": " ",
        "userDefined": false
      },
      {
        "text": "in",
        "meta": "@sys.ignore",
        "userDefined": false
      },
      {
        "text": " ",
        "userDefined": false
      },
      {
        "text": "Canberra",
        "meta": "@sys.ignore",
        "userDefined": false
      }
    ],
    "isTemplate": false,
    "count": 1,
    "updated": 1530973445
  },
  {
    "id": "4558e8d3-a885-471b-8198-fd183d7b68f7",
    "data": [
      {
        "text": "weather forecast ",
        "userDefined": false
      },
      {
        "text": "in",
        "meta": "@sys.ignore",
        "userDefined": false
      },
      {
        "text": " ",
        "userDefined": false
      },
      {
        "text": "Oakland",
        "meta": "@sys.ignore",
        "userDefined": false
      },
      {
        "text": " ",
        "userDefined": false
      },
      {
        "text": "next week",
        "alias": "date-time",
        "meta": "@sys.date-time",
        "userDefined": true
      }
    ],
    "isTemplate": false,
    "count": 1,
    "updated": 1530973445
  },
  {
    "id": "1d0fd22e-462c-477d-ad7e-3113a5b11ecd",
    "data": [
      {
        "text": "weather at ",
        "userDefined": false
      },
      {
        "text": "night",
        "alias": "date-time",
        "meta": "@sys.date-time",
        "userDefined": true
      }
    ],
    "isTemplate": false,
    "count": 1,
    "updated": 1530973445
  },
  {
    "id": "96a49eef-c750-4a7d-bd31-50a76dd3efd6",
    "data": [
      {
        "text": "how is the weather in my area",
        "userDefined": false
      }
    ],
    "isTemplate": false,
    "count": 1,
    "updated": 1530973445
  },
  {
    "id": "f6b1da4e-abd5-4f85-99d8-e530e3013104",
    "data": [
      {
        "text": "tomorrow",
        "alias": "date-time",
        "meta": "@sys.date-time",
        "userDefined": true
      },
      {
        "text": "\u0027s weather",
        "userDefined": false
      }
    ],
    "isTemplate": false,
    "count": 1,
    "updated": 1530973445
  },
  {
    "id": "323942d3-a4d4-4e9c-afad-069f4607cedc",
    "data": [
      {
        "text": "weather in the ",
        "userDefined": false
      },
      {
        "text": "evening",
        "alias": "date-time",
        "meta": "@sys.date-time",
        "userDefined": true
      }
    ],
    "isTemplate": false,
    "count": 1,
    "updated": 1530973445
  },
  {
    "id": "49a3b53e-4a5d-4e11-b82a-57dbd645dfd6",
    "data": [
      {
        "text": "weather ",
        "userDefined": false
      },
      {
        "text": "Montana",
        "meta": "@sys.ignore",
        "userDefined": false
      }
    ],
    "isTemplate": false,
    "count": 1,
    "updated": 1530973445
  },
  {
    "id": "8a0d0c50-a9f0-420d-a281-48485872ba88",
    "data": [
      {
        "text": "weather ",
        "userDefined": false
      },
      {
        "text": "now",
        "alias": "date-time",
        "meta": "@sys.date-time",
        "userDefined": true
      }
    ],
    "isTemplate": false,
    "count": 1,
    "updated": 1530973445
  },
  {
    "id": "95972f4c-f922-44ec-ae80-5d712e03f612",
    "data": [
      {
        "text": "what is the weather like ",
        "userDefined": false
      },
      {
        "text": "today",
        "alias": "date-time",
        "meta": "@sys.date-time",
        "userDefined": true
      }
    ],
    "isTemplate": false,
    "count": 1,
    "updated": 1530973445
  },
  {
    "id": "f7757283-03e2-4225-af3c-f5ce4d07eac5",
    "data": [
      {
        "text": "weather in ",
        "userDefined": false
      },
      {
        "text": "London",
        "meta": "@sys.ignore",
        "userDefined": true
      }
    ],
    "isTemplate": false,
    "count": 1,
    "updated": 1530973445
  },
  {
    "id": "6613dd65-4c95-4779-845f-d649a5630b96",
    "data": [
      {
        "text": "weather in ",
        "userDefined": false
      },
      {
        "text": "afternoon",
        "alias": "date-time",
        "meta": "@sys.date-time",
        "userDefined": true
      }
    ],
    "isTemplate": false,
    "count": 1,
    "updated": 1530973445
  },
  {
    "id": "0a75768e-9702-428d-beb3-c498b72e1678",
    "data": [
      {
        "text": "show me the weather in ",
        "userDefined": false
      },
      {
        "text": "Munich",
        "meta": "@sys.ignore",
        "userDefined": true
      }
    ],
    "isTemplate": false,
    "count": 1,
    "updated": 1530973445
  },
  {
    "id": "049e843b-b8bb-4529-992e-466abec655ae",
    "data": [
      {
        "text": "what\u0027s the weather supposed to be in ",
        "userDefined": false
      },
      {
        "text": "Moscow",
        "meta": "@sys.ignore",
        "userDefined": true
      }
    ],
    "isTemplate": false,
    "count": 2,
    "updated": 1530973445
  },
  {
    "id": "434d4ca9-14cd-48e8-bcdb-ba37a5888ce3",
    "data": [
      {
        "text": "how\u0027s the weather in ",
        "userDefined": false
      },
      {
        "text": "Rome",
        "meta": "@sys.ignore",
        "userDefined": true
      }
    ],
    "isTemplate": false,
    "count": 1,
    "updated": 1530973445
  },
  {
    "id": "c8307af7-b8d8-40a6-9d97-142002a96592",
    "data": [
      {
        "text": "weather for ",
        "userDefined": false
      },
      {
        "text": "March 25",
        "alias": "date-time",
        "meta": "@sys.date-time",
        "userDefined": true
      }
    ],
    "isTemplate": false,
    "count": 1,
    "updated": 1530973445
  },
  {
    "id": "73952f6d-bce1-441f-8dc3-311a7480ac71",
    "data": [
      {
        "text": "weather in ",
        "userDefined": false
      },
      {
        "text": "Paris",
        "meta": "@sys.ignore",
        "userDefined": true
      },
      {
        "text": " in ",
        "userDefined": false
      },
      {
        "text": "Celsius",
        "alias": "unit",
        "meta": "@unit-temperature",
        "userDefined": true
      }
    ],
    "isTemplate": false,
    "count": 2,
    "updated": 1530973445
  },
  {
    "id": "294961f4-4b60-4bb6-aeab-0966abc75f15",
    "data": [
      {
        "text": "weather in ",
        "userDefined": false
      },
      {
        "text": "Mamda",
        "meta": "@sys.ignore",
        "userDefined": true
      }
    ],
    "isTemplate": false,
    "count": 2,
    "updated": 1530973445
  },
  {
    "id": "7b486255-c932-4296-a790-6387d6d1e040",
    "data": [
      {
        "text": "weather ",
        "userDefined": false
      },
      {
        "text": "Seattle",
        "meta": "@sys.ignore",
        "userDefined": false
      }
    ],
    "isTemplate": false,
    "count": 1,
    "updated": 1530973445
  },
  {
    "id": "90426da3-2410-4871-a581-1862cd854d85",
    "data": [
      {
        "text": "what is the weather going to be like ",
        "userDefined": false
      },
      {
        "text": "today",
        "alias": "date-time",
        "meta": "@sys.date-time",
        "userDefined": true
      }
    ],
    "isTemplate": false,
    "count": 1,
    "updated": 1530973445
  },
  {
    "id": "1b44dac8-4944-4584-a33b-28c11e6b12e6",
    "data": [
      {
        "text": "what\u0027s the weather forecast for ",
        "userDefined": false
      },
      {
        "text": "today",
        "alias": "date-time",
        "meta": "@sys.date-time",
        "userDefined": true
      }
    ],
    "isTemplate": false,
    "count": 1,
    "updated": 1530973445
  },
  {
    "id": "2338a093-4b97-4564-948e-d66d3d0f25c9",
    "data": [
      {
        "text": "weather ",
        "userDefined": false
      },
      {
        "text": "this morning",
        "alias": "date-time",
        "meta": "@sys.date-time",
        "userDefined": true
      }
    ],
    "isTemplate": false,
    "count": 1,
    "updated": 1530973445
  },
  {
    "id": "44da9ed9-7520-46b9-bdd8-056bc049de3c",
    "data": [
      {
        "text": "what is the weather ",
        "userDefined": false
      },
      {
        "text": "this afternoon",
        "alias": "date-time",
        "meta": "@sys.date-time",
        "userDefined": true
      }
    ],
    "isTemplate": false,
    "count": 1,
    "updated": 1530973445
  },
  {
    "id": "dfbdb85d-c237-4f4b-8911-b90b90d116c2",
    "data": [
      {
        "text": "what is the weather forecast for ",
        "userDefined": false
      },
      {
        "text": "tomorrow morning",
        "alias": "date-time",
        "meta": "@sys.date-time",
        "userDefined": true
      }
    ],
    "isTemplate": false,
    "count": 1,
    "updated": 1530973445
  },
  {
    "id": "6e65d90b-d82c-440c-b91f-d1cdefc252da",
    "data": [
      {
        "text": "what was the weather for ",
        "userDefined": false
      },
      {
        "text": "March 2nd",
        "alias": "date-time",
        "meta": "@sys.date-time",
        "userDefined": true
      }
    ],
    "isTemplate": false,
    "count": 1,
    "updated": 1530973445
  },
  {
    "id": "13825d35-1229-41e7-b015-92e0e7172439",
    "data": [
      {
        "text": "what\u0027s the weather like ",
        "userDefined": false
      },
      {
        "text": "in",
        "meta": "@sys.ignore",
        "userDefined": false
      },
      {
        "text": " ",
        "userDefined": false
      },
      {
        "text": "San Diego",
        "meta": "@sys.ignore",
        "userDefined": false
      },
      {
        "text": " ",
        "userDefined": false
      },
      {
        "text": "tomorrow",
        "alias": "date-time",
        "meta": "@sys.date-time",
        "userDefined": true
      }
    ],
    "isTemplate": false,
    "count": 2,
    "updated": 1530973445
  },
  {
    "id": "706ad210-8a88-4254-97f4-24f8a5ef25da",
    "data": [
      {
        "text": "what\u0027s it like outside",
        "userDefined": false
      }
    ],
    "isTemplate": false,
    "count": 1,
    "updated": 1530973445
  },
  {
    "id": "f08d9844-fdfb-43fc-a474-d62db50cdf02",
    "data": [
      {
        "text": "what is the weather forecast for ",
        "userDefined": false
      },
      {
        "text": "this afternoon",
        "alias": "date-time",
        "meta": "@sys.date-time",
        "userDefined": true
      }
    ],
    "isTemplate": false,
    "count": 1,
    "updated": 1530973445
  },
  {
    "id": "0ceeb0dd-d6f0-4ef2-9a24-0588d8b57e50",
    "data": [
      {
        "text": "current forecast in ",
        "userDefined": false
      },
      {
        "text": "Valencia",
        "meta": "@sys.ignore",
        "userDefined": true
      }
    ],
    "isTemplate": false,
    "count": 1,
    "updated": 1530973445
  },
  {
    "id": "fc15440b-7e5c-4f1b-8585-dc7ecbcff147",
    "data": [
      {
        "text": "weather in ",
        "userDefined": false
      },
      {
        "text": "New York",
        "meta": "@sys.ignore",
        "userDefined": true
      },
      {
        "text": " ",
        "userDefined": false
      },
      {
        "text": "this morning",
        "alias": "date-time",
        "meta": "@sys.date-time",
        "userDefined": true
      }
    ],
    "isTemplate": false,
    "count": 1,
    "updated": 1530973445
  },
  {
    "id": "3f1e1c90-2e51-473f-8038-14f22b7cb0b2",
    "data": [
      {
        "text": "today",
        "alias": "date-time",
        "meta": "@sys.date-time",
        "userDefined": true
      },
      {
        "text": "\u0027s weather in ",
        "userDefined": false
      },
      {
        "text": "London",
        "meta": "@sys.ignore",
        "userDefined": true
      }
    ],
    "isTemplate": false,
    "count": 1,
    "updated": 1530973445
  },
  {
    "id": "f957d83e-2bd9-4b65-a0c8-4f4b646a0b0a",
    "data": [
      {
        "text": "tell me the weather for the ",
        "userDefined": false
      },
      {
        "text": "next week",
        "alias": "date-time",
        "meta": "@sys.date-time",
        "userDefined": true
      }
    ],
    "isTemplate": false,
    "count": 1,
    "updated": 1530973445
  },
  {
    "id": "a13a2960-868a-4572-a5f5-3a83ab889bbb",
    "data": [
      {
        "text": "weather forecast for ",
        "userDefined": false
      },
      {
        "text": "Tuesday",
        "alias": "date-time",
        "meta": "@sys.date-time",
        "userDefined": true
      }
    ],
    "isTemplate": false,
    "count": 1,
    "updated": 1530973445
  },
  {
    "id": "eb6b6192-7ee4-4fc8-8684-b67997ad71b6",
    "data": [
      {
        "text": "what will be the weather like on the ",
        "userDefined": false
      },
      {
        "text": "weekend",
        "alias": "date-time",
        "meta": "@sys.date-time",
        "userDefined": true
      }
    ],
    "isTemplate": false,
    "count": 1,
    "updated": 1530973445
  },
  {
    "id": "7eb7dbde-0ee8-4e58-ad9a-a1c1338535f6",
    "data": [
      {
        "text": "today",
        "alias": "date-time",
        "meta": "@sys.date-time",
        "userDefined": true
      },
      {
        "text": " weather",
        "userDefined": false
      }
    ],
    "isTemplate": false,
    "count": 1,
    "updated": 1530973445
  },
  {
    "id": "dbb08ac6-c805-48fb-98d4-3709e52da4ba",
    "data": [
      {
        "text": "weather ",
        "userDefined": false
      },
      {
        "text": "today",
        "alias": "date-time",
        "meta": "@sys.date-time",
        "userDefined": true
      },
      {
        "text": " in ",
        "userDefined": false
      },
      {
        "text": "New York",
        "meta": "@sys.ignore",
        "userDefined": true
      }
    ],
    "isTemplate": false,
    "count": 1,
    "updated": 1530973445
  },
  {
    "id": "550a3832-14dd-4057-905e-886668729101",
    "data": [
      {
        "text": "now",
        "meta": "@sys.ignore",
        "userDefined": false
      },
      {
        "text": " tell ",
        "userDefined": false
      },
      {
        "text": "me",
        "meta": "@sys.ignore",
        "userDefined": false
      },
      {
        "text": " the weather forecast ",
        "userDefined": false
      },
      {
        "text": "in",
        "meta": "@sys.ignore",
        "userDefined": false
      },
      {
        "text": " ",
        "userDefined": false
      },
      {
        "text": "Aspen",
        "meta": "@sys.ignore",
        "userDefined": false
      }
    ],
    "isTemplate": false,
    "count": 1,
    "updated": 1530973445
  },
  {
    "id": "debf8aba-a340-4191-9125-8933b2a1dbdd",
    "data": [
      {
        "text": "what\u0027s the weather in ",
        "userDefined": false
      },
      {
        "text": "New York",
        "meta": "@sys.ignore",
        "userDefined": true
      },
      {
        "text": " ",
        "userDefined": false
      },
      {
        "text": "this morning",
        "alias": "date-time",
        "meta": "@sys.date-time",
        "userDefined": true
      }
    ],
    "isTemplate": false,
    "count": 1,
    "updated": 1530973445
  },
  {
    "id": "b8efe722-ae25-4eaa-ae3f-a730c2320911",
    "data": [
      {
        "text": "what is",
        "meta": "@sys.ignore",
        "userDefined": false
      },
      {
        "text": " the weather for ",
        "userDefined": false
      },
      {
        "text": "Kernersville",
        "meta": "@sys.ignore",
        "userDefined": false
      }
    ],
    "isTemplate": false,
    "count": 2,
    "updated": 1530973445
  },
  {
    "id": "1424d5fa-1239-4ec8-a0ad-0f22d3dfed5f",
    "data": [
      {
        "text": "weather forecast ",
        "userDefined": false
      },
      {
        "text": "in",
        "meta": "@sys.ignore",
        "userDefined": false
      },
      {
        "text": " ",
        "userDefined": false
      },
      {
        "text": "Denver",
        "meta": "@sys.ignore",
        "userDefined": false
      }
    ],
    "isTemplate": false,
    "count": 1,
    "updated": 1530973445
  },
  {
    "id": "45fae93c-ef66-43db-a8a4-bb1133bb1927",
    "data": [
      {
        "text": "I\u0027d like to know the weather for ",
        "userDefined": false
      },
      {
        "text": "November 13",
        "alias": "date-time",
        "meta": "@sys.date-time",
        "userDefined": true
      },
      {
        "text": " in ",
        "userDefined": false
      },
      {
        "text": "Zurich",
        "meta": "@sys.ignore",
        "userDefined": true
      }
    ],
    "isTemplate": false,
    "count": 1,
    "updated": 1530973445
  },
  {
    "id": "d0a4e074-8261-4027-b1b3-a5c9363ca517",
    "data": [
      {
        "text": "what\u0027s the weather supposed to be ",
        "userDefined": false
      },
      {
        "text": "next Friday",
        "alias": "date-time",
        "meta": "@sys.date-time",
        "userDefined": true
      },
      {
        "text": " in ",
        "userDefined": false
      },
      {
        "text": "San Francisco",
        "meta": "@sys.ignore",
        "userDefined": true
      }
    ],
    "isTemplate": false,
    "count": 1,
    "updated": 1530973445
  },
  {
    "id": "9c05936c-c40d-4ec2-a1ec-098f3fe16cec",
    "data": [
      {
        "text": "tell me the weather in ",
        "userDefined": false
      },
      {
        "text": "Rome",
        "meta": "@sys.ignore",
        "userDefined": true
      },
      {
        "text": " in ",
        "userDefined": false
      },
      {
        "text": "Fahrenheit",
        "alias": "unit",
        "meta": "@unit-temperature",
        "userDefined": true
      }
    ],
    "isTemplate": false,
    "count": 1,
    "updated": 1530973445
  },
  {
    "id": "f2608abc-7847-42b0-bee0-8127306254bf",
    "data": [
      {
        "text": "find weather ",
        "userDefined": false
      },
      {
        "text": "India",
        "meta": "@sys.ignore",
        "userDefined": true
      }
    ],
    "isTemplate": false,
    "count": 1,
    "updated": 1530973445
  },
  {
    "id": "580a2eec-a605-4ceb-a60e-8b0b7913c6a7",
    "data": [
      {
        "text": "forecast in ",
        "userDefined": false
      },
      {
        "text": "Tokyo",
        "meta": "@sys.ignore",
        "userDefined": true
      }
    ],
    "isTemplate": false,
    "count": 1,
    "updated": 1530973445
  },
  {
    "id": "57e8d4b2-040e-4800-9aae-866d08d4728c",
    "data": [
      {
        "text": "what is",
        "meta": "@sys.ignore",
        "userDefined": false
      },
      {
        "text": " the weather for ",
        "userDefined": false
      },
      {
        "text": "Greenville",
        "meta": "@sys.ignore",
        "userDefined": false
      }
    ],
    "isTemplate": false,
    "count": 1,
    "updated": 1530973445
  },
  {
    "id": "a228d577-f237-47a6-82f3-63aa9d8effa3",
    "data": [
      {
        "text": "weather report for ",
        "userDefined": false
      },
      {
        "text": "Paris",
        "meta": "@sys.ignore",
        "userDefined": true
      }
    ],
    "isTemplate": false,
    "count": 1,
    "updated": 1530973445
  },
  {
    "id": "f79a7d98-e316-45c6-b47f-5fdbb3ad24f6",
    "data": [
      {
        "text": "show me the weather in ",
        "userDefined": false
      },
      {
        "text": "Fahrenheit",
        "alias": "unit",
        "meta": "@unit-temperature",
        "userDefined": true
      }
    ],
    "isTemplate": false,
    "count": 1,
    "updated": 1530973445
  },
  {
    "id": "e3d34134-eeda-479d-a8a7-16c119fec593",
    "data": [
      {
        "text": "show me weather for ",
        "userDefined": false
      },
      {
        "text": "today",
        "alias": "date-time",
        "meta": "@sys.date-time",
        "userDefined": true
      }
    ],
    "isTemplate": false,
    "count": 1,
    "updated": 1530973445
  },
  {
    "id": "61b1cfb9-73ee-4887-893c-d8b361b74ab7",
    "data": [
      {
        "text": "weather in ",
        "userDefined": false
      },
      {
        "text": "London",
        "meta": "@sys.ignore",
        "userDefined": true
      },
      {
        "text": " ",
        "userDefined": false
      },
      {
        "text": "in 5 days",
        "alias": "date-time",
        "meta": "@sys.date-time",
        "userDefined": true
      }
    ],
    "isTemplate": false,
    "count": 1,
    "updated": 1530973445
  },
  {
    "id": "d6c73304-e5e4-4733-ace1-c77ea548419c",
    "data": [
      {
        "text": "what\u0027s the weather like in ",
        "userDefined": false
      },
      {
        "text": "New York",
        "meta": "@sys.ignore",
        "userDefined": true
      }
    ],
    "isTemplate": false,
    "count": 1,
    "updated": 1530973445
  },
  {
    "id": "d1307f50-1337-464f-a4ef-9def00701abe",
    "data": [
      {
        "text": "what is the weather like ",
        "userDefined": false
      },
      {
        "text": "right now",
        "alias": "date-time",
        "meta": "@sys.date-time",
        "userDefined": true
      }
    ],
    "isTemplate": false,
    "count": 1,
    "updated": 1530973445
  },
  {
    "id": "b07227fa-d156-46a1-8148-e39a6456db05",
    "data": [
      {
        "text": "what\u0027s the weather for ",
        "userDefined": false
      },
      {
        "text": "tomorrow",
        "alias": "date-time",
        "meta": "@sys.date-time",
        "userDefined": true
      }
    ],
    "isTemplate": false,
    "count": 1,
    "updated": 1530973445
  },
  {
    "id": "470d7d64-7b0b-4d48-871e-ee49496b8ee2",
    "data": [
      {
        "text": "weather for ",
        "userDefined": false
      },
      {
        "text": "April 3",
        "alias": "date-time",
        "meta": "@sys.date-time",
        "userDefined": true
      }
    ],
    "isTemplate": false,
    "count": 1,
    "updated": 1530973445
  },
  {
    "id": "290a654b-485a-4955-ba74-0fcd7be38a64",
    "data": [
      {
        "text": "I\u0027d like to know the weather",
        "userDefined": false
      }
    ],
    "isTemplate": false,
    "count": 1,
    "updated": 1530973445
  },
  {
    "id": "7d39dc51-2d46-446c-b622-b339389f2116",
    "data": [
      {
        "text": "weather",
        "userDefined": false
      }
    ],
    "isTemplate": false,
    "count": 1,
    "updated": 1530973445
  },
  {
    "id": "19816d39-ef5c-423c-9a76-2fab14d4c327",
    "data": [
      {
        "text": "what\u0027s the weather supposed to be",
        "userDefined": false
      }
    ],
    "isTemplate": false,
    "count": 1,
    "updated": 1530973445
  },
  {
    "id": "e1781b4c-c460-4413-8af6-40533ba4e4c6",
    "data": [
      {
        "text": "weather forecast in ",
        "userDefined": false
      },
      {
        "text": "Oakland",
        "meta": "@sys.ignore",
        "userDefined": true
      }
    ],
    "isTemplate": false,
    "count": 1,
    "updated": 1530973445
  },
  {
    "id": "6fb089ea-10cd-4576-ac11-3e79387045b5",
    "data": [
      {
        "text": "weather on ",
        "userDefined": false
      },
      {
        "text": "Sunday",
        "alias": "date-time",
        "meta": "@sys.date-time",
        "userDefined": true
      }
    ],
    "isTemplate": false,
    "count": 1,
    "updated": 1530973445
  },
  {
    "id": "b5b3bcea-412e-41f9-a1b8-7d3e77b1321e",
    "data": [
      {
        "text": "what is ",
        "userDefined": false
      },
      {
        "text": "today",
        "alias": "date-time",
        "meta": "@sys.date-time",
        "userDefined": true
      },
      {
        "text": "\u0027s weather like",
        "userDefined": false
      }
    ],
    "isTemplate": false,
    "count": 1,
    "updated": 1530973445
  },
  {
    "id": "93a5de8f-be4e-4921-b6bd-205f2c8ba06d",
    "data": [
      {
        "text": "the weather in ",
        "userDefined": false
      },
      {
        "text": "Miami",
        "meta": "@sys.ignore",
        "userDefined": true
      },
      {
        "text": " is what",
        "userDefined": false
      }
    ],
    "isTemplate": false,
    "count": 2,
    "updated": 1530973445
  },
  {
    "id": "94e188db-fded-4d9a-a84c-7cd79e3f413a",
    "data": [
      {
        "text": "what is the weather ",
        "userDefined": false
      },
      {
        "text": "today",
        "alias": "date-time",
        "meta": "@sys.date-time",
        "userDefined": true
      }
    ],
    "isTemplate": false,
    "count": 1,
    "updated": 1530973445
  },
  {
    "id": "458c75e3-fd31-41b2-a95b-c7378c69beea",
    "data": [
      {
        "text": "how is the weather ",
        "userDefined": false
      },
      {
        "text": "today",
        "alias": "date-time",
        "meta": "@sys.date-time",
        "userDefined": true
      }
    ],
    "isTemplate": false,
    "count": 1,
    "updated": 1530973445
  },
  {
    "id": "405a3626-ab21-4054-ae95-96cc0b942441",
    "data": [
      {
        "text": "what is ",
        "userDefined": false
      },
      {
        "text": "today",
        "alias": "date-time",
        "meta": "@sys.date-time",
        "userDefined": true
      },
      {
        "text": "\u0027s weather going to be in ",
        "userDefined": false
      },
      {
        "text": "London",
        "meta": "@sys.ignore",
        "userDefined": true
      }
    ],
    "isTemplate": false,
    "count": 1,
    "updated": 1530973445
  },
  {
    "id": "f89004d2-709f-4fc1-809f-86af2ef83acf",
    "data": [
      {
        "text": "weather ",
        "userDefined": false
      },
      {
        "text": "in",
        "meta": "@sys.ignore",
        "userDefined": false
      },
      {
        "text": " ",
        "userDefined": false
      },
      {
        "text": "Moscow",
        "meta": "@sys.ignore",
        "userDefined": false
      },
      {
        "text": " ",
        "userDefined": false
      },
      {
        "text": "tomorrow",
        "alias": "date-time",
        "meta": "@sys.date-time",
        "userDefined": false
      }
    ],
    "isTemplate": false,
    "count": 2,
    "updated": 1530973445
  },
  {
    "id": "68d3dc7d-5a7c-4dd1-9a12-3c5b1f4294d7",
    "data": [
      {
        "text": "what\u0027s the weather forecast ",
        "userDefined": false
      },
      {
        "text": "in",
        "meta": "@sys.ignore",
        "userDefined": false
      },
      {
        "text": " ",
        "userDefined": false
      },
      {
        "text": "San Francisco",
        "meta": "@sys.ignore",
        "userDefined": false
      }
    ],
    "isTemplate": false,
    "count": 1,
    "updated": 1530973445
  },
  {
    "id": "a82b9f18-8c5d-4a47-b94c-4b05a5b46d28",
    "data": [
      {
        "text": "what is the weather in ",
        "userDefined": false
      },
      {
        "text": "Melbourne",
        "meta": "@sys.ignore",
        "userDefined": true
      },
      {
        "text": " ",
        "userDefined": false
      },
      {
        "text": "right now",
        "alias": "date-time",
        "meta": "@sys.date-time",
        "userDefined": true
      }
    ],
    "isTemplate": false,
    "count": 1,
    "updated": 1530973445
  },
  {
    "id": "1c621ad6-da29-49d0-9770-23e9dac1eb7d",
    "data": [
      {
        "text": "show me the weather in ",
        "userDefined": false
      },
      {
        "text": "Milan",
        "meta": "@sys.ignore",
        "userDefined": true
      },
      {
        "text": " for ",
        "userDefined": false
      },
      {
        "text": "Wednesday",
        "alias": "date-time",
        "meta": "@sys.date-time",
        "userDefined": true
      }
    ],
    "isTemplate": false,
    "count": 1,
    "updated": 1530973445
  },
  {
    "id": "06a6779b-ed4a-4537-80b0-d67a7081f39d",
    "data": [
      {
        "text": "I\u0027d like to know the weather in ",
        "userDefined": false
      },
      {
        "text": "Madrid",
        "meta": "@sys.ignore",
        "userDefined": true
      }
    ],
    "isTemplate": false,
    "count": 1,
    "updated": 1530973445
  },
  {
    "id": "f95f520e-53ab-4807-8641-63a13f861854",
    "data": [
      {
        "text": "tomorrow",
        "alias": "date-time",
        "meta": "@sys.date-time",
        "userDefined": true
      },
      {
        "text": "\u0027s weather report for ",
        "userDefined": false
      },
      {
        "text": "Brussels",
        "meta": "@sys.ignore",
        "userDefined": true
      }
    ],
    "isTemplate": false,
    "count": 1,
    "updated": 1530973445
  },
  {
    "id": "ce34ce91-6a8f-4d40-84ea-a1b3398e6ce9",
    "data": [
      {
        "text": "weather outside",
        "userDefined": false
      }
    ],
    "isTemplate": false,
    "count": 1,
    "updated": 1530973445
  },
  {
    "id": "c7702c75-6312-4fba-aeb0-78d86a3c35c8",
    "data": [
      {
        "text": "weather in ",
        "userDefined": false
      },
      {
        "text": "Brooklyn",
        "meta": "@sys.ignore",
        "userDefined": true
      },
      {
        "text": " in ",
        "userDefined": false
      },
      {
        "text": "Celsius",
        "alias": "unit",
        "meta": "@unit-temperature",
        "userDefined": true
      }
    ],
    "isTemplate": false,
    "count": 1,
    "updated": 1530973445
  },
  {
    "id": "24d8eebf-713e-40d7-aab5-948065bc5937",
    "data": [
      {
        "text": "weather ",
        "userDefined": false
      },
      {
        "text": "in",
        "meta": "@sys.ignore",
        "userDefined": false
      },
      {
        "text": " ",
        "userDefined": false
      },
      {
        "text": "Nirmal",
        "meta": "@sys.ignore",
        "userDefined": true
      }
    ],
    "isTemplate": false,
    "count": 2,
    "updated": 1530973445
  },
  {
    "id": "9c7c60ee-f707-4a29-bd4c-2e8f99d38d42",
    "data": [
      {
        "text": "weather in this area",
        "userDefined": false
      }
    ],
    "isTemplate": false,
    "count": 1,
    "updated": 1530973445
  },
  {
    "id": "c7681c24-c239-4dbc-b1ff-d89ae73bf2a1",
    "data": [
      {
        "text": "weather for the ",
        "userDefined": false
      },
      {
        "text": "fifth of May",
        "alias": "date-time",
        "meta": "@sys.date-time",
        "userDefined": true
      }
    ],
    "isTemplate": false,
    "count": 1,
    "updated": 1530973445
  },
  {
    "id": "4b4d2a19-003d-4ebc-8894-b3974c979819",
    "data": [
      {
        "text": "what\u0027s the weather going to be like later ",
        "userDefined": false
      },
      {
        "text": "today",
        "alias": "date-time",
        "meta": "@sys.date-time",
        "userDefined": true
      }
    ],
    "isTemplate": false,
    "count": 1,
    "updated": 1530973445
  },
  {
    "id": "65577c5e-afbb-4393-bd1d-0d23cc8c756f",
    "data": [
      {
        "text": "tell me what\u0027s the weather like in ",
        "userDefined": false
      },
      {
        "text": "Atlanta",
        "meta": "@sys.ignore",
        "userDefined": true
      }
    ],
    "isTemplate": false,
    "count": 1,
    "updated": 1530973445
  },
  {
    "id": "ca440864-d8ab-4788-9689-eeae3cac0677",
    "data": [
      {
        "text": "weather in ",
        "userDefined": false
      },
      {
        "text": "Valencia",
        "meta": "@sys.ignore",
        "userDefined": true
      },
      {
        "text": " for ",
        "userDefined": false
      },
      {
        "text": "today",
        "alias": "date-time",
        "meta": "@sys.date-time",
        "userDefined": true
      }
    ],
    "isTemplate": false,
    "count": 1,
    "updated": 1530973445
  },
  {
    "id": "12c04f44-97e4-40cf-b412-afa310acae0e",
    "data": [
      {
        "text": "what\u0027s the weather in my country",
        "userDefined": false
      }
    ],
    "isTemplate": false,
    "count": 1,
    "updated": 1530973445
  },
  {
    "id": "1e63caec-47f8-400e-b804-ab519af7247f",
    "data": [
      {
        "text": "what\u0027s the weather supposed to be ",
        "userDefined": false
      },
      {
        "text": "this week",
        "alias": "date-time",
        "meta": "@sys.date-time",
        "userDefined": true
      }
    ],
    "isTemplate": false,
    "count": 1,
    "updated": 1530973445
  },
  {
    "id": "d712be2f-1d39-492d-845d-4c53c9940544",
    "data": [
      {
        "text": "weather outside ",
        "userDefined": false
      },
      {
        "text": "this evening",
        "alias": "date-time",
        "meta": "@sys.date-time",
        "userDefined": true
      }
    ],
    "isTemplate": false,
    "count": 1,
    "updated": 1530973445
  },
  {
    "id": "8df53d05-166b-4e81-94f7-d462efa89b01",
    "data": [
      {
        "text": "what\u0027s the weather ",
        "userDefined": false
      },
      {
        "text": "today",
        "alias": "date-time",
        "meta": "@sys.date-time",
        "userDefined": true
      }
    ],
    "isTemplate": false,
    "count": 1,
    "updated": 1530973445
  },
  {
    "id": "d71d7f05-13df-493a-aece-79e0a850056b",
    "data": [
      {
        "text": "what\u0027s the weather like at ",
        "userDefined": false
      },
      {
        "text": "New York",
        "meta": "@sys.ignore",
        "userDefined": true
      }
    ],
    "isTemplate": false,
    "count": 1,
    "updated": 1530973445
  },
  {
    "id": "de4bc33e-a2d8-47a8-9bf8-12441cf2a82d",
    "data": [
      {
        "text": "what\u0027s the weather like ",
        "userDefined": false
      },
      {
        "text": "in",
        "meta": "@sys.ignore",
        "userDefined": false
      },
      {
        "text": " ",
        "userDefined": false
      },
      {
        "text": "London",
        "meta": "@sys.ignore",
        "userDefined": true
      }
    ],
    "isTemplate": false,
    "count": 1,
    "updated": 1530973445
  },
  {
    "id": "afc8c158-d13a-4132-ab2e-5abc4d580174",
    "data": [
      {
        "text": "what is the weather in ",
        "userDefined": false
      },
      {
        "text": "Cape Town",
        "meta": "@sys.ignore",
        "userDefined": true
      }
    ],
    "isTemplate": false,
    "count": 1,
    "updated": 1530973445
  },
  {
    "id": "d019156a-1f08-4598-b5d8-7ce2a0e40f28",
    "data": [
      {
        "text": "India",
        "meta": "@sys.ignore",
        "userDefined": true
      },
      {
        "text": " weather report",
        "userDefined": false
      }
    ],
    "isTemplate": false,
    "count": 1,
    "updated": 1530973445
  },
  {
    "id": "b825d52e-ad95-4d8a-a592-4bd1349e9876",
    "data": [
      {
        "text": "what is the weather forecast for ",
        "userDefined": false
      },
      {
        "text": "this morning",
        "alias": "date-time",
        "meta": "@sys.date-time",
        "userDefined": true
      }
    ],
    "isTemplate": false,
    "count": 1,
    "updated": 1530973445
  },
  {
    "id": "9ceeae80-06f6-4400-b647-289aa2a17b7e",
    "data": [
      {
        "text": "what\u0027s the weather like",
        "userDefined": false
      }
    ],
    "isTemplate": false,
    "count": 1,
    "updated": 1530973445
  }
]