[
  {
    "id": "7c5238c4-a2bf-473a-8bcd-9f6aa1c00710",
    "data": [
      {
        "text": "и в течение ",
        "userDefined": false
      },
      {
        "text": "следующей недели",
        "alias": "date-time",
        "meta": "@sys.date-time",
        "userDefined": true
      }
    ],
    "isTemplate": false,
    "count": 0,
    "updated": 0
  },
  {
    "id": "b114a6d9-afa4-4e11-881a-0b2b853fe3b5",
    "data": [
      {
        "text": "а в ",
        "userDefined": false
      },
      {
        "text": "субботу",
        "alias": "date-time",
        "meta": "@sys.date-time",
        "userDefined": true
      }
    ],
    "isTemplate": false,
    "count": 0,
    "updated": 0
  },
  {
    "id": "1cba6818-9c85-4d0d-be29-5abcdbc7ab1e",
    "data": [
      {
        "text": "на ",
        "userDefined": false
      },
      {
        "text": "следующий месяц",
        "alias": "date-time",
        "meta": "@sys.date-time",
        "userDefined": true
      }
    ],
    "isTemplate": false,
    "count": 0,
    "updated": 0
  },
  {
    "id": "53e1389e-e796-489a-87bf-f25cf61963f3",
    "data": [
      {
        "text": "изменится ли она после ",
        "userDefined": false
      },
      {
        "text": "5",
        "alias": "date-time",
        "meta": "@sys.date-time",
        "userDefined": true
      }
    ],
    "isTemplate": false,
    "count": 0,
    "updated": 0
  },
  {
    "id": "56b61456-402a-4690-b620-168787c90bb5",
    "data": [
      {
        "text": "как насчёт ",
        "userDefined": false
      },
      {
        "text": "завтра",
        "alias": "date-time",
        "meta": "@sys.date-time",
        "userDefined": true
      }
    ],
    "isTemplate": false,
    "count": 0,
    "updated": 0
  },
  {
    "id": "a1a698c8-4ecc-4367-bc3a-eed805f5a12a",
    "data": [
      {
        "text": "а что насчет ",
        "userDefined": false
      },
      {
        "text": "этих выходных",
        "alias": "date-time",
        "meta": "@sys.date-time",
        "userDefined": true
      }
    ],
    "isTemplate": false,
    "count": 1,
    "updated": 0
  },
  {
    "id": "2c5bf2fe-327c-49a5-957b-b0d321c304bf",
    "data": [
      {
        "text": "проверь ",
        "userDefined": false
      },
      {
        "text": "следующую неделю",
        "alias": "date-time",
        "meta": "@sys.date-time",
        "userDefined": true
      }
    ],
    "isTemplate": false,
    "count": 0,
    "updated": 0
  },
  {
    "id": "cb4b1ce8-3bbe-46d2-a0e0-741f626a9c2b",
    "data": [
      {
        "text": "и в ",
        "userDefined": false
      },
      {
        "text": "следующую субботу",
        "alias": "date-time",
        "meta": "@sys.date-time",
        "userDefined": true
      }
    ],
    "isTemplate": false,
    "count": 0,
    "updated": 0
  },
  {
    "id": "077468dd-6323-4ad6-83e6-7d2cf3091250",
    "data": [
      {
        "text": "а ",
        "userDefined": false
      },
      {
        "text": "завтра",
        "alias": "date-time",
        "meta": "@sys.date-time",
        "userDefined": true
      }
    ],
    "isTemplate": false,
    "count": 1,
    "updated": 0
  },
  {
    "id": "11a146af-7e5c-4cad-8a7a-37543e8fb0be",
    "data": [
      {
        "text": "а что насчёт ",
        "userDefined": false
      },
      {
        "text": "завтра",
        "alias": "date-time",
        "meta": "@sys.date-time",
        "userDefined": true
      }
    ],
    "isTemplate": false,
    "count": 0,
    "updated": 0
  },
  {
    "id": "88e40f7a-4fa3-441b-9503-07d6de4bd3bb",
    "data": [
      {
        "text": "проверь на ",
        "userDefined": false
      },
      {
        "text": "понедельник",
        "alias": "date-time",
        "meta": "@sys.date-time",
        "userDefined": true
      }
    ],
    "isTemplate": false,
    "count": 0,
    "updated": 0
  },
  {
    "id": "b1bbc947-6022-46da-a029-e48ed1a809b6",
    "data": [
      {
        "text": "а как насчёт ",
        "userDefined": false
      },
      {
        "text": "сегодня",
        "alias": "date-time",
        "meta": "@sys.date-time",
        "userDefined": true
      }
    ],
    "isTemplate": false,
    "count": 0,
    "updated": 0
  },
  {
    "id": "ea13508d-cd2e-4897-84c5-8e11ddf56be2",
    "data": [
      {
        "text": "этим вечером",
        "alias": "date-time",
        "meta": "@sys.date-time",
        "userDefined": true
      }
    ],
    "isTemplate": false,
    "count": 1,
    "updated": 0
  },
  {
    "id": "a683f505-dbf4-4f36-9996-4ad3898d59ff",
    "data": [
      {
        "text": "в ",
        "userDefined": false
      },
      {
        "text": "среду",
        "alias": "date-time",
        "meta": "@sys.date-time",
        "userDefined": true
      }
    ],
    "isTemplate": false,
    "count": 0,
    "updated": 0
  }
]