[
  {
    "id": "adf73baf-1b94-4379-8154-36e94087fd7b",
    "data": [
      {
        "text": "兩天後",
        "alias": "date-time",
        "meta": "@sys.date-time",
        "userDefined": true
      },
      {
        "text": "的天氣會不會很",
        "userDefined": false
      },
      {
        "text": "寒冷",
        "alias": "temperature",
        "meta": "@temperature",
        "userDefined": true
      },
      {
        "text": "嗎",
        "userDefined": false
      }
    ],
    "isTemplate": false,
    "count": 0,
    "updated": 0
  },
  {
    "id": "9d27fcbf-b78a-4e9f-a5ca-35f29fd3c40f",
    "data": [
      {
        "text": "天氣是不是很",
        "userDefined": false
      },
      {
        "text": "涼快",
        "alias": "temperature",
        "meta": "@temperature",
        "userDefined": true
      }
    ],
    "isTemplate": false,
    "count": 0,
    "updated": 0
  },
  {
    "id": "53b341f0-0c9d-4c61-8a36-99f4da601caf",
    "data": [
      {
        "text": "天氣很",
        "userDefined": false
      },
      {
        "text": "冷",
        "alias": "temperature",
        "meta": "@temperature",
        "userDefined": true
      }
    ],
    "isTemplate": false,
    "count": 0,
    "updated": 0
  },
  {
    "id": "067a5382-c3cf-4b23-92d5-feebe63f3c70",
    "data": [
      {
        "text": "天氣會不會很",
        "userDefined": false
      },
      {
        "text": "熱",
        "alias": "temperature",
        "meta": "@temperature",
        "userDefined": true
      }
    ],
    "isTemplate": false,
    "count": 0,
    "updated": 0
  },
  {
    "id": "ac05fb02-b3c2-411f-8925-2f91faa8de72",
    "data": [
      {
        "text": "明天",
        "alias": "date-time",
        "meta": "@sys.date-time",
        "userDefined": true
      },
      {
        "text": "的天氣會很",
        "userDefined": false
      },
      {
        "text": "溫和",
        "alias": "temperature",
        "meta": "@temperature",
        "userDefined": true
      },
      {
        "text": "嗎",
        "userDefined": false
      }
    ],
    "isTemplate": false,
    "count": 0,
    "updated": 0
  },
  {
    "id": "d82c414d-adf0-4b45-9513-aa335980e96e",
    "data": [
      {
        "text": "你知道現在外面",
        "userDefined": false
      },
      {
        "text": "冷",
        "alias": "temperature",
        "meta": "@temperature",
        "userDefined": false
      },
      {
        "text": "不",
        "userDefined": false
      },
      {
        "text": "冷",
        "meta": "@sys.ignore",
        "userDefined": false
      }
    ],
    "isTemplate": false,
    "count": 1,
    "updated": 0
  },
  {
    "id": "c005d03f-2e68-401c-aad6-85240e521571",
    "data": [
      {
        "text": "攝氏度",
        "alias": "unit",
        "meta": "@unit-temperature",
        "userDefined": true
      },
      {
        "text": "天氣預報",
        "userDefined": false
      }
    ],
    "isTemplate": false,
    "count": 0,
    "updated": 0
  },
  {
    "id": "7ed9b3d1-453f-4f7b-8340-6dc783fe3631",
    "data": [
      {
        "text": "爲什麽",
        "userDefined": false
      },
      {
        "text": "下星期一",
        "alias": "date-time",
        "meta": "@sys.date-time",
        "userDefined": false
      },
      {
        "text": "馬來西亞",
        "alias": "address",
        "meta": "@sys.address",
        "userDefined": true
      },
      {
        "text": "天氣那麽",
        "userDefined": false
      },
      {
        "text": "涼快",
        "alias": "temperature",
        "meta": "@temperature",
        "userDefined": false
      }
    ],
    "isTemplate": false,
    "count": 0,
    "updated": 0
  },
  {
    "id": "0426b730-f6b6-4726-a5fc-b8911bef46d4",
    "data": [
      {
        "text": "明天",
        "alias": "date-time",
        "meta": "@sys.date-time",
        "userDefined": true
      },
      {
        "text": "的天氣是不是很",
        "userDefined": false
      },
      {
        "text": "暖",
        "alias": "temperature",
        "meta": "@temperature",
        "userDefined": true
      },
      {
        "text": "嗎",
        "userDefined": false
      }
    ],
    "isTemplate": false,
    "count": 0,
    "updated": 0
  },
  {
    "id": "f6865c85-f31c-409c-9158-a08c1146e9f7",
    "data": [
      {
        "text": "爲什麽天氣那麽",
        "userDefined": false
      },
      {
        "text": "寒冷",
        "alias": "temperature",
        "meta": "@temperature",
        "userDefined": true
      }
    ],
    "isTemplate": false,
    "count": 0,
    "updated": 0
  },
  {
    "id": "87df72a7-0b72-48e8-a90c-7b8a8a42e82b",
    "data": [
      {
        "text": "上海",
        "alias": "address",
        "meta": "@sys.address",
        "userDefined": false
      },
      {
        "text": "三天後",
        "alias": "date-time",
        "meta": "@sys.date-time",
        "userDefined": false
      },
      {
        "text": "多少度",
        "userDefined": false
      }
    ],
    "isTemplate": false,
    "count": 0,
    "updated": 0
  },
  {
    "id": "222109af-ec17-4c8c-8a65-c7cf6994d5dc",
    "data": [
      {
        "text": "台北",
        "alias": "address",
        "meta": "@sys.address",
        "userDefined": false
      },
      {
        "text": "溫度",
        "userDefined": false
      }
    ],
    "isTemplate": false,
    "count": 0,
    "updated": 0
  },
  {
    "id": "44611d54-e14f-4e35-ad7a-9132f8df2919",
    "data": [
      {
        "text": "台北市",
        "alias": "address",
        "meta": "@sys.address",
        "userDefined": false
      },
      {
        "text": "溫度",
        "userDefined": false
      }
    ],
    "isTemplate": false,
    "count": 0,
    "updated": 0
  },
  {
    "id": "f2090348-76a9-49b1-99eb-270d61dadf75",
    "data": [
      {
        "text": "今天",
        "alias": "date-time",
        "meta": "@sys.date-time",
        "userDefined": false
      },
      {
        "text": "上海",
        "alias": "address",
        "meta": "@sys.address",
        "userDefined": false
      },
      {
        "text": "的氣溫如何",
        "userDefined": false
      }
    ],
    "isTemplate": false,
    "count": 0,
    "updated": 0
  },
  {
    "id": "47e041e9-334c-40f0-978d-c2fb657ef4ea",
    "data": [
      {
        "text": "我最近的天氣是不是很",
        "userDefined": false
      },
      {
        "text": "冷",
        "alias": "temperature",
        "meta": "@temperature",
        "userDefined": false
      }
    ],
    "isTemplate": false,
    "count": 0,
    "updated": 0
  },
  {
    "id": "950878a0-4910-434a-aef7-df45ff4a9a3a",
    "data": [
      {
        "text": "今天",
        "alias": "date-time",
        "meta": "@sys.date-time",
        "userDefined": true
      },
      {
        "text": "天氣很",
        "userDefined": false
      },
      {
        "text": "熱",
        "alias": "temperature",
        "meta": "@temperature",
        "userDefined": true
      },
      {
        "text": "耶",
        "userDefined": false
      }
    ],
    "isTemplate": false,
    "count": 0,
    "updated": 0
  },
  {
    "id": "4af4fe38-68ee-47ea-828f-0dc9bbb5cbb0",
    "data": [
      {
        "text": "天氣會很",
        "userDefined": false
      },
      {
        "text": "溫和",
        "alias": "temperature",
        "meta": "@temperature",
        "userDefined": true
      },
      {
        "text": "嗎",
        "userDefined": false
      }
    ],
    "isTemplate": false,
    "count": 0,
    "updated": 0
  },
  {
    "id": "29ba7bc4-c059-4742-8730-528dada86a6e",
    "data": [
      {
        "text": "上海",
        "alias": "address",
        "meta": "@sys.address",
        "userDefined": true
      },
      {
        "text": "多",
        "userDefined": false
      },
      {
        "text": "熱",
        "alias": "temperature",
        "meta": "@temperature",
        "userDefined": true
      }
    ],
    "isTemplate": false,
    "count": 0,
    "updated": 0
  },
  {
    "id": "7eb54312-6b15-4f1f-b9d7-bed3eaeeca04",
    "data": [
      {
        "text": "下星期日",
        "alias": "date-time",
        "meta": "@sys.date-time",
        "userDefined": false
      },
      {
        "text": "馬來西亞",
        "alias": "address",
        "meta": "@sys.address",
        "userDefined": true
      },
      {
        "text": "的天氣會很",
        "userDefined": false
      },
      {
        "text": "熱",
        "alias": "temperature",
        "meta": "@temperature",
        "userDefined": false
      },
      {
        "text": "嗎",
        "userDefined": false
      }
    ],
    "isTemplate": false,
    "count": 0,
    "updated": 0
  },
  {
    "id": "1ae52c90-7490-4afb-9b56-a95309058490",
    "data": [
      {
        "text": "明天",
        "alias": "date-time",
        "meta": "@sys.date-time",
        "userDefined": false
      },
      {
        "text": "馬來西亞",
        "alias": "address",
        "meta": "@sys.address",
        "userDefined": true
      },
      {
        "text": "最近的天氣是不是很",
        "userDefined": false
      },
      {
        "text": "冷",
        "alias": "temperature",
        "meta": "@temperature",
        "userDefined": false
      }
    ],
    "isTemplate": false,
    "count": 0,
    "updated": 0
  },
  {
    "id": "d4cfdbc4-6560-46ac-ba29-8ea702e0aaef",
    "data": [
      {
        "text": "明天",
        "alias": "date-time",
        "meta": "@sys.date-time",
        "userDefined": false
      },
      {
        "text": "上海",
        "alias": "address",
        "meta": "@sys.address",
        "userDefined": false
      },
      {
        "text": "的溫度如何",
        "userDefined": false
      }
    ],
    "isTemplate": false,
    "count": 0,
    "updated": 0
  },
  {
    "id": "807cb16b-fc21-4b92-b27b-264c84e0755d",
    "data": [
      {
        "text": "台南市南區",
        "alias": "address",
        "meta": "@sys.address",
        "userDefined": false
      },
      {
        "text": "幾度",
        "userDefined": false
      }
    ],
    "isTemplate": false,
    "count": 0,
    "updated": 0
  },
  {
    "id": "062c68c5-32ce-4efe-9794-2d97d325042c",
    "data": [
      {
        "text": "就讓你問他",
        "userDefined": false
      },
      {
        "text": "今天",
        "alias": "date-time",
        "meta": "@sys.date-time",
        "userDefined": false
      },
      {
        "text": "天氣幾度",
        "userDefined": false
      }
    ],
    "isTemplate": false,
    "count": 0,
    "updated": 0
  },
  {
    "id": "a5368623-03df-4021-87b1-145da849f474",
    "data": [
      {
        "text": "上海",
        "alias": "address",
        "meta": "@sys.address",
        "userDefined": false
      },
      {
        "text": "啥溫度",
        "userDefined": false
      }
    ],
    "isTemplate": false,
    "count": 0,
    "updated": 0
  },
  {
    "id": "52d3521a-98e8-4186-8f32-24017eb9f242",
    "data": [
      {
        "text": "台南市南區",
        "alias": "address",
        "meta": "@sys.address",
        "userDefined": false
      },
      {
        "text": "現在幾度",
        "userDefined": false
      }
    ],
    "isTemplate": false,
    "count": 0,
    "updated": 0
  }
]