[
  {
    "id": "85c8d771-c9eb-4220-a26c-5566cf2a24ee",
    "data": [
      {
        "text": "e ",
        "userDefined": false
      },
      {
        "text": "chuva",
        "alias": "condition",
        "meta": "@weather-condition",
        "userDefined": true
      }
    ],
    "isTemplate": false,
    "count": 0,
    "updated": 0
  },
  {
    "id": "a2e09c41-7f6f-4f0e-ba5a-e671bda4a0c2",
    "data": [
      {
        "text": "e ",
        "userDefined": false
      },
      {
        "text": "neve",
        "alias": "condition",
        "meta": "@weather-condition",
        "userDefined": true
      }
    ],
    "isTemplate": false,
    "count": 0,
    "updated": 0
  }
]