[
  {
    "id": "2b95401b-338b-4be5-b809-9ac63a25610f",
    "data": [
      {
        "text": "skiing",
        "alias": "activity",
        "meta": "@activity",
        "userDefined": true
      }
    ],
    "isTemplate": false,
    "count": 0,
    "updated": 0
  },
  {
    "id": "be8909b1-2a82-4107-98d1-ac43f8fc2212",
    "data": [
      {
        "text": "and for ",
        "userDefined": false
      },
      {
        "text": "skating",
        "alias": "activity",
        "meta": "@activity",
        "userDefined": false
      }
    ],
    "isTemplate": false,
    "count": 0,
    "updated": 0
  },
  {
    "id": "61d24057-04ce-41e3-8559-850e85a638c0",
    "data": [
      {
        "text": "what about ",
        "userDefined": false
      },
      {
        "text": "swimming",
        "alias": "activity",
        "meta": "@activity",
        "userDefined": false
      }
    ],
    "isTemplate": false,
    "count": 0,
    "updated": 0
  }
]