[
  {
    "id": "ad2a1e75-48c1-4a59-be60-700205b67b75",
    "data": [
      {
        "text": "我還很想",
        "userDefined": false
      },
      {
        "text": "跑步",
        "alias": "activity",
        "meta": "@activity",
        "userDefined": false
      }
    ],
    "isTemplate": false,
    "count": 0,
    "updated": 0
  },
  {
    "id": "202b0da1-2df9-40bc-908c-39dc05ace6ef",
    "data": [
      {
        "text": "還能不能",
        "userDefined": false
      },
      {
        "text": "打雪仗",
        "alias": "activity",
        "meta": "@activity",
        "userDefined": false
      }
    ],
    "isTemplate": false,
    "count": 0,
    "updated": 0
  },
  {
    "id": "20cdbee1-c9eb-4850-9837-527041b5cd8f",
    "data": [
      {
        "text": "現在",
        "userDefined": false
      },
      {
        "text": "沖浪",
        "alias": "activity",
        "meta": "@activity",
        "userDefined": false
      }
    ],
    "isTemplate": false,
    "count": 0,
    "updated": 0
  },
  {
    "id": "c9bed7ac-c0d5-49d9-ba82-d8fd726d1388",
    "data": [
      {
        "text": "會不會",
        "userDefined": false
      },
      {
        "text": "遊泳",
        "alias": "activity",
        "meta": "@activity",
        "userDefined": false
      }
    ],
    "isTemplate": false,
    "count": 0,
    "updated": 0
  },
  {
    "id": "db720c4d-dda1-4b3a-b23e-37f1863274a3",
    "data": [
      {
        "text": "還需要",
        "userDefined": false
      },
      {
        "text": "自行車",
        "alias": "activity",
        "meta": "@activity",
        "userDefined": false
      }
    ],
    "isTemplate": false,
    "count": 0,
    "updated": 0
  },
  {
    "id": "87a85905-e7a7-4ab8-b2e7-6bb6ae54a653",
    "data": [
      {
        "text": "我還要",
        "userDefined": false
      },
      {
        "text": "單板滑雪",
        "alias": "activity",
        "meta": "@activity",
        "userDefined": false
      }
    ],
    "isTemplate": false,
    "count": 0,
    "updated": 0
  },
  {
    "id": "e456b35b-6fa0-4e59-9dff-49b64b0a5366",
    "data": [
      {
        "text": "關",
        "meta": "@sys.ignore",
        "userDefined": false
      },
      {
        "text": "于",
        "userDefined": false
      },
      {
        "text": "步行",
        "alias": "activity",
        "meta": "@activity",
        "userDefined": false
      }
    ],
    "isTemplate": false,
    "count": 0,
    "updated": 0
  },
  {
    "id": "ff527a11-ec50-472c-ab41-621818a3dda4",
    "data": [
      {
        "text": "怎麽能",
        "userDefined": false
      },
      {
        "text": "滑翔傘",
        "alias": "activity",
        "meta": "@activity",
        "userDefined": false
      }
    ],
    "isTemplate": false,
    "count": 0,
    "updated": 0
  },
  {
    "id": "d76f74dc-e9c5-4a07-b5e9-ced8050f1b5d",
    "data": [
      {
        "text": "還要",
        "userDefined": false
      },
      {
        "text": "滑雪",
        "alias": "activity",
        "meta": "@activity",
        "userDefined": false
      }
    ],
    "isTemplate": false,
    "count": 0,
    "updated": 0
  },
  {
    "id": "39e490e0-98fc-4609-9a99-da575bd5fa72",
    "data": [
      {
        "text": "能不能",
        "userDefined": false
      },
      {
        "text": "攀登",
        "alias": "activity",
        "meta": "@activity",
        "userDefined": false
      }
    ],
    "isTemplate": false,
    "count": 0,
    "updated": 0
  }
]