[
  {
    "id": "ce13d919-2a08-4183-b459-3bd58d45e621",
    "data": [
      {
        "text": "et la ",
        "userDefined": false
      },
      {
        "text": "neige",
        "alias": "condition",
        "meta": "@weather-condition",
        "userDefined": true
      }
    ],
    "isTemplate": false,
    "count": 0,
    "updated": 0
  },
  {
    "id": "212a4b6c-5947-4ef9-a3da-56aff6151348",
    "data": [
      {
        "text": "du ",
        "userDefined": false
      },
      {
        "text": "soleil",
        "alias": "condition",
        "meta": "@weather-condition",
        "userDefined": true
      }
    ],
    "isTemplate": false,
    "count": 0,
    "updated": 0
  },
  {
    "id": "16a8fc13-38c9-4937-bfa3-9c792329395f",
    "data": [
      {
        "text": "la ",
        "userDefined": false
      },
      {
        "text": "pluie",
        "alias": "condition",
        "meta": "@weather-condition",
        "userDefined": true
      }
    ],
    "isTemplate": false,
    "count": 0,
    "updated": 0
  }
]