[
  {
    "id": "b14eae34-b1bc-4f09-be75-a0e40d27214c",
    "data": [
      {
        "text": "还需要",
        "userDefined": false
      },
      {
        "text": "昨天",
        "alias": "date-time",
        "meta": "@sys.date-time",
        "userDefined": false
      }
    ],
    "isTemplate": false,
    "count": 0,
    "updated": 0
  },
  {
    "id": "206dbb5a-47e8-42b2-b3b2-bcec16253391",
    "data": [
      {
        "text": "会不会",
        "userDefined": false
      },
      {
        "text": "前天",
        "alias": "date-time",
        "meta": "@sys.date-time",
        "userDefined": false
      }
    ],
    "isTemplate": false,
    "count": 0,
    "updated": 0
  },
  {
    "id": "8000e09e-2808-4088-b9b0-757cb485237a",
    "data": [
      {
        "text": "还要",
        "userDefined": false
      },
      {
        "text": "明天",
        "alias": "date-time",
        "meta": "@sys.date-time",
        "userDefined": false
      }
    ],
    "isTemplate": false,
    "count": 0,
    "updated": 0
  },
  {
    "id": "fc668b3c-3f2a-4954-b7ab-e9e64a79f70e",
    "data": [
      {
        "text": "明天",
        "alias": "date-time",
        "meta": "@sys.date-time",
        "userDefined": false
      }
    ],
    "isTemplate": false,
    "count": 0,
    "updated": 0
  },
  {
    "id": "3d5a6fe3-bec3-40ec-b959-b72ad40fe609",
    "data": [
      {
        "text": "还能不能",
        "userDefined": false
      },
      {
        "text": "明天",
        "alias": "date-time",
        "meta": "@sys.date-time",
        "userDefined": false
      }
    ],
    "isTemplate": false,
    "count": 0,
    "updated": 0
  },
  {
    "id": "4bc59c2d-36ca-4243-91eb-21977d97a66d",
    "data": [
      {
        "text": "关于",
        "userDefined": false
      },
      {
        "text": "两天后",
        "alias": "date-time",
        "meta": "@sys.date-time",
        "userDefined": true
      }
    ],
    "isTemplate": false,
    "count": 0,
    "updated": 0
  },
  {
    "id": "f7c862ce-5277-420e-a587-ef3d8d30a1fd",
    "data": [
      {
        "text": "关",
        "meta": "@sys.ignore",
        "userDefined": false
      },
      {
        "text": "于",
        "userDefined": false
      },
      {
        "text": "明天",
        "alias": "date-time",
        "meta": "@sys.date-time",
        "userDefined": false
      }
    ],
    "isTemplate": false,
    "count": 0,
    "updated": 0
  },
  {
    "id": "6931320c-ad53-49c3-bf95-044e52844662",
    "data": [
      {
        "text": "能不能",
        "userDefined": false
      },
      {
        "text": "下星期五",
        "alias": "date-time",
        "meta": "@sys.date-time",
        "userDefined": false
      }
    ],
    "isTemplate": false,
    "count": 0,
    "updated": 0
  },
  {
    "id": "4c0a94ff-acaf-4d55-8052-e90a028bb2cc",
    "data": [
      {
        "text": "我还很想",
        "userDefined": false
      },
      {
        "text": "一月一号",
        "alias": "date-time",
        "meta": "@sys.date-time",
        "userDefined": false
      }
    ],
    "isTemplate": false,
    "count": 0,
    "updated": 0
  },
  {
    "id": "683fa084-663a-4ed2-ab48-f8f6cd0b23bd",
    "data": [
      {
        "text": "星期六",
        "alias": "date-time",
        "meta": "@sys.date-time",
        "userDefined": false
      },
      {
        "text": "呢",
        "userDefined": false
      }
    ],
    "isTemplate": false,
    "count": 0,
    "updated": 0
  },
  {
    "id": "48b8a9e6-19b4-4d30-ba06-96ee99ade104",
    "data": [
      {
        "text": "现在",
        "userDefined": false
      },
      {
        "text": "明天",
        "alias": "date-time",
        "meta": "@sys.date-time",
        "userDefined": false
      }
    ],
    "isTemplate": false,
    "count": 0,
    "updated": 0
  },
  {
    "id": "bf3f60ca-85b6-4b2f-bcbe-e67d0752852f",
    "data": [
      {
        "text": "我还要",
        "userDefined": false
      },
      {
        "text": "昨天",
        "alias": "date-time",
        "meta": "@sys.date-time",
        "userDefined": false
      }
    ],
    "isTemplate": false,
    "count": 0,
    "updated": 0
  },
  {
    "id": "fc3e3189-b497-4e0a-a844-cd9c04b368c1",
    "data": [
      {
        "text": "怎么能",
        "userDefined": false
      },
      {
        "text": "下个星期日",
        "alias": "date-time",
        "meta": "@sys.date-time",
        "userDefined": false
      }
    ],
    "isTemplate": false,
    "count": 0,
    "updated": 0
  },
  {
    "id": "e13a16fb-642e-45f9-8762-2dc7548577a9",
    "data": [
      {
        "text": "还要",
        "userDefined": false
      },
      {
        "text": "三天前",
        "alias": "date-time",
        "meta": "@sys.date-time",
        "userDefined": false
      }
    ],
    "isTemplate": false,
    "count": 0,
    "updated": 0
  }
]