[
  {
    "id": "82915d53-c27a-4807-89e9-afed8f9bbe87",
    "data": [
      {
        "text": "天気、",
        "userDefined": false
      },
      {
        "text": "神戸",
        "alias": "address",
        "meta": "@sys.location",
        "userDefined": true
      }
    ],
    "isTemplate": false,
    "count": 0,
    "updated": 0
  },
  {
    "id": "452dfaba-4b49-4145-8319-173ee30f773d",
    "data": [
      {
        "text": "明日",
        "alias": "date-time",
        "meta": "@sys.date-time",
        "userDefined": true
      },
      {
        "text": "の",
        "userDefined": false
      },
      {
        "text": "ニューヨーク",
        "alias": "address",
        "meta": "@sys.location",
        "userDefined": true
      },
      {
        "text": "の天気は",
        "userDefined": false
      }
    ],
    "isTemplate": false,
    "count": 0,
    "updated": 0
  },
  {
    "id": "3346f42e-712b-4573-8d74-c3683261c87e",
    "data": [
      {
        "text": "5日後",
        "alias": "date-time",
        "meta": "@sys.date-time",
        "userDefined": true
      },
      {
        "text": "の",
        "userDefined": false
      },
      {
        "text": "ロンドン",
        "alias": "address",
        "meta": "@sys.location",
        "userDefined": true
      },
      {
        "text": "の天気",
        "userDefined": false
      }
    ],
    "isTemplate": false,
    "count": 1,
    "updated": 0
  },
  {
    "id": "bed2b341-ee1c-4299-919d-7e3e59fcf6a8",
    "data": [
      {
        "text": "東京",
        "alias": "address",
        "meta": "@sys.location",
        "userDefined": true
      },
      {
        "text": "の天気を",
        "userDefined": false
      },
      {
        "text": "摂氏",
        "alias": "unit",
        "meta": "@unit-temperature",
        "userDefined": true
      },
      {
        "text": "で",
        "userDefined": false
      }
    ],
    "isTemplate": false,
    "count": 0,
    "updated": 0
  },
  {
    "id": "73f45619-8eb0-4633-a9e2-f09f902c5c32",
    "data": [
      {
        "text": "明日",
        "alias": "date-time",
        "meta": "@sys.date-time",
        "userDefined": true
      },
      {
        "text": "の",
        "userDefined": false
      },
      {
        "text": "福岡市",
        "alias": "address",
        "meta": "@sys.location",
        "userDefined": true
      },
      {
        "text": "の天気は",
        "userDefined": false
      }
    ],
    "isTemplate": false,
    "count": 0,
    "updated": 0
  },
  {
    "id": "b6867844-7c18-4648-9a6e-c8d19933bbc5",
    "data": [
      {
        "text": "ハワイ",
        "alias": "address",
        "meta": "@sys.location",
        "userDefined": true
      },
      {
        "text": "の天気",
        "userDefined": false
      }
    ],
    "isTemplate": false,
    "count": 0,
    "updated": 0
  },
  {
    "id": "f485e9ca-e406-48f1-a753-86bdc3d6c93a",
    "data": [
      {
        "text": "香港",
        "alias": "address",
        "meta": "@sys.location",
        "userDefined": true
      },
      {
        "text": "の天気予報を教えてください",
        "userDefined": false
      }
    ],
    "isTemplate": false,
    "count": 0,
    "updated": 0
  },
  {
    "id": "4374f322-a940-4f69-a91d-3a133dfc1268",
    "data": [
      {
        "text": "今日",
        "alias": "date-time",
        "meta": "@sys.date-time",
        "userDefined": true
      },
      {
        "text": "の天気を教えて",
        "userDefined": false
      }
    ],
    "isTemplate": false,
    "count": 0,
    "updated": 0
  },
  {
    "id": "92ec60bf-72c5-4246-9f0f-90028b23c09e",
    "data": [
      {
        "text": "横浜",
        "alias": "address",
        "meta": "@sys.location",
        "userDefined": true
      },
      {
        "text": "の天気は",
        "userDefined": false
      }
    ],
    "isTemplate": false,
    "count": 0,
    "updated": 0
  },
  {
    "id": "92e4a337-386e-4624-8b45-9dd20539e99b",
    "data": [
      {
        "text": "大阪",
        "alias": "address",
        "meta": "@sys.location",
        "userDefined": true
      },
      {
        "text": "の天気は",
        "userDefined": false
      }
    ],
    "isTemplate": false,
    "count": 0,
    "updated": 0
  },
  {
    "id": "532f4404-e130-4760-89a0-4936be9c5514",
    "data": [
      {
        "text": "今週末",
        "alias": "date-time",
        "meta": "@sys.date-time",
        "userDefined": false
      },
      {
        "text": "の天気",
        "userDefined": false
      }
    ],
    "isTemplate": false,
    "count": 0,
    "updated": 0
  },
  {
    "id": "42fb879d-e4f8-4097-acc2-24cded485d9c",
    "data": [
      {
        "text": "仙台市",
        "alias": "address",
        "meta": "@sys.location",
        "userDefined": false
      },
      {
        "text": "の天気は何ですか",
        "userDefined": false
      }
    ],
    "isTemplate": false,
    "count": 0,
    "updated": 0
  },
  {
    "id": "10c6afcf-450b-4472-9169-5e838f7a8cc5",
    "data": [
      {
        "text": "明日",
        "alias": "date-time",
        "meta": "@sys.date-time",
        "userDefined": false
      },
      {
        "text": "の天気はどうなりますか",
        "userDefined": false
      }
    ],
    "isTemplate": false,
    "count": 0,
    "updated": 0
  },
  {
    "id": "d1b07919-f336-4c79-a335-aa5b3a55735f",
    "data": [
      {
        "text": "お天気はどう",
        "userDefined": false
      }
    ],
    "isTemplate": false,
    "count": 0,
    "updated": 0
  },
  {
    "id": "c05db240-7b04-4f12-b670-4b90ac656fa4",
    "data": [
      {
        "text": "今晩",
        "alias": "date-time",
        "meta": "@sys.date-time",
        "userDefined": false
      },
      {
        "text": "の",
        "userDefined": false
      },
      {
        "text": "ロンドン",
        "alias": "address",
        "meta": "@sys.location",
        "userDefined": false
      },
      {
        "text": "お天気は何になるの",
        "userDefined": false
      }
    ],
    "isTemplate": false,
    "count": 0,
    "updated": 0
  },
  {
    "id": "8f20f013-6198-4710-9dd5-54f8b4a02fdf",
    "data": [
      {
        "text": "天気予報",
        "userDefined": false
      }
    ],
    "isTemplate": false,
    "count": 0,
    "updated": 0
  },
  {
    "id": "62e0a903-6951-4d53-8a5c-c9e641e14c96",
    "data": [
      {
        "text": "天気はなんですか",
        "userDefined": false
      }
    ],
    "isTemplate": false,
    "count": 2,
    "updated": 0
  },
  {
    "id": "32051819-53a6-4551-b6dc-d57fa07566c5",
    "data": [
      {
        "text": "天気を教えて",
        "userDefined": false
      }
    ],
    "isTemplate": false,
    "count": 1,
    "updated": 0
  }
]