[
  {
    "id": "3291387c-5949-47ca-bff3-e974b9ac3041",
    "data": [
      {
        "text": "wird es dort auch ",
        "userDefined": false
      },
      {
        "text": "schneien",
        "alias": "condition",
        "meta": "@weather-condition",
        "userDefined": false
      }
    ],
    "isTemplate": false,
    "count": 0,
    "updated": 0
  },
  {
    "id": "94777f95-e2e2-4fd4-aa28-a184f87a7b55",
    "data": [
      {
        "text": "wird es dort ",
        "userDefined": false
      },
      {
        "text": "Regen",
        "alias": "condition",
        "meta": "@weather-condition",
        "userDefined": false
      },
      {
        "text": " geben",
        "userDefined": false
      }
    ],
    "isTemplate": false,
    "count": 0,
    "updated": 0
  },
  {
    "id": "9748848a-604f-4bbd-93eb-5630ca667291",
    "data": [
      {
        "text": "wird dort die ",
        "userDefined": false
      },
      {
        "text": "Sonne",
        "alias": "condition",
        "meta": "@weather-condition",
        "userDefined": false
      },
      {
        "text": " scheinen",
        "userDefined": false
      }
    ],
    "isTemplate": false,
    "count": 0,
    "updated": 0
  },
  {
    "id": "818a36c0-b378-4700-87da-e1f2ab9005b6",
    "data": [
      {
        "text": "regnet",
        "alias": "condition",
        "meta": "@weather-condition",
        "userDefined": false
      },
      {
        "text": " es dort",
        "userDefined": false
      }
    ],
    "isTemplate": false,
    "count": 0,
    "updated": 0
  },
  {
    "id": "e4532fef-ce4a-4dfd-904d-852da3d9e050",
    "data": [
      {
        "text": "muss ich mit ",
        "userDefined": false
      },
      {
        "text": "Regen",
        "alias": "condition",
        "meta": "@weather-condition",
        "userDefined": false
      },
      {
        "text": " rechnen",
        "userDefined": false
      }
    ],
    "isTemplate": false,
    "count": 0,
    "updated": 0
  },
  {
    "id": "03a656dc-9151-4e69-970c-6bc2340fb7a3",
    "data": [
      {
        "text": "wie sieht es mit ",
        "userDefined": false
      },
      {
        "text": "Regen",
        "alias": "condition",
        "meta": "@weather-condition",
        "userDefined": true
      },
      {
        "text": " aus",
        "userDefined": false
      }
    ],
    "isTemplate": false,
    "count": 0,
    "updated": 0
  },
  {
    "id": "a7e225ab-bbc8-4d83-8267-7d3fc4076c74",
    "data": [
      {
        "text": "und ",
        "userDefined": false
      },
      {
        "text": "Schnee",
        "alias": "condition",
        "meta": "@weather-condition",
        "userDefined": false
      }
    ],
    "isTemplate": false,
    "count": 0,
    "updated": 0
  },
  {
    "id": "d7de54bf-2d6c-4092-9cc2-6a51298ab1ba",
    "data": [
      {
        "text": "gibt es dort ",
        "userDefined": false
      },
      {
        "text": "Sonnenschein",
        "alias": "condition",
        "meta": "@weather-condition",
        "userDefined": true
      }
    ],
    "isTemplate": false,
    "count": 0,
    "updated": 0
  },
  {
    "id": "c543e689-b12a-4a1f-b8aa-daaed6a15b75",
    "data": [
      {
        "text": "wird es dort ",
        "userDefined": false
      },
      {
        "text": "regnen",
        "alias": "condition",
        "meta": "@weather-condition",
        "userDefined": false
      }
    ],
    "isTemplate": false,
    "count": 0,
    "updated": 0
  },
  {
    "id": "b765d097-b854-416b-a095-5c7233a98fd9",
    "data": [
      {
        "text": "wird es dort ",
        "userDefined": false
      },
      {
        "text": "sonnig",
        "alias": "condition",
        "meta": "@weather-condition",
        "userDefined": true
      }
    ],
    "isTemplate": false,
    "count": 0,
    "updated": 0
  }
]