[
  {
    "id": "20cc917a-9c5f-446f-b475-b38d81ff6bdb",
    "data": [
      {
        "text": "還在",
        "userDefined": false
      },
      {
        "text": "武漢",
        "alias": "address",
        "meta": "@sys.address",
        "userDefined": false
      },
      {
        "text": "呢",
        "userDefined": false
      }
    ],
    "isTemplate": false,
    "count": 0,
    "updated": 0
  },
  {
    "id": "a8ffb2b4-03d0-4c14-b639-f13539ed84e3",
    "data": [
      {
        "text": "告訴我在",
        "userDefined": false
      },
      {
        "text": "廣州",
        "alias": "address",
        "meta": "@sys.address",
        "userDefined": false
      }
    ],
    "isTemplate": false,
    "count": 0,
    "updated": 0
  },
  {
    "id": "55f64286-45a4-4ce3-b26a-152267c6e28c",
    "data": [
      {
        "text": "還在",
        "userDefined": false
      },
      {
        "text": "甯波",
        "alias": "address",
        "meta": "@sys.address",
        "userDefined": true
      }
    ],
    "isTemplate": false,
    "count": 0,
    "updated": 0
  },
  {
    "id": "ac488a69-8229-4a6f-a295-172181d682cb",
    "data": [
      {
        "text": "關于",
        "userDefined": false
      },
      {
        "text": "廈門",
        "alias": "address",
        "meta": "@sys.address",
        "userDefined": false
      }
    ],
    "isTemplate": false,
    "count": 0,
    "updated": 0
  },
  {
    "id": "b4a21c8b-8450-4f41-b175-0e6fe3a4207a",
    "data": [
      {
        "text": "告訴我在",
        "userDefined": false
      },
      {
        "text": "廣州",
        "alias": "address",
        "meta": "@sys.address",
        "userDefined": false
      },
      {
        "text": "怎麽樣",
        "userDefined": false
      }
    ],
    "isTemplate": false,
    "count": 0,
    "updated": 0
  },
  {
    "id": "e31e1ac8-2cd9-40c7-9cbf-3469156a69df",
    "data": [
      {
        "text": "在",
        "userDefined": false
      },
      {
        "text": "北京",
        "alias": "address",
        "meta": "@sys.address",
        "userDefined": false
      }
    ],
    "isTemplate": false,
    "count": 0,
    "updated": 0
  },
  {
    "id": "0f3f7dda-c6ea-423f-8157-076df32c6439",
    "data": [
      {
        "text": "在",
        "userDefined": false
      },
      {
        "text": "香港",
        "alias": "address",
        "meta": "@sys.address",
        "userDefined": false
      },
      {
        "text": "呢",
        "userDefined": false
      }
    ],
    "isTemplate": false,
    "count": 0,
    "updated": 0
  },
  {
    "id": "c0774ecc-e319-438c-99ed-820f20cfb7d1",
    "data": [
      {
        "text": "在",
        "userDefined": false
      },
      {
        "text": "遼甯",
        "alias": "address",
        "meta": "@sys.address",
        "userDefined": false
      },
      {
        "text": "嗎",
        "userDefined": false
      }
    ],
    "isTemplate": false,
    "count": 0,
    "updated": 0
  },
  {
    "id": "99c7c628-ebd8-4705-991a-a061157f4602",
    "data": [
      {
        "text": "在",
        "userDefined": false
      },
      {
        "text": "杭州",
        "alias": "address",
        "meta": "@sys.address",
        "userDefined": true
      }
    ],
    "isTemplate": false,
    "count": 0,
    "updated": 0
  },
  {
    "id": "1e161466-bc90-4e6b-b248-dc2ce03c6e47",
    "data": [
      {
        "text": "還在",
        "userDefined": false
      },
      {
        "text": "上海",
        "alias": "address",
        "meta": "@sys.address",
        "userDefined": true
      }
    ],
    "isTemplate": false,
    "count": 0,
    "updated": 0
  }
]