[
  {
    "id": "8fbd12ab-802b-4ee6-b957-9725994f6c13",
    "data": [
      {
        "text": "a qué temperatura estamos ",
        "userDefined": false
      },
      {
        "text": "hoy",
        "alias": "date-time",
        "meta": "@sys.date-time",
        "userDefined": true
      },
      {
        "text": " en ",
        "userDefined": false
      },
      {
        "text": "Valladolid",
        "alias": "address",
        "meta": "@sys.location",
        "userDefined": true
      }
    ],
    "isTemplate": false,
    "count": 0,
    "updated": 0
  },
  {
    "id": "635624c6-cc9d-4b44-b580-fcd30ecb090e",
    "data": [
      {
        "text": "las temperaturas en ",
        "userDefined": false
      },
      {
        "text": "Quito",
        "alias": "address",
        "meta": "@sys.location",
        "userDefined": true
      },
      {
        "text": " en ",
        "userDefined": false
      },
      {
        "text": "Centígrados",
        "alias": "unit",
        "meta": "@unit-temperature",
        "userDefined": true
      }
    ],
    "isTemplate": false,
    "count": 0,
    "updated": 0
  },
  {
    "id": "7e55142a-7465-499d-83b9-6ad5af7608e4",
    "data": [
      {
        "text": "comprueba las temperaturas en ",
        "userDefined": false
      },
      {
        "text": "Mallorca",
        "alias": "address",
        "meta": "@sys.location",
        "userDefined": true
      },
      {
        "text": " para la ",
        "userDefined": false
      },
      {
        "text": "semana que viene",
        "alias": "date-time",
        "meta": "@sys.date-time",
        "userDefined": true
      }
    ],
    "isTemplate": false,
    "count": 0,
    "updated": 0
  },
  {
    "id": "5a95b76c-23df-4724-b4f0-a36dd2d258a5",
    "data": [
      {
        "text": "sabes si hace mucho ",
        "userDefined": false
      },
      {
        "text": "frío",
        "alias": "temperature",
        "meta": "@temperature",
        "userDefined": true
      },
      {
        "text": " en ",
        "userDefined": false
      },
      {
        "text": "diciembre",
        "alias": "date-time",
        "meta": "@sys.date-time",
        "userDefined": true
      },
      {
        "text": " en ",
        "userDefined": false
      },
      {
        "text": "Moscú",
        "alias": "address",
        "meta": "@sys.location",
        "userDefined": true
      }
    ],
    "isTemplate": false,
    "count": 0,
    "updated": 0
  },
  {
    "id": "5681884a-cbec-41df-869a-9fc9dac9607a",
    "data": [
      {
        "text": "hará ",
        "userDefined": false
      },
      {
        "text": "frío",
        "alias": "temperature",
        "meta": "@temperature",
        "userDefined": true
      },
      {
        "text": " ",
        "userDefined": false
      },
      {
        "text": "esta noche",
        "alias": "date-time",
        "meta": "@sys.date-time",
        "userDefined": true
      }
    ],
    "isTemplate": false,
    "count": 0,
    "updated": 0
  },
  {
    "id": "cf546c55-4221-4112-a6a1-7df18254aae0",
    "data": [
      {
        "text": "dime la temperatura en ",
        "userDefined": false
      },
      {
        "text": "Barcelona",
        "alias": "address",
        "meta": "@sys.location",
        "userDefined": true
      },
      {
        "text": " para mañana",
        "userDefined": false
      }
    ],
    "isTemplate": false,
    "count": 0,
    "updated": 0
  },
  {
    "id": "54400f3b-09c9-4cfd-85f0-354207592e3a",
    "data": [
      {
        "text": "temperaturas en ",
        "userDefined": false
      },
      {
        "text": "Ibiza",
        "alias": "address",
        "meta": "@sys.location",
        "userDefined": true
      },
      {
        "text": " en ",
        "userDefined": false
      },
      {
        "text": "agosto",
        "alias": "date-time",
        "meta": "@sys.date-time",
        "userDefined": true
      }
    ],
    "isTemplate": false,
    "count": 0,
    "updated": 0
  },
  {
    "id": "162e8f98-3752-4cb2-9edf-3ccc1fc1c717",
    "data": [
      {
        "text": "sabes si ahora hace ",
        "userDefined": false
      },
      {
        "text": "frío",
        "alias": "temperature",
        "meta": "@temperature",
        "userDefined": true
      },
      {
        "text": " fuera",
        "userDefined": false
      }
    ],
    "isTemplate": false,
    "count": 0,
    "updated": 0
  },
  {
    "id": "bed929c6-1b6c-4482-83dc-ade25f733ae8",
    "data": [
      {
        "text": "qué ",
        "userDefined": false
      },
      {
        "text": "calor",
        "alias": "temperature",
        "meta": "@temperature",
        "userDefined": true
      },
      {
        "text": " hace",
        "userDefined": false
      }
    ],
    "isTemplate": false,
    "count": 0,
    "updated": 0
  },
  {
    "id": "e7c6544b-6c60-454c-83f7-696fad14f4fd",
    "data": [
      {
        "text": "qué tan ",
        "userDefined": false
      },
      {
        "text": "frío",
        "alias": "temperature",
        "meta": "@temperature",
        "userDefined": true
      },
      {
        "text": " está afuera",
        "userDefined": false
      }
    ],
    "isTemplate": false,
    "count": 0,
    "updated": 0
  },
  {
    "id": "9d33946a-c610-4447-8520-7c87676e1748",
    "data": [
      {
        "text": "muéstrame las temperaturas para el ",
        "userDefined": false
      },
      {
        "text": "22 de agosto",
        "alias": "date-time",
        "meta": "@sys.date-time",
        "userDefined": true
      }
    ],
    "isTemplate": false,
    "count": 0,
    "updated": 0
  },
  {
    "id": "68120005-5391-408d-bb93-4f69cf696c06",
    "data": [
      {
        "text": "hace mucho ",
        "userDefined": false
      },
      {
        "text": "frío",
        "alias": "temperature",
        "meta": "@temperature",
        "userDefined": true
      },
      {
        "text": " en ",
        "userDefined": false
      },
      {
        "text": "Madrid",
        "alias": "address",
        "meta": "@sys.location",
        "userDefined": true
      }
    ],
    "isTemplate": false,
    "count": 0,
    "updated": 0
  },
  {
    "id": "98d6ccfd-574e-4fed-9016-d439d02b85e7",
    "data": [
      {
        "text": "qué temperatura hace",
        "userDefined": false
      }
    ],
    "isTemplate": false,
    "count": 0,
    "updated": 0
  },
  {
    "id": "c6d510e0-d4f6-492c-bc01-3140afd9a664",
    "data": [
      {
        "text": "qué temperatura hará el ",
        "userDefined": false
      },
      {
        "text": "17 de noviembre",
        "alias": "date-time",
        "meta": "@sys.date-time",
        "userDefined": true
      },
      {
        "text": " en ",
        "userDefined": false
      },
      {
        "text": "Barcelona",
        "alias": "address",
        "meta": "@sys.location",
        "userDefined": true
      }
    ],
    "isTemplate": false,
    "count": 0,
    "updated": 0
  },
  {
    "id": "3c05e4b6-19b5-40fe-80ad-15b93f4ce2ee",
    "data": [
      {
        "text": "hace",
        "meta": "@sys.ignore",
        "userDefined": true
      },
      {
        "text": " ",
        "userDefined": false
      },
      {
        "text": "calor",
        "alias": "temperature",
        "meta": "@temperature",
        "userDefined": true
      },
      {
        "text": " afuera",
        "userDefined": false
      }
    ],
    "isTemplate": false,
    "count": 0,
    "updated": 0
  },
  {
    "id": "f477f5b2-bcba-4581-8a26-14c8b5c000e5",
    "data": [
      {
        "text": "dime qué temperaturas habrá ",
        "userDefined": false
      },
      {
        "text": "mañana",
        "alias": "date-time",
        "meta": "@sys.date-time",
        "userDefined": true
      },
      {
        "text": " en grados ",
        "userDefined": false
      },
      {
        "text": "Fahrenheit",
        "alias": "unit",
        "meta": "@unit-temperature",
        "userDefined": true
      }
    ],
    "isTemplate": false,
    "count": 2,
    "updated": 0
  },
  {
    "id": "c0cc863d-6feb-4ba3-9141-f75d089023fe",
    "data": [
      {
        "text": "temperaturas en ",
        "userDefined": false
      },
      {
        "text": "Lima",
        "alias": "address",
        "meta": "@sys.location",
        "userDefined": true
      },
      {
        "text": " en grados ",
        "userDefined": false
      },
      {
        "text": "Centígrados",
        "alias": "unit",
        "meta": "@unit-temperature",
        "userDefined": true
      }
    ],
    "isTemplate": false,
    "count": 0,
    "updated": 0
  },
  {
    "id": "78b0ad69-8780-42e2-8ce2-b9b122eb2b7e",
    "data": [
      {
        "text": "qué temperatura hace en ",
        "userDefined": false
      },
      {
        "text": "París",
        "alias": "address",
        "meta": "@sys.location",
        "userDefined": true
      }
    ],
    "isTemplate": false,
    "count": 0,
    "updated": 0
  },
  {
    "id": "2893068b-061e-4c10-9954-0cabc2b3072e",
    "data": [
      {
        "text": "hará mucho ",
        "userDefined": false
      },
      {
        "text": "calor",
        "alias": "temperature",
        "meta": "@temperature",
        "userDefined": true
      },
      {
        "text": " mañana en ",
        "userDefined": false
      },
      {
        "text": "Londres",
        "alias": "address",
        "meta": "@sys.location",
        "userDefined": true
      }
    ],
    "isTemplate": false,
    "count": 0,
    "updated": 0
  },
  {
    "id": "ad2de4f3-f0f4-4ce2-b8f1-c168ac2e4cfb",
    "data": [
      {
        "text": "dime si está ",
        "userDefined": false
      },
      {
        "text": "caluroso",
        "alias": "temperature",
        "meta": "@temperature",
        "userDefined": true
      },
      {
        "text": " afuera",
        "userDefined": false
      }
    ],
    "isTemplate": false,
    "count": 0,
    "updated": 0
  },
  {
    "id": "68cd8368-2681-4c5a-8ca0-9c8f4a4bddcb",
    "data": [
      {
        "text": "hará ",
        "userDefined": false
      },
      {
        "text": "frío",
        "alias": "temperature",
        "meta": "@temperature",
        "userDefined": true
      },
      {
        "text": " ",
        "userDefined": false
      },
      {
        "text": "hoy por la noche",
        "alias": "date-time",
        "meta": "@sys.date-time",
        "userDefined": true
      }
    ],
    "isTemplate": false,
    "count": 0,
    "updated": 0
  },
  {
    "id": "a77fc6b4-bb8e-4b8d-89b9-883b591dd4ed",
    "data": [
      {
        "text": "cómo será la temperatura ",
        "userDefined": false
      },
      {
        "text": "mañana",
        "alias": "date-time",
        "meta": "@sys.date-time",
        "userDefined": true
      }
    ],
    "isTemplate": false,
    "count": 0,
    "updated": 0
  },
  {
    "id": "c842ae5d-c316-4073-823b-52ca0807eea8",
    "data": [
      {
        "text": "temperaturas en ",
        "userDefined": false
      },
      {
        "text": "Salamanca",
        "alias": "address",
        "meta": "@sys.location",
        "userDefined": true
      },
      {
        "text": " en ",
        "userDefined": false
      },
      {
        "text": "Fahrenheit",
        "alias": "unit",
        "meta": "@unit-temperature",
        "userDefined": true
      }
    ],
    "isTemplate": false,
    "count": 0,
    "updated": 0
  }
]