[
  {
    "id": "a0f103f2-147c-4523-b1ce-61b13aa91b67",
    "data": [
      {
        "text": "sollte ",
        "userDefined": false
      },
      {
        "text": "man",
        "meta": "@sys.ignore",
        "userDefined": false
      },
      {
        "text": " einen ",
        "userDefined": false
      },
      {
        "text": "Schirm",
        "alias": "outfit",
        "meta": "@outfit",
        "userDefined": true
      },
      {
        "text": " mitnehmen",
        "userDefined": false
      }
    ],
    "isTemplate": false,
    "count": 0,
    "updated": 0
  },
  {
    "id": "e86d38ce-e10e-4faa-a13b-e53e3b4ed24d",
    "data": [
      {
        "text": "brauche ich einen ",
        "userDefined": false
      },
      {
        "text": "Schirm",
        "alias": "outfit",
        "meta": "@outfit",
        "userDefined": true
      }
    ],
    "isTemplate": false,
    "count": 0,
    "updated": 0
  },
  {
    "id": "cb378a61-e147-42ba-a3a9-33fbbac0eadc",
    "data": [
      {
        "text": "sollte ich einen ",
        "userDefined": false
      },
      {
        "text": "Regenschirm",
        "alias": "outfit",
        "meta": "@outfit",
        "userDefined": false
      },
      {
        "text": " einpacken",
        "userDefined": false
      }
    ],
    "isTemplate": false,
    "count": 0,
    "updated": 0
  },
  {
    "id": "6ddbd4be-4a37-4760-899b-eb35db75c885",
    "data": [
      {
        "text": "muss ich eine ",
        "userDefined": false
      },
      {
        "text": "Sonnenbrille",
        "alias": "outfit",
        "meta": "@outfit",
        "userDefined": false
      },
      {
        "text": " aufsetzen",
        "userDefined": false
      }
    ],
    "isTemplate": false,
    "count": 0,
    "updated": 0
  },
  {
    "id": "52b20327-4c4a-4ccb-a328-c0d1afb1f71d",
    "data": [
      {
        "text": "und eine ",
        "userDefined": false
      },
      {
        "text": "Jacke",
        "alias": "outfit",
        "meta": "@outfit",
        "userDefined": false
      }
    ],
    "isTemplate": false,
    "count": 0,
    "updated": 0
  },
  {
    "id": "98f04d47-ae23-4af9-ac6a-01cf96264b06",
    "data": [
      {
        "text": "und was ",
        "userDefined": false
      },
      {
        "text": "ist",
        "meta": "@sys.ignore",
        "userDefined": false
      },
      {
        "text": " mit einer ",
        "userDefined": false
      },
      {
        "text": "Sonnenbrille",
        "alias": "outfit",
        "meta": "@outfit",
        "userDefined": false
      }
    ],
    "isTemplate": false,
    "count": 0,
    "updated": 0
  },
  {
    "id": "7066cc57-9bb2-4818-ae96-16c18328e608",
    "data": [
      {
        "text": "brauche ich auch einen ",
        "userDefined": false
      },
      {
        "text": "Mantel",
        "alias": "outfit",
        "meta": "@outfit",
        "userDefined": false
      }
    ],
    "isTemplate": false,
    "count": 0,
    "updated": 0
  },
  {
    "id": "65594c12-da65-4825-b791-7886c1dc32ea",
    "data": [
      {
        "text": "und einen ",
        "userDefined": false
      },
      {
        "text": "Regenschirm",
        "alias": "outfit",
        "meta": "@outfit",
        "userDefined": false
      }
    ],
    "isTemplate": false,
    "count": 0,
    "updated": 0
  }
]