[
  {
    "id": "ac507f75-d7eb-49ce-89a8-5302b8bdd797",
    "data": [
      {
        "text": "pero ",
        "userDefined": false
      },
      {
        "text": "una",
        "meta": "@sys.ignore",
        "userDefined": true
      },
      {
        "text": " ",
        "userDefined": false
      },
      {
        "text": "chaqueta",
        "alias": "outfit",
        "meta": "@outfit",
        "userDefined": true
      }
    ],
    "isTemplate": false,
    "count": 0,
    "updated": 0
  },
  {
    "id": "25589b2b-1d9e-4ab0-af93-c0e4c49e78ea",
    "data": [
      {
        "text": "y el ",
        "userDefined": false
      },
      {
        "text": "impermeable",
        "alias": "outfit",
        "meta": "@outfit",
        "userDefined": true
      }
    ],
    "isTemplate": false,
    "count": 0,
    "updated": 0
  },
  {
    "id": "716aaba0-15d4-49cc-afce-a0156ff3d380",
    "data": [
      {
        "text": "y unas",
        "meta": "@sys.ignore",
        "userDefined": true
      },
      {
        "text": " ",
        "userDefined": false
      },
      {
        "text": "gafas de sol",
        "alias": "outfit",
        "meta": "@outfit",
        "userDefined": true
      }
    ],
    "isTemplate": false,
    "count": 0,
    "updated": 0
  },
  {
    "id": "deefec80-b8f5-4102-beb6-80241909db0d",
    "data": [
      {
        "text": "guantes",
        "alias": "outfit",
        "meta": "@outfit",
        "userDefined": true
      },
      {
        "text": " también",
        "userDefined": false
      }
    ],
    "isTemplate": false,
    "count": 0,
    "updated": 0
  },
  {
    "id": "b46f81f7-5929-44cc-91cd-f274d485df35",
    "data": [
      {
        "text": "y mi ",
        "userDefined": false
      },
      {
        "text": "paraguas",
        "alias": "outfit",
        "meta": "@outfit",
        "userDefined": true
      }
    ],
    "isTemplate": false,
    "count": 0,
    "updated": 0
  }
]