[
  {
    "id": "a3ff90ef-b56a-464d-8852-92a0e429e9b5",
    "data": [
      {
        "text": "现在",
        "userDefined": false
      },
      {
        "text": "冲浪",
        "alias": "activity",
        "meta": "@activity",
        "userDefined": false
      }
    ],
    "isTemplate": false,
    "count": 0,
    "updated": 0
  },
  {
    "id": "f14e5ea8-fd3d-4e11-83cd-debb5a4a3d90",
    "data": [
      {
        "text": "还需要",
        "userDefined": false
      },
      {
        "text": "自行车",
        "alias": "activity",
        "meta": "@activity",
        "userDefined": false
      }
    ],
    "isTemplate": false,
    "count": 0,
    "updated": 0
  },
  {
    "id": "2c94a01e-47d0-4e32-b74f-a23ef5a2b2fb",
    "data": [
      {
        "text": "我还要",
        "userDefined": false
      },
      {
        "text": "单板滑雪",
        "alias": "activity",
        "meta": "@activity",
        "userDefined": false
      }
    ],
    "isTemplate": false,
    "count": 0,
    "updated": 0
  },
  {
    "id": "0ff5b65a-c8a3-42f4-abc4-03b515cc2515",
    "data": [
      {
        "text": "还要",
        "userDefined": false
      },
      {
        "text": "滑雪",
        "alias": "activity",
        "meta": "@activity",
        "userDefined": false
      }
    ],
    "isTemplate": false,
    "count": 0,
    "updated": 0
  },
  {
    "id": "04c6d58f-fb54-4560-862c-802d7fbdf5d0",
    "data": [
      {
        "text": "关",
        "meta": "@sys.ignore",
        "userDefined": false
      },
      {
        "text": "于",
        "userDefined": false
      },
      {
        "text": "步行",
        "alias": "activity",
        "meta": "@activity",
        "userDefined": false
      }
    ],
    "isTemplate": false,
    "count": 0,
    "updated": 0
  },
  {
    "id": "83b83366-984b-4e66-a5d9-ee0088a6c26f",
    "data": [
      {
        "text": "会不会",
        "userDefined": false
      },
      {
        "text": "游泳",
        "alias": "activity",
        "meta": "@activity",
        "userDefined": false
      }
    ],
    "isTemplate": false,
    "count": 0,
    "updated": 0
  },
  {
    "id": "2da5d12a-43b2-4800-85b3-0b409bdde169",
    "data": [
      {
        "text": "我还很想",
        "userDefined": false
      },
      {
        "text": "跑步",
        "alias": "activity",
        "meta": "@activity",
        "userDefined": false
      }
    ],
    "isTemplate": false,
    "count": 0,
    "updated": 0
  },
  {
    "id": "39f8fe41-0249-4379-a6b6-4e2635cadd58",
    "data": [
      {
        "text": "怎么能",
        "userDefined": false
      },
      {
        "text": "滑翔伞",
        "alias": "activity",
        "meta": "@activity",
        "userDefined": false
      }
    ],
    "isTemplate": false,
    "count": 0,
    "updated": 0
  },
  {
    "id": "58080056-fc13-48db-8dde-a58a8a836e4a",
    "data": [
      {
        "text": "还能不能",
        "userDefined": false
      },
      {
        "text": "打雪仗",
        "alias": "activity",
        "meta": "@activity",
        "userDefined": false
      }
    ],
    "isTemplate": false,
    "count": 0,
    "updated": 0
  },
  {
    "id": "13ad4618-6874-491f-a9a6-44cbc6fd3075",
    "data": [
      {
        "text": "能不能",
        "userDefined": false
      },
      {
        "text": "攀登",
        "alias": "activity",
        "meta": "@activity",
        "userDefined": false
      }
    ],
    "isTemplate": false,
    "count": 0,
    "updated": 0
  }
]