[
  {
    "id": "e2fe5380-f0ce-4a90-88a9-5b2b614f79e0",
    "data": [
      {
        "text": "а ",
        "userDefined": false
      },
      {
        "text": "снег",
        "alias": "condition",
        "meta": "@weather-condition",
        "userDefined": true
      }
    ],
    "isTemplate": false,
    "count": 0,
    "updated": 0
  },
  {
    "id": "79bab040-1153-40ea-b345-5b4c1a165bb2",
    "data": [
      {
        "text": "и ",
        "userDefined": false
      },
      {
        "text": "дождь",
        "alias": "condition",
        "meta": "@weather-condition",
        "userDefined": true
      }
    ],
    "isTemplate": false,
    "count": 0,
    "updated": 0
  }
]