[
  {
    "id": "9e2df49b-bd75-4f22-9bcf-1e6cb4330d73",
    "data": [
      {
        "text": "dis-moi est-ce qu\u0027il fera ",
        "userDefined": false
      },
      {
        "text": "froid",
        "alias": "temperature",
        "meta": "@temperature",
        "userDefined": true
      },
      {
        "text": " ",
        "userDefined": false
      },
      {
        "text": "demain",
        "alias": "date-time",
        "meta": "@sys.date-time",
        "userDefined": true
      },
      {
        "text": " sur ",
        "userDefined": false
      },
      {
        "text": "Nantes",
        "alias": "address",
        "meta": "@sys.geo-city",
        "userDefined": true
      }
    ],
    "isTemplate": false,
    "count": 1,
    "updated": 1531073417
  },
  {
    "id": "650dc0e5-2f61-48db-8266-074d49f49aa3",
    "data": [
      {
        "text": "peux-tu ",
        "userDefined": false
      },
      {
        "text": "me",
        "meta": "@sys.ignore",
        "userDefined": true
      },
      {
        "text": " donner ",
        "userDefined": false
      },
      {
        "text": "la",
        "meta": "@sys.ignore",
        "userDefined": true
      },
      {
        "text": " ",
        "userDefined": false
      },
      {
        "text": "température",
        "meta": "@sys.ignore",
        "userDefined": true
      },
      {
        "text": " s\u0027il te plaît",
        "userDefined": false
      }
    ],
    "isTemplate": false,
    "count": 0,
    "updated": 1531073417
  },
  {
    "id": "31959a2b-b1aa-4455-a137-76ad21a7ae72",
    "data": [
      {
        "text": "est-ce qu\u0027",
        "userDefined": false
      },
      {
        "text": "il",
        "meta": "@sys.ignore",
        "userDefined": true
      },
      {
        "text": " fait ",
        "userDefined": false
      },
      {
        "text": "froid",
        "alias": "temperature",
        "meta": "@temperature",
        "userDefined": true
      },
      {
        "text": " en ",
        "userDefined": false
      },
      {
        "text": "ce",
        "meta": "@sys.ignore",
        "userDefined": true
      },
      {
        "text": " moment",
        "userDefined": false
      }
    ],
    "isTemplate": false,
    "count": 0,
    "updated": 1531073417
  },
  {
    "id": "648e72c4-c2fd-4627-a9c8-84d5d95a0f89",
    "data": [
      {
        "text": "la température pour ",
        "userDefined": false
      },
      {
        "text": "demain",
        "alias": "date-time",
        "meta": "@sys.date-time",
        "userDefined": true
      }
    ],
    "isTemplate": false,
    "count": 0,
    "updated": 1531073417
  },
  {
    "id": "56a9904b-a8fe-4df1-b533-48d82f73d10b",
    "data": [
      {
        "text": "fait-il ",
        "userDefined": false
      },
      {
        "text": "froid",
        "alias": "temperature",
        "meta": "@temperature",
        "userDefined": true
      },
      {
        "text": " ",
        "userDefined": false
      },
      {
        "text": "aujourd\u0027hui",
        "alias": "date-time",
        "meta": "@sys.date-time",
        "userDefined": true
      }
    ],
    "isTemplate": false,
    "count": 0,
    "updated": 1531073417
  },
  {
    "id": "86a0a1c6-cb8e-410f-b279-6e8b276c2cd6",
    "data": [
      {
        "text": "la",
        "meta": "@sys.ignore",
        "userDefined": false
      },
      {
        "text": " ",
        "userDefined": false
      },
      {
        "text": "température",
        "meta": "@sys.ignore",
        "userDefined": false
      },
      {
        "text": " en degrés ",
        "userDefined": false
      },
      {
        "text": "Celsius",
        "alias": "unit",
        "meta": "@unit-temperature",
        "userDefined": true
      }
    ],
    "isTemplate": false,
    "count": 0,
    "updated": 1531073417
  },
  {
    "id": "c04fb2d4-6739-4d3e-813f-d8cfa34b8dc3",
    "data": [
      {
        "text": "quelle température il fait dehors",
        "userDefined": false
      }
    ],
    "isTemplate": false,
    "count": 1,
    "updated": 1531073417
  },
  {
    "id": "55b27c37-64ee-40fc-9c31-3cdb922e0837",
    "data": [
      {
        "text": "fait-il ",
        "userDefined": false
      },
      {
        "text": "froid",
        "alias": "temperature",
        "meta": "@temperature",
        "userDefined": true
      },
      {
        "text": " à ",
        "userDefined": false
      },
      {
        "text": "Marseille",
        "alias": "address",
        "meta": "@sys.geo-city",
        "userDefined": true
      }
    ],
    "isTemplate": false,
    "count": 0,
    "updated": 1531073417
  },
  {
    "id": "bf938bb6-fa54-4bc5-a7e6-629c3d14d802",
    "data": [
      {
        "text": "fera-t-il ",
        "userDefined": false
      },
      {
        "text": "chaud",
        "alias": "temperature",
        "meta": "@temperature",
        "userDefined": true
      },
      {
        "text": " ",
        "userDefined": false
      },
      {
        "text": "aujourd\u0027hui",
        "alias": "date-time",
        "meta": "@sys.date-time",
        "userDefined": true
      },
      {
        "text": " à ",
        "userDefined": false
      },
      {
        "text": "Paris",
        "alias": "address",
        "meta": "@sys.geo-city",
        "userDefined": true
      }
    ],
    "isTemplate": false,
    "count": 0,
    "updated": 1531073417
  },
  {
    "id": "07f20178-de01-4b66-9397-283bab89478d",
    "data": [
      {
        "text": "quelle est la température de ",
        "userDefined": false
      },
      {
        "text": "demain",
        "alias": "date-time",
        "meta": "@sys.date-time",
        "userDefined": true
      }
    ],
    "isTemplate": false,
    "count": 1,
    "updated": 1531073417
  },
  {
    "id": "97180ad9-a1dc-425e-b932-aab551deca36",
    "data": [
      {
        "text": "est-ce qu\u0027",
        "userDefined": false
      },
      {
        "text": "il",
        "meta": "@sys.ignore",
        "userDefined": true
      },
      {
        "text": " va faire ",
        "userDefined": false
      },
      {
        "text": "froid",
        "alias": "temperature",
        "meta": "@temperature",
        "userDefined": true
      },
      {
        "text": " ",
        "userDefined": false
      },
      {
        "text": "demain",
        "alias": "date-time",
        "meta": "@sys.date-time",
        "userDefined": true
      },
      {
        "text": " à ",
        "userDefined": false
      },
      {
        "text": "Nantes",
        "alias": "address",
        "meta": "@sys.geo-city",
        "userDefined": true
      }
    ],
    "isTemplate": false,
    "count": 0,
    "updated": 1531073417
  },
  {
    "id": "1583348d-86dc-4869-a624-b98eafccf64a",
    "data": [
      {
        "text": "fait-il ",
        "userDefined": false
      },
      {
        "text": "chaud",
        "alias": "temperature",
        "meta": "@temperature",
        "userDefined": true
      }
    ],
    "isTemplate": false,
    "count": 0,
    "updated": 1531073417
  },
  {
    "id": "0d8f9578-2d41-4db4-84df-47a08e213ec4",
    "data": [
      {
        "text": "fait-il ",
        "userDefined": false
      },
      {
        "text": "froid",
        "alias": "temperature",
        "meta": "@temperature",
        "userDefined": false
      }
    ],
    "isTemplate": false,
    "count": 1,
    "updated": 1531073417
  },
  {
    "id": "292829e1-177f-47fd-88d3-8a87dc86e9e0",
    "data": [
      {
        "text": "est-ce qu\u0027il fait ",
        "userDefined": false
      },
      {
        "text": "froid",
        "alias": "temperature",
        "meta": "@temperature",
        "userDefined": true
      },
      {
        "text": " dehors",
        "userDefined": false
      }
    ],
    "isTemplate": false,
    "count": 2,
    "updated": 1531073417
  },
  {
    "id": "33d4f2a3-2643-459d-887c-c0aa58096aed",
    "data": [
      {
        "text": "est-ce qu\u0027",
        "userDefined": false
      },
      {
        "text": "il",
        "meta": "@sys.ignore",
        "userDefined": true
      },
      {
        "text": " fait ",
        "userDefined": false
      },
      {
        "text": "froid",
        "alias": "temperature",
        "meta": "@temperature",
        "userDefined": true
      },
      {
        "text": " là",
        "userDefined": false
      }
    ],
    "isTemplate": false,
    "count": 0,
    "updated": 1531073417
  },
  {
    "id": "18436b78-618f-475f-8682-c6f1ec1ec07b",
    "data": [
      {
        "text": "fera-t-il ",
        "userDefined": false
      },
      {
        "text": "chaud",
        "alias": "temperature",
        "meta": "@temperature",
        "userDefined": true
      },
      {
        "text": " ",
        "userDefined": false
      },
      {
        "text": "demain",
        "alias": "date-time",
        "meta": "@sys.date-time",
        "userDefined": true
      }
    ],
    "isTemplate": false,
    "count": 0,
    "updated": 1531073417
  },
  {
    "id": "117d7adb-7b2a-4a02-bded-90ed13965cb6",
    "data": [
      {
        "text": "est-ce qu\u0027",
        "userDefined": false
      },
      {
        "text": "il",
        "meta": "@sys.ignore",
        "userDefined": true
      },
      {
        "text": " fera ",
        "userDefined": false
      },
      {
        "text": "chaud",
        "alias": "temperature",
        "meta": "@temperature",
        "userDefined": true
      },
      {
        "text": " ",
        "userDefined": false
      },
      {
        "text": "demain",
        "alias": "date-time",
        "meta": "@sys.date-time",
        "userDefined": true
      },
      {
        "text": " à ",
        "userDefined": false
      },
      {
        "text": "Paris",
        "alias": "address",
        "meta": "@sys.geo-city",
        "userDefined": true
      }
    ],
    "isTemplate": false,
    "count": 0,
    "updated": 1531073417
  },
  {
    "id": "bea8cc5b-ab88-448a-88e8-4bccdcd804a3",
    "data": [
      {
        "text": "sais-tu s\u0027il fait ",
        "userDefined": false
      },
      {
        "text": "froid",
        "alias": "temperature",
        "meta": "@temperature",
        "userDefined": true
      },
      {
        "text": " dehors en ce moment",
        "userDefined": false
      }
    ],
    "isTemplate": false,
    "count": 0,
    "updated": 1531073417
  }
]