[
  {
    "id": "a3120526-e2a1-41db-a56e-974b40f17083",
    "data": [
      {
        "text": "ist",
        "meta": "@sys.ignore",
        "userDefined": false
      },
      {
        "text": " es gutes ",
        "userDefined": false
      },
      {
        "text": "Wetter",
        "meta": "@sys.ignore",
        "userDefined": false
      },
      {
        "text": " zum ",
        "userDefined": false
      },
      {
        "text": "Joggen",
        "alias": "activity",
        "meta": "@activity",
        "userDefined": false
      }
    ],
    "isTemplate": false,
    "count": 0,
    "updated": 0
  },
  {
    "id": "180fb27e-626d-4f21-916c-bc78b230448f",
    "data": [
      {
        "text": "und zum ",
        "userDefined": false
      },
      {
        "text": "Joggen",
        "alias": "activity",
        "meta": "@activity",
        "userDefined": false
      }
    ],
    "isTemplate": false,
    "count": 0,
    "updated": 0
  },
  {
    "id": "1d046a06-60a9-4aa0-a807-870fdd8dcf2c",
    "data": [
      {
        "text": "und zum ",
        "userDefined": false
      },
      {
        "text": "Laufen",
        "alias": "activity",
        "meta": "@activity",
        "userDefined": false
      }
    ],
    "isTemplate": false,
    "count": 0,
    "updated": 0
  },
  {
    "id": "237f6f0b-8c4b-4f66-ac39-ccd458987a32",
    "data": [
      {
        "text": "kann ich bei diesem ",
        "userDefined": false
      },
      {
        "text": "Wetter",
        "meta": "@sys.ignore",
        "userDefined": false
      },
      {
        "text": " ",
        "userDefined": false
      },
      {
        "text": "Joggen",
        "alias": "activity",
        "meta": "@activity",
        "userDefined": false
      }
    ],
    "isTemplate": false,
    "count": 0,
    "updated": 0
  },
  {
    "id": "6f72e533-7d1c-4865-be9b-0f3cd731bb07",
    "data": [
      {
        "text": "und zum ",
        "userDefined": false
      },
      {
        "text": "Fahrradfahren",
        "alias": "activity",
        "meta": "@activity",
        "userDefined": false
      }
    ],
    "isTemplate": false,
    "count": 0,
    "updated": 0
  },
  {
    "id": "cace2167-198c-4f8f-8ef8-1cd8174be7c8",
    "data": [
      {
        "text": "und für eine ",
        "userDefined": false
      },
      {
        "text": "Radtour",
        "alias": "activity",
        "meta": "@activity",
        "userDefined": true
      }
    ],
    "isTemplate": false,
    "count": 0,
    "updated": 0
  },
  {
    "id": "71146c22-46b8-4eb6-b861-866eeb0435f3",
    "data": [
      {
        "text": "und auch zum ",
        "userDefined": false
      },
      {
        "text": "Schwimmen",
        "alias": "activity",
        "meta": "@activity",
        "userDefined": false
      }
    ],
    "isTemplate": false,
    "count": 0,
    "updated": 0
  },
  {
    "id": "2c7a1584-7f8b-4c07-aeaa-9c61683e26a3",
    "data": [
      {
        "text": "ist",
        "meta": "@sys.ignore",
        "userDefined": false
      },
      {
        "text": " es ",
        "userDefined": false
      },
      {
        "text": "Fahrradwetter",
        "alias": "activity",
        "meta": "@activity",
        "userDefined": true
      }
    ],
    "isTemplate": false,
    "count": 0,
    "updated": 0
  }
]