[
  {
    "id": "675cd3f9-d903-4cf0-9aac-458c75c918f4",
    "data": [
      {
        "text": "tempo",
        "userDefined": false
      }
    ],
    "isTemplate": false,
    "count": 0,
    "updated": 0
  },
  {
    "id": "ab19263f-ea73-43e2-9b4b-e7bec574c850",
    "data": [
      {
        "text": "como está o tempo na ",
        "userDefined": false
      },
      {
        "text": "Cidade do Cabo",
        "alias": "address",
        "meta": "@sys.location",
        "userDefined": true
      }
    ],
    "isTemplate": false,
    "count": 0,
    "updated": 0
  },
  {
    "id": "de5d4f38-a632-4dbd-9a56-098e0ce98ed8",
    "data": [
      {
        "text": "como vai estar o tempo ",
        "userDefined": false
      },
      {
        "text": "amanhã",
        "alias": "date-time",
        "meta": "@sys.date-time",
        "userDefined": true
      },
      {
        "text": " em ",
        "userDefined": false
      },
      {
        "text": "Campbell",
        "alias": "address",
        "meta": "@sys.location",
        "userDefined": true
      }
    ],
    "isTemplate": false,
    "count": 0,
    "updated": 0
  },
  {
    "id": "2bf7873d-b0c2-4718-9042-dbdbe9063308",
    "data": [
      {
        "text": "como está o tempo em ",
        "userDefined": false
      },
      {
        "text": "Nova Iorque",
        "alias": "address",
        "meta": "@sys.location",
        "userDefined": true
      },
      {
        "text": " ",
        "userDefined": false
      },
      {
        "text": "esta manhã",
        "alias": "date-time",
        "meta": "@sys.date-time",
        "userDefined": true
      }
    ],
    "isTemplate": false,
    "count": 0,
    "updated": 0
  },
  {
    "id": "5e588855-4e56-447d-b332-8bc61db57706",
    "data": [
      {
        "text": "o tempo em ",
        "userDefined": false
      },
      {
        "text": "Londres",
        "alias": "address",
        "meta": "@sys.location",
        "userDefined": true
      },
      {
        "text": " para os ",
        "userDefined": false
      },
      {
        "text": "próximos 5 dias",
        "alias": "date-time",
        "meta": "@sys.date-time",
        "userDefined": true
      }
    ],
    "isTemplate": false,
    "count": 0,
    "updated": 0
  },
  {
    "id": "daa7bea5-29d6-4319-8639-220bdcd066b9",
    "data": [
      {
        "text": "como vai estar o tempo ",
        "userDefined": false
      },
      {
        "text": "amanhã",
        "alias": "date-time",
        "meta": "@sys.date-time",
        "userDefined": true
      },
      {
        "text": " em ",
        "userDefined": false
      },
      {
        "text": "Camberra",
        "alias": "address",
        "meta": "@sys.location",
        "userDefined": true
      }
    ],
    "isTemplate": false,
    "count": 0,
    "updated": 0
  },
  {
    "id": "efa0280b-312f-4a3c-9499-772a08d07eb4",
    "data": [
      {
        "text": "como está o tempo em ",
        "userDefined": false
      },
      {
        "text": "Delft",
        "alias": "address",
        "meta": "@sys.location",
        "userDefined": true
      }
    ],
    "isTemplate": false,
    "count": 0,
    "updated": 0
  },
  {
    "id": "fa31af08-36b1-4b65-9081-c3743a178c36",
    "data": [
      {
        "text": "qual é a previsão do tempo em ",
        "userDefined": false
      },
      {
        "text": "Paris",
        "alias": "address",
        "meta": "@sys.location",
        "userDefined": false
      },
      {
        "text": " para ",
        "userDefined": false
      },
      {
        "text": "esta manhã",
        "alias": "date-time",
        "meta": "@sys.date-time",
        "userDefined": false
      }
    ],
    "isTemplate": false,
    "count": 0,
    "updated": 0
  },
  {
    "id": "757ddf77-e342-45f3-b4ea-5cfb907c3348",
    "data": [
      {
        "text": "o tempo em ",
        "userDefined": false
      },
      {
        "text": "Durban",
        "alias": "address",
        "meta": "@sys.location",
        "userDefined": true
      }
    ],
    "isTemplate": false,
    "count": 0,
    "updated": 0
  },
  {
    "id": "b65585b7-0524-475a-b686-e738d2a9bd5c",
    "data": [
      {
        "text": "o tempo em ",
        "userDefined": false
      },
      {
        "text": "Paris",
        "alias": "address",
        "meta": "@sys.location",
        "userDefined": true
      },
      {
        "text": " em ",
        "userDefined": false
      },
      {
        "text": "Celsius",
        "alias": "unit",
        "meta": "@unit-temperature",
        "userDefined": true
      }
    ],
    "isTemplate": false,
    "count": 0,
    "updated": 0
  },
  {
    "id": "1ec5308e-b2e8-4c75-b404-24fa3cdef77a",
    "data": [
      {
        "text": "mostrar-me o tempo para ",
        "userDefined": false
      },
      {
        "text": "hoje",
        "alias": "date-time",
        "meta": "@sys.date-time",
        "userDefined": true
      }
    ],
    "isTemplate": false,
    "count": 0,
    "updated": 0
  },
  {
    "id": "d5826f44-0657-4d51-b8d2-1578e1bf34c8",
    "data": [
      {
        "text": "tempo agora",
        "userDefined": false
      }
    ],
    "isTemplate": false,
    "count": 0,
    "updated": 0
  },
  {
    "id": "4573a7a7-6298-4b0f-a023-9cc34b7c6549",
    "data": [
      {
        "text": "diga-me a previsão meteorológica para ",
        "userDefined": false
      },
      {
        "text": "amanhã",
        "alias": "date-time",
        "meta": "@sys.date-time",
        "userDefined": true
      },
      {
        "text": " em ",
        "userDefined": false
      },
      {
        "text": "Hong Kong",
        "alias": "address",
        "meta": "@sys.location",
        "userDefined": true
      }
    ],
    "isTemplate": false,
    "count": 0,
    "updated": 0
  },
  {
    "id": "157c5c9a-8e86-466d-8ea5-14a6e610cb6d",
    "data": [
      {
        "text": "o tempo em ",
        "userDefined": false
      },
      {
        "text": "Nirmal",
        "alias": "address",
        "meta": "@sys.location",
        "userDefined": true
      }
    ],
    "isTemplate": false,
    "count": 0,
    "updated": 0
  },
  {
    "id": "b09300cf-7df0-4e2c-80b6-2c1d1e44b6ef",
    "data": [
      {
        "text": "previsão meteorológica",
        "userDefined": false
      }
    ],
    "isTemplate": false,
    "count": 0,
    "updated": 0
  },
  {
    "id": "a4ac0053-ee24-4595-8b5a-3649952e6f07",
    "data": [
      {
        "text": "o tempo em ",
        "userDefined": false
      },
      {
        "text": "Londres",
        "alias": "address",
        "meta": "@sys.location",
        "userDefined": true
      }
    ],
    "isTemplate": false,
    "count": 0,
    "updated": 0
  },
  {
    "id": "8e83bda0-aa5f-44df-8347-c126f4c87224",
    "data": [
      {
        "text": "como está o tempo",
        "userDefined": false
      }
    ],
    "isTemplate": false,
    "count": 0,
    "updated": 0
  }
]