[
  {
    "id": "e8ca92c8-d3f9-4ed7-8a9f-1ad77bfe99bc",
    "data": [
      {
        "text": "puoi controllare a ",
        "userDefined": false
      },
      {
        "text": "Matera",
        "alias": "address",
        "meta": "@sys.location",
        "userDefined": true
      }
    ],
    "isTemplate": false,
    "count": 1,
    "updated": 0
  },
  {
    "id": "2743c127-5f40-4df5-8af5-265d73564fcb",
    "data": [
      {
        "text": "anche per ",
        "userDefined": false
      },
      {
        "text": "Genova",
        "alias": "address",
        "meta": "@sys.location",
        "userDefined": true
      }
    ],
    "isTemplate": false,
    "count": 0,
    "updated": 0
  },
  {
    "id": "bc2f34f5-cfe7-46ef-808c-df9139c8018b",
    "data": [
      {
        "text": "e a ",
        "userDefined": false
      },
      {
        "text": "Londra",
        "alias": "address",
        "meta": "@sys.location",
        "userDefined": true
      }
    ],
    "isTemplate": false,
    "count": 0,
    "updated": 0
  },
  {
    "id": "ae2d3b91-cb49-4756-8cfb-9ab61dbab774",
    "data": [
      {
        "text": "anche per ",
        "userDefined": false
      },
      {
        "text": "Roma",
        "alias": "address",
        "meta": "@sys.location",
        "userDefined": true
      }
    ],
    "isTemplate": false,
    "count": 0,
    "updated": 0
  },
  {
    "id": "dbd1a10a-f238-4877-afbd-92162c80d7fa",
    "data": [
      {
        "text": "per ",
        "userDefined": false
      },
      {
        "text": "New York",
        "alias": "address",
        "meta": "@sys.location",
        "userDefined": true
      }
    ],
    "isTemplate": false,
    "count": 0,
    "updated": 0
  },
  {
    "id": "a1bc90e6-e277-416d-bac5-8f1cdcbd4232",
    "data": [
      {
        "text": "anche a ",
        "userDefined": false
      },
      {
        "text": "Mosca",
        "alias": "address",
        "meta": "@sys.location",
        "userDefined": true
      }
    ],
    "isTemplate": false,
    "count": 0,
    "updated": 0
  },
  {
    "id": "d54d0c1a-1683-4816-b842-3f4ff876ea8d",
    "data": [
      {
        "text": "e anche per ",
        "userDefined": false
      },
      {
        "text": "Napoli",
        "alias": "address",
        "meta": "@sys.location",
        "userDefined": true
      }
    ],
    "isTemplate": false,
    "count": 0,
    "updated": 0
  },
  {
    "id": "37aef0f1-9d5a-4078-85b4-27dae3d006bf",
    "data": [
      {
        "text": "a ",
        "userDefined": false
      },
      {
        "text": "Parigi",
        "alias": "address",
        "meta": "@sys.location",
        "userDefined": true
      }
    ],
    "isTemplate": false,
    "count": 0,
    "updated": 0
  }
]