[
  {
    "id": "dbb8500b-2098-4781-93fb-a4abae7aa326",
    "data": [
      {
        "text": "还在",
        "userDefined": false
      },
      {
        "text": "武汉",
        "alias": "address",
        "meta": "@sys.address",
        "userDefined": false
      },
      {
        "text": "呢",
        "userDefined": false
      }
    ],
    "isTemplate": false,
    "count": 0,
    "updated": 0
  },
  {
    "id": "49117a10-79c7-446a-a8f1-48d1ddbb4d2c",
    "data": [
      {
        "text": "告诉我在",
        "userDefined": false
      },
      {
        "text": "广州",
        "alias": "address",
        "meta": "@sys.address",
        "userDefined": false
      },
      {
        "text": "怎么样",
        "userDefined": false
      }
    ],
    "isTemplate": false,
    "count": 0,
    "updated": 0
  },
  {
    "id": "63cbe041-ce83-4da4-bfd0-d1f9815654df",
    "data": [
      {
        "text": "在",
        "userDefined": false
      },
      {
        "text": "杭州",
        "alias": "address",
        "meta": "@sys.address",
        "userDefined": true
      }
    ],
    "isTemplate": false,
    "count": 0,
    "updated": 0
  },
  {
    "id": "78e65afe-b403-4091-9e42-edff6c36fd96",
    "data": [
      {
        "text": "在",
        "userDefined": false
      },
      {
        "text": "北京",
        "alias": "address",
        "meta": "@sys.address",
        "userDefined": false
      }
    ],
    "isTemplate": false,
    "count": 0,
    "updated": 0
  },
  {
    "id": "065c1f6a-50a0-4e7d-b0a9-0ffb561b7d32",
    "data": [
      {
        "text": "还在",
        "userDefined": false
      },
      {
        "text": "宁波",
        "alias": "address",
        "meta": "@sys.address",
        "userDefined": true
      }
    ],
    "isTemplate": false,
    "count": 0,
    "updated": 0
  },
  {
    "id": "77d4915f-df4f-4802-befe-d256a2335994",
    "data": [
      {
        "text": "告诉我在",
        "userDefined": false
      },
      {
        "text": "广州",
        "alias": "address",
        "meta": "@sys.address",
        "userDefined": false
      }
    ],
    "isTemplate": false,
    "count": 0,
    "updated": 0
  },
  {
    "id": "c649ffd5-286d-4593-8615-14b89aca53b7",
    "data": [
      {
        "text": "关于",
        "userDefined": false
      },
      {
        "text": "厦门",
        "alias": "address",
        "meta": "@sys.address",
        "userDefined": false
      }
    ],
    "isTemplate": false,
    "count": 0,
    "updated": 0
  },
  {
    "id": "78f958f1-3c55-4836-ac5e-425a69ab2f2c",
    "data": [
      {
        "text": "在",
        "userDefined": false
      },
      {
        "text": "辽宁",
        "alias": "address",
        "meta": "@sys.address",
        "userDefined": false
      },
      {
        "text": "吗",
        "userDefined": false
      }
    ],
    "isTemplate": false,
    "count": 0,
    "updated": 0
  },
  {
    "id": "59c09f19-7056-438f-8a8d-bed181c87c1e",
    "data": [
      {
        "text": "还在",
        "userDefined": false
      },
      {
        "text": "上海",
        "alias": "address",
        "meta": "@sys.address",
        "userDefined": true
      }
    ],
    "isTemplate": false,
    "count": 0,
    "updated": 0
  },
  {
    "id": "08da1aa9-2097-47a8-b1aa-d2a882b8569b",
    "data": [
      {
        "text": "在",
        "userDefined": false
      },
      {
        "text": "香港",
        "alias": "address",
        "meta": "@sys.address",
        "userDefined": false
      },
      {
        "text": "呢",
        "userDefined": false
      }
    ],
    "isTemplate": false,
    "count": 0,
    "updated": 0
  }
]