[
  {
    "id": "52d9b8f1-ef5e-419c-b919-dae8ec681506",
    "data": [
      {
        "text": "還需要帶",
        "userDefined": false
      },
      {
        "text": "雨傘",
        "alias": "outfit",
        "meta": "@outfit",
        "userDefined": false
      },
      {
        "text": "嗎",
        "userDefined": false
      }
    ],
    "isTemplate": false,
    "count": 0,
    "updated": 0
  },
  {
    "id": "23474c68-54c2-4d01-82a5-df9146c0c0bb",
    "data": [
      {
        "text": "我還很想穿",
        "userDefined": false
      },
      {
        "text": "毛線帽",
        "alias": "outfit",
        "meta": "@outfit",
        "userDefined": false
      }
    ],
    "isTemplate": false,
    "count": 0,
    "updated": 0
  },
  {
    "id": "c866c295-6c7d-470b-85a0-0c7abad8498c",
    "data": [
      {
        "text": "怎麽能穿",
        "userDefined": false
      },
      {
        "text": "圍巾",
        "alias": "outfit",
        "meta": "@outfit",
        "userDefined": false
      }
    ],
    "isTemplate": false,
    "count": 0,
    "updated": 0
  },
  {
    "id": "8120e9a6-681d-4c57-aa7d-5b15d26516aa",
    "data": [
      {
        "text": "能不能穿",
        "userDefined": false
      },
      {
        "text": "墨鏡",
        "alias": "outfit",
        "meta": "@outfit",
        "userDefined": false
      }
    ],
    "isTemplate": false,
    "count": 0,
    "updated": 0
  },
  {
    "id": "a2fc85e1-a6e8-4d34-b106-08ec481c89ac",
    "data": [
      {
        "text": "還能不能穿",
        "userDefined": false
      },
      {
        "text": "防曬霜",
        "alias": "outfit",
        "meta": "@outfit",
        "userDefined": false
      }
    ],
    "isTemplate": false,
    "count": 1,
    "updated": 0
  },
  {
    "id": "e169df66-0421-483d-b3a5-f40358b05725",
    "data": [
      {
        "text": "還要穿",
        "userDefined": false
      },
      {
        "text": "手套",
        "alias": "outfit",
        "meta": "@outfit",
        "userDefined": false
      }
    ],
    "isTemplate": false,
    "count": 0,
    "updated": 0
  },
  {
    "id": "aecd70e5-727c-4324-97d5-9a8b94a72c26",
    "data": [
      {
        "text": "雨衣",
        "alias": "outfit",
        "meta": "@outfit",
        "userDefined": false
      }
    ],
    "isTemplate": false,
    "count": 0,
    "updated": 0
  },
  {
    "id": "c8e8061a-5852-4066-92f1-049803fac5f1",
    "data": [
      {
        "text": "關",
        "meta": "@sys.ignore",
        "userDefined": false
      },
      {
        "text": "于",
        "userDefined": false
      },
      {
        "text": "雨衣",
        "alias": "outfit",
        "meta": "@outfit",
        "userDefined": false
      }
    ],
    "isTemplate": false,
    "count": 0,
    "updated": 0
  },
  {
    "id": "d47ace26-c3a6-4297-a33f-99ec7567c621",
    "data": [
      {
        "text": "關于",
        "userDefined": false
      },
      {
        "text": "膠皮靴",
        "alias": "outfit",
        "meta": "@outfit",
        "userDefined": false
      }
    ],
    "isTemplate": false,
    "count": 0,
    "updated": 0
  },
  {
    "id": "05036e46-396d-4c04-9a3c-0d774323e677",
    "data": [
      {
        "text": "會不會穿",
        "userDefined": false
      },
      {
        "text": "雨褲",
        "alias": "outfit",
        "meta": "@outfit",
        "userDefined": false
      }
    ],
    "isTemplate": false,
    "count": 0,
    "updated": 0
  },
  {
    "id": "3935abbd-5f4e-48dc-941c-04496dd6e495",
    "data": [
      {
        "text": "現在要穿",
        "userDefined": false
      },
      {
        "text": "夾克",
        "alias": "outfit",
        "meta": "@outfit",
        "userDefined": false
      },
      {
        "text": "嗎",
        "userDefined": false
      }
    ],
    "isTemplate": false,
    "count": 0,
    "updated": 0
  },
  {
    "id": "89b2672f-4a9a-4059-aeec-d2677b5ac68a",
    "data": [
      {
        "text": "我還要穿",
        "userDefined": false
      },
      {
        "text": "毛衣",
        "alias": "outfit",
        "meta": "@outfit",
        "userDefined": false
      }
    ],
    "isTemplate": false,
    "count": 0,
    "updated": 0
  }
]