[
  {
    "id": "6b16b59e-951d-4e03-a616-02107699a1d5",
    "data": [
      {
        "text": "じゃあ",
        "userDefined": false
      },
      {
        "text": "来週",
        "alias": "date-time",
        "meta": "@sys.date-time",
        "userDefined": true
      },
      {
        "text": "は",
        "userDefined": false
      }
    ],
    "isTemplate": false,
    "count": 0,
    "updated": 0
  },
  {
    "id": "6cb103f0-5ab2-40ed-a727-9b78139788c2",
    "data": [
      {
        "text": "明日",
        "alias": "date-time",
        "meta": "@sys.date-time",
        "userDefined": true
      },
      {
        "text": "はどう",
        "userDefined": false
      }
    ],
    "isTemplate": false,
    "count": 0,
    "updated": 0
  },
  {
    "id": "3ffefa74-c03b-432e-b512-8b4cce86cd85",
    "data": [
      {
        "text": "今日",
        "alias": "date-time",
        "meta": "@sys.date-time",
        "userDefined": true
      },
      {
        "text": "はどうなるの",
        "userDefined": false
      }
    ],
    "isTemplate": false,
    "count": 0,
    "updated": 0
  },
  {
    "id": "602aadef-9d12-4fc0-a5a4-287429690f4c",
    "data": [
      {
        "text": "じゃあ",
        "userDefined": false
      },
      {
        "text": "明日",
        "alias": "date-time",
        "meta": "@sys.date-time",
        "userDefined": true
      },
      {
        "text": "は",
        "userDefined": false
      }
    ],
    "isTemplate": false,
    "count": 0,
    "updated": 0
  },
  {
    "id": "8fd05c74-c930-4665-a603-3799bbf81de8",
    "data": [
      {
        "text": "来週の月曜日",
        "alias": "date-time",
        "meta": "@sys.date-time",
        "userDefined": true
      },
      {
        "text": "を調べて",
        "userDefined": false
      }
    ],
    "isTemplate": false,
    "count": 0,
    "updated": 0
  },
  {
    "id": "c1cd1f05-8f2d-4c28-b054-4c7e5c0ff301",
    "data": [
      {
        "text": "来週",
        "alias": "date-time",
        "meta": "@sys.date-time",
        "userDefined": true
      },
      {
        "text": "を調べて",
        "userDefined": false
      }
    ],
    "isTemplate": false,
    "count": 0,
    "updated": 0
  },
  {
    "id": "86bc9368-6130-4f0d-bef9-29b56aad0e40",
    "data": [
      {
        "text": "午後 5 時",
        "alias": "date-time",
        "meta": "@sys.date-time",
        "userDefined": true
      },
      {
        "text": "には変わる",
        "userDefined": false
      }
    ],
    "isTemplate": false,
    "count": 0,
    "updated": 0
  },
  {
    "id": "9956f129-7add-4e4d-8143-6a92337033e0",
    "data": [
      {
        "text": "水曜日",
        "alias": "date-time",
        "meta": "@sys.date-time",
        "userDefined": true
      }
    ],
    "isTemplate": false,
    "count": 0,
    "updated": 0
  },
  {
    "id": "3fc2b5dc-e062-463d-8a08-ade215511793",
    "data": [
      {
        "text": "土曜日",
        "alias": "date-time",
        "meta": "@sys.date-time",
        "userDefined": true
      },
      {
        "text": "はどうですか",
        "userDefined": false
      }
    ],
    "isTemplate": false,
    "count": 0,
    "updated": 0
  },
  {
    "id": "1f1cfd73-1848-4f2d-a63f-dfcd66161f46",
    "data": [
      {
        "text": "じゃあ",
        "userDefined": false
      },
      {
        "text": "明日",
        "alias": "date-time",
        "meta": "@sys.date-time",
        "userDefined": true
      },
      {
        "text": "はどう",
        "userDefined": false
      }
    ],
    "isTemplate": false,
    "count": 0,
    "updated": 0
  }
]