[
  {
    "id": "e95b429b-669b-4a59-b666-88f96c9eccaf",
    "data": [
      {
        "text": "и что в ",
        "userDefined": false
      },
      {
        "text": "Риме",
        "alias": "address",
        "meta": "@sys.location",
        "userDefined": true
      }
    ],
    "isTemplate": false,
    "count": 0,
    "updated": 0
  },
  {
    "id": "671a0617-9776-4ec4-8f81-ef1feba08960",
    "data": [
      {
        "text": "теперь в ",
        "userDefined": false
      },
      {
        "text": "Новосибирске",
        "alias": "address",
        "meta": "@sys.location",
        "userDefined": true
      }
    ],
    "isTemplate": false,
    "count": 0,
    "updated": 0
  },
  {
    "id": "4e326b9f-6418-4700-9046-0be082cd94f5",
    "data": [
      {
        "text": "а как в ",
        "userDefined": false
      },
      {
        "text": "Амстердаме",
        "alias": "address",
        "meta": "@sys.location",
        "userDefined": true
      }
    ],
    "isTemplate": false,
    "count": 0,
    "updated": 0
  },
  {
    "id": "0dcc8676-c748-4337-8270-efea10ca5a65",
    "data": [
      {
        "text": "и в ",
        "userDefined": false
      },
      {
        "text": "Милане",
        "alias": "address",
        "meta": "@sys.location",
        "userDefined": true
      }
    ],
    "isTemplate": false,
    "count": 0,
    "updated": 0
  },
  {
    "id": "0c6e4ca9-a540-49da-abc0-e092b0ad7e22",
    "data": [
      {
        "text": "Париж",
        "alias": "address",
        "meta": "@sys.location",
        "userDefined": true
      }
    ],
    "isTemplate": false,
    "count": 0,
    "updated": 0
  },
  {
    "id": "2c605536-7d9f-474a-bffb-4f3bb2ed3266",
    "data": [
      {
        "text": "можешь проверить для ",
        "userDefined": false
      },
      {
        "text": "Лондона",
        "alias": "address",
        "meta": "@sys.location",
        "userDefined": true
      }
    ],
    "isTemplate": false,
    "count": 0,
    "updated": 0
  },
  {
    "id": "a1f95d9f-7b33-40a3-a633-f8dff207cc9f",
    "data": [
      {
        "text": "что насчёт ",
        "userDefined": false
      },
      {
        "text": "Москвы",
        "alias": "address",
        "meta": "@sys.location",
        "userDefined": true
      }
    ],
    "isTemplate": false,
    "count": 0,
    "updated": 0
  },
  {
    "id": "9a56d94a-9cda-4a09-a71b-f104ac7e8840",
    "data": [
      {
        "text": "а какая в ",
        "userDefined": false
      },
      {
        "text": "Екатеринбурге",
        "alias": "address",
        "meta": "@sys.location",
        "userDefined": true
      }
    ],
    "isTemplate": false,
    "count": 0,
    "updated": 0
  }
]