[
  {
    "id": "89843e60-c2e9-4734-9e1f-7670c3bcf210",
    "data": [
      {
        "text": "esquiar",
        "alias": "activity",
        "meta": "@activity",
        "userDefined": true
      }
    ],
    "isTemplate": false,
    "count": 0,
    "updated": 0
  },
  {
    "id": "5692e929-cbac-4595-84f0-1e095ac279d9",
    "data": [
      {
        "text": "e para ",
        "userDefined": false
      },
      {
        "text": "praticar natação",
        "alias": "activity",
        "meta": "@activity",
        "userDefined": true
      }
    ],
    "isTemplate": false,
    "count": 0,
    "updated": 0
  },
  {
    "id": "789d339b-918e-4c77-93b4-05df92e768a8",
    "data": [
      {
        "text": "e para ",
        "userDefined": false
      },
      {
        "text": "andar de skate",
        "alias": "activity",
        "meta": "@activity",
        "userDefined": true
      }
    ],
    "isTemplate": false,
    "count": 0,
    "updated": 0
  }
]