[
  {
    "id": "b9f8b9c9-20db-4f03-a095-8e1d775202f1",
    "data": [
      {
        "text": "パリ",
        "alias": "address",
        "meta": "@sys.location",
        "userDefined": true
      },
      {
        "text": "は",
        "userDefined": false
      },
      {
        "text": "暖かい",
        "alias": "temperature",
        "meta": "@temperature",
        "userDefined": true
      },
      {
        "text": "の",
        "userDefined": false
      }
    ],
    "isTemplate": false,
    "count": 0,
    "updated": 0
  },
  {
    "id": "3a6a17ab-2341-4796-b9e0-4f15a85fe4b3",
    "data": [
      {
        "text": "温度",
        "userDefined": false
      }
    ],
    "isTemplate": false,
    "count": 0,
    "updated": 0
  },
  {
    "id": "08be2792-f0c0-4260-87e4-273fff55d974",
    "data": [
      {
        "text": "今週の日曜日",
        "alias": "date-time",
        "meta": "@sys.date-time",
        "userDefined": true
      },
      {
        "text": "、",
        "userDefined": false
      },
      {
        "text": "札幌",
        "alias": "address",
        "meta": "@sys.location",
        "userDefined": true
      },
      {
        "text": "はどのくらい",
        "userDefined": false
      },
      {
        "text": "寒く",
        "alias": "temperature",
        "meta": "@temperature",
        "userDefined": true
      },
      {
        "text": "なる予報",
        "userDefined": false
      }
    ],
    "isTemplate": false,
    "count": 0,
    "updated": 0
  },
  {
    "id": "b429737a-0896-454e-9ebe-e909e6a09c6c",
    "data": [
      {
        "text": "ニューヨーク",
        "alias": "address",
        "meta": "@sys.location",
        "userDefined": true
      },
      {
        "text": "は",
        "userDefined": false
      },
      {
        "text": "寒い",
        "alias": "temperature",
        "meta": "@temperature",
        "userDefined": true
      },
      {
        "text": "ですか",
        "userDefined": false
      }
    ],
    "isTemplate": false,
    "count": 0,
    "updated": 0
  },
  {
    "id": "ac90d138-67bf-4335-bf55-2523736a5c5e",
    "data": [
      {
        "text": "今、外が",
        "userDefined": false
      },
      {
        "text": "寒い",
        "alias": "temperature",
        "meta": "@temperature",
        "userDefined": true
      },
      {
        "text": "かどうかわかる",
        "userDefined": false
      }
    ],
    "isTemplate": false,
    "count": 0,
    "updated": 0
  },
  {
    "id": "a9becfee-693c-4c76-9a80-4ec9898fc88e",
    "data": [
      {
        "text": "明日",
        "alias": "date-time",
        "meta": "@sys.date-time",
        "userDefined": true
      },
      {
        "text": "の気温は何度ですか",
        "userDefined": false
      }
    ],
    "isTemplate": false,
    "count": 0,
    "updated": 0
  },
  {
    "id": "15cb1885-f16b-4153-b883-fb855104c8ae",
    "data": [
      {
        "text": "千葉市",
        "alias": "address",
        "meta": "@sys.location",
        "userDefined": true
      },
      {
        "text": "の気温を",
        "userDefined": false
      },
      {
        "text": "華氏",
        "alias": "unit",
        "meta": "@unit-temperature",
        "userDefined": true
      },
      {
        "text": "で教えてください",
        "userDefined": false
      }
    ],
    "isTemplate": false,
    "count": 0,
    "updated": 0
  },
  {
    "id": "eb8eb3b7-13e8-411b-8d86-43f9f3bcd917",
    "data": [
      {
        "text": "明日",
        "alias": "date-time",
        "meta": "@sys.date-time",
        "userDefined": true
      },
      {
        "text": "の",
        "userDefined": false
      },
      {
        "text": "川崎市",
        "alias": "address",
        "meta": "@sys.location",
        "userDefined": true
      },
      {
        "text": "の気温は",
        "userDefined": false
      }
    ],
    "isTemplate": false,
    "count": 0,
    "updated": 0
  },
  {
    "id": "637f2df0-2dc1-4125-a5c5-a6d0415405ad",
    "data": [
      {
        "text": "沖縄",
        "alias": "address",
        "meta": "@sys.location",
        "userDefined": true
      },
      {
        "text": "は",
        "userDefined": false
      },
      {
        "text": "暑い",
        "alias": "temperature",
        "meta": "@temperature",
        "userDefined": true
      }
    ],
    "isTemplate": false,
    "count": 0,
    "updated": 0
  },
  {
    "id": "b1a49825-ece5-4365-9fba-e2d25bed6cb4",
    "data": [
      {
        "text": "今日",
        "alias": "date-time",
        "meta": "@sys.date-time",
        "userDefined": true
      },
      {
        "text": "は",
        "userDefined": false
      },
      {
        "text": "暑い",
        "alias": "temperature",
        "meta": "@temperature",
        "userDefined": true
      },
      {
        "text": "ですか",
        "userDefined": false
      }
    ],
    "isTemplate": false,
    "count": 0,
    "updated": 0
  },
  {
    "id": "ba575927-c2ac-46cc-8c84-449d7a427865",
    "data": [
      {
        "text": "バンコク",
        "alias": "address",
        "meta": "@sys.location",
        "userDefined": true
      },
      {
        "text": "の気温",
        "userDefined": false
      }
    ],
    "isTemplate": false,
    "count": 0,
    "updated": 0
  },
  {
    "id": "6fd5ade5-0962-444d-9f3a-61c8fdfb8041",
    "data": [
      {
        "text": "明日",
        "alias": "date-time",
        "meta": "@sys.date-time",
        "userDefined": true
      },
      {
        "text": "の",
        "userDefined": false
      },
      {
        "text": "横浜",
        "alias": "address",
        "meta": "@sys.location",
        "userDefined": true
      },
      {
        "text": "の気温は何ですか",
        "userDefined": false
      }
    ],
    "isTemplate": false,
    "count": 0,
    "updated": 0
  }
]