[
  {
    "id": "3e299a7e-b808-442a-a69c-9053eef35f8a",
    "data": [
      {
        "text": "你知道現在外面",
        "userDefined": false
      },
      {
        "text": "冷",
        "alias": "temperature",
        "meta": "@temperature",
        "userDefined": false
      },
      {
        "text": "不",
        "userDefined": false
      },
      {
        "text": "冷",
        "meta": "@sys.ignore",
        "userDefined": false
      }
    ],
    "isTemplate": false,
    "count": 1,
    "updated": 0
  },
  {
    "id": "094a79b9-b0f4-4cd5-b16f-6bad0af9850b",
    "data": [
      {
        "text": "今天",
        "alias": "date-time",
        "meta": "@sys.date-time",
        "userDefined": true
      },
      {
        "text": "天氣很",
        "userDefined": false
      },
      {
        "text": "熱",
        "alias": "temperature",
        "meta": "@temperature",
        "userDefined": true
      },
      {
        "text": "耶",
        "userDefined": false
      }
    ],
    "isTemplate": false,
    "count": 0,
    "updated": 0
  },
  {
    "id": "fd57c467-7159-4cbf-a34e-7393aa1e0bdb",
    "data": [
      {
        "text": "我最近的天氣是不是很",
        "userDefined": false
      },
      {
        "text": "冷",
        "alias": "temperature",
        "meta": "@temperature",
        "userDefined": false
      }
    ],
    "isTemplate": false,
    "count": 0,
    "updated": 0
  },
  {
    "id": "9a094ed1-bb4b-41e1-9a20-0dd8ee082bee",
    "data": [
      {
        "text": "明天",
        "alias": "date-time",
        "meta": "@sys.date-time",
        "userDefined": false
      },
      {
        "text": "上海",
        "alias": "address",
        "meta": "@sys.address",
        "userDefined": false
      },
      {
        "text": "的溫度如何",
        "userDefined": false
      }
    ],
    "isTemplate": false,
    "count": 0,
    "updated": 0
  },
  {
    "id": "b2876f23-e8b6-433b-ba2d-d2593d3b47bb",
    "data": [
      {
        "text": "台北市",
        "alias": "address",
        "meta": "@sys.address",
        "userDefined": false
      },
      {
        "text": "溫度",
        "userDefined": false
      }
    ],
    "isTemplate": false,
    "count": 0,
    "updated": 0
  },
  {
    "id": "60009b2c-4e44-4939-afda-760b72750c46",
    "data": [
      {
        "text": "天氣很",
        "userDefined": false
      },
      {
        "text": "冷",
        "alias": "temperature",
        "meta": "@temperature",
        "userDefined": true
      }
    ],
    "isTemplate": false,
    "count": 0,
    "updated": 0
  },
  {
    "id": "f705515d-d86e-4aba-9160-96d431286efc",
    "data": [
      {
        "text": "天氣是不是很",
        "userDefined": false
      },
      {
        "text": "涼快",
        "alias": "temperature",
        "meta": "@temperature",
        "userDefined": true
      }
    ],
    "isTemplate": false,
    "count": 0,
    "updated": 0
  },
  {
    "id": "0bce80cb-53e8-4cf8-9cc8-4aa61756ebd6",
    "data": [
      {
        "text": "下星期日",
        "alias": "date-time",
        "meta": "@sys.date-time",
        "userDefined": false
      },
      {
        "text": "馬來西亞",
        "alias": "address",
        "meta": "@sys.address",
        "userDefined": true
      },
      {
        "text": "的天氣會很",
        "userDefined": false
      },
      {
        "text": "熱",
        "alias": "temperature",
        "meta": "@temperature",
        "userDefined": false
      },
      {
        "text": "嗎",
        "userDefined": false
      }
    ],
    "isTemplate": false,
    "count": 0,
    "updated": 0
  },
  {
    "id": "d298b647-a5d6-4292-a696-e2e47bcd7cae",
    "data": [
      {
        "text": "上海",
        "alias": "address",
        "meta": "@sys.address",
        "userDefined": false
      },
      {
        "text": "三天後",
        "alias": "date-time",
        "meta": "@sys.date-time",
        "userDefined": false
      },
      {
        "text": "多少度",
        "userDefined": false
      }
    ],
    "isTemplate": false,
    "count": 0,
    "updated": 0
  },
  {
    "id": "2ae62f66-968c-4fde-9266-4b0949d68b8b",
    "data": [
      {
        "text": "上海",
        "alias": "address",
        "meta": "@sys.address",
        "userDefined": false
      },
      {
        "text": "啥溫度",
        "userDefined": false
      }
    ],
    "isTemplate": false,
    "count": 0,
    "updated": 0
  },
  {
    "id": "94bf8020-a7a9-4614-a8a9-15e1905fa2a8",
    "data": [
      {
        "text": "攝氏度",
        "alias": "unit",
        "meta": "@unit-temperature",
        "userDefined": true
      },
      {
        "text": "天氣預報",
        "userDefined": false
      }
    ],
    "isTemplate": false,
    "count": 0,
    "updated": 0
  },
  {
    "id": "22f7a294-7f62-42fe-af5d-cb14aaf778c7",
    "data": [
      {
        "text": "明天",
        "alias": "date-time",
        "meta": "@sys.date-time",
        "userDefined": false
      },
      {
        "text": "馬來西亞",
        "alias": "address",
        "meta": "@sys.address",
        "userDefined": true
      },
      {
        "text": "最近的天氣是不是很",
        "userDefined": false
      },
      {
        "text": "冷",
        "alias": "temperature",
        "meta": "@temperature",
        "userDefined": false
      }
    ],
    "isTemplate": false,
    "count": 0,
    "updated": 0
  },
  {
    "id": "0d820731-6e1c-4191-a1ca-a27a02f191fc",
    "data": [
      {
        "text": "台南市南區",
        "alias": "address",
        "meta": "@sys.address",
        "userDefined": false
      },
      {
        "text": "現在幾度",
        "userDefined": false
      }
    ],
    "isTemplate": false,
    "count": 0,
    "updated": 0
  },
  {
    "id": "f039ba0e-75d7-4765-a4d2-c7c4eb57440f",
    "data": [
      {
        "text": "明天",
        "alias": "date-time",
        "meta": "@sys.date-time",
        "userDefined": true
      },
      {
        "text": "的天氣是不是很",
        "userDefined": false
      },
      {
        "text": "暖",
        "alias": "temperature",
        "meta": "@temperature",
        "userDefined": true
      },
      {
        "text": "嗎",
        "userDefined": false
      }
    ],
    "isTemplate": false,
    "count": 0,
    "updated": 0
  },
  {
    "id": "34cb7801-ba00-4320-858e-8e53edc38b0d",
    "data": [
      {
        "text": "爲什麽天氣那麽",
        "userDefined": false
      },
      {
        "text": "寒冷",
        "alias": "temperature",
        "meta": "@temperature",
        "userDefined": true
      }
    ],
    "isTemplate": false,
    "count": 0,
    "updated": 0
  },
  {
    "id": "2ddc8de9-8378-4444-95a2-9878d2740318",
    "data": [
      {
        "text": "天氣會很",
        "userDefined": false
      },
      {
        "text": "溫和",
        "alias": "temperature",
        "meta": "@temperature",
        "userDefined": true
      },
      {
        "text": "嗎",
        "userDefined": false
      }
    ],
    "isTemplate": false,
    "count": 0,
    "updated": 0
  },
  {
    "id": "8c803d51-b91f-4269-950d-ebbc03a430ba",
    "data": [
      {
        "text": "爲什麽",
        "userDefined": false
      },
      {
        "text": "下星期一",
        "alias": "date-time",
        "meta": "@sys.date-time",
        "userDefined": false
      },
      {
        "text": "馬來西亞",
        "alias": "address",
        "meta": "@sys.address",
        "userDefined": true
      },
      {
        "text": "天氣那麽",
        "userDefined": false
      },
      {
        "text": "涼快",
        "alias": "temperature",
        "meta": "@temperature",
        "userDefined": false
      }
    ],
    "isTemplate": false,
    "count": 0,
    "updated": 0
  },
  {
    "id": "cc7bbda5-538a-401c-932a-bb0b5c5853d9",
    "data": [
      {
        "text": "天氣會不會很",
        "userDefined": false
      },
      {
        "text": "熱",
        "alias": "temperature",
        "meta": "@temperature",
        "userDefined": true
      }
    ],
    "isTemplate": false,
    "count": 0,
    "updated": 0
  },
  {
    "id": "89fabb39-ea1b-471e-a4ea-5dcea5ad5acc",
    "data": [
      {
        "text": "台北",
        "alias": "address",
        "meta": "@sys.address",
        "userDefined": false
      },
      {
        "text": "溫度",
        "userDefined": false
      }
    ],
    "isTemplate": false,
    "count": 0,
    "updated": 0
  },
  {
    "id": "032ac360-4c79-4009-8735-6105152db845",
    "data": [
      {
        "text": "就讓你問他",
        "userDefined": false
      },
      {
        "text": "今天",
        "alias": "date-time",
        "meta": "@sys.date-time",
        "userDefined": false
      },
      {
        "text": "天氣幾度",
        "userDefined": false
      }
    ],
    "isTemplate": false,
    "count": 0,
    "updated": 0
  },
  {
    "id": "39beaf17-2553-4a36-b8c7-ff17a7e906b1",
    "data": [
      {
        "text": "兩天後",
        "alias": "date-time",
        "meta": "@sys.date-time",
        "userDefined": true
      },
      {
        "text": "的天氣會不會很",
        "userDefined": false
      },
      {
        "text": "寒冷",
        "alias": "temperature",
        "meta": "@temperature",
        "userDefined": true
      },
      {
        "text": "嗎",
        "userDefined": false
      }
    ],
    "isTemplate": false,
    "count": 0,
    "updated": 0
  },
  {
    "id": "e733f753-79a6-49f1-b248-b929cbec4450",
    "data": [
      {
        "text": "今天",
        "alias": "date-time",
        "meta": "@sys.date-time",
        "userDefined": false
      },
      {
        "text": "上海",
        "alias": "address",
        "meta": "@sys.address",
        "userDefined": false
      },
      {
        "text": "的氣溫如何",
        "userDefined": false
      }
    ],
    "isTemplate": false,
    "count": 0,
    "updated": 0
  },
  {
    "id": "127acdd7-ab65-4e1c-8c10-67cf274b28dc",
    "data": [
      {
        "text": "台南市南區",
        "alias": "address",
        "meta": "@sys.address",
        "userDefined": false
      },
      {
        "text": "幾度",
        "userDefined": false
      }
    ],
    "isTemplate": false,
    "count": 0,
    "updated": 0
  },
  {
    "id": "0f223de8-c3c8-4c4a-885a-7590470cf286",
    "data": [
      {
        "text": "明天",
        "alias": "date-time",
        "meta": "@sys.date-time",
        "userDefined": true
      },
      {
        "text": "的天氣會很",
        "userDefined": false
      },
      {
        "text": "溫和",
        "alias": "temperature",
        "meta": "@temperature",
        "userDefined": true
      },
      {
        "text": "嗎",
        "userDefined": false
      }
    ],
    "isTemplate": false,
    "count": 0,
    "updated": 0
  },
  {
    "id": "c1d70f26-dd78-4ac9-bf28-41900e5dcfab",
    "data": [
      {
        "text": "上海",
        "alias": "address",
        "meta": "@sys.address",
        "userDefined": true
      },
      {
        "text": "多",
        "userDefined": false
      },
      {
        "text": "熱",
        "alias": "temperature",
        "meta": "@temperature",
        "userDefined": true
      }
    ],
    "isTemplate": false,
    "count": 0,
    "updated": 0
  }
]