[
  {
    "id": "95f2e8a2-63ef-4819-96fb-557bb5767956",
    "data": [
      {
        "text": "habrá ",
        "userDefined": false
      },
      {
        "text": "nubes",
        "alias": "condition",
        "meta": "@weather-condition",
        "userDefined": true
      }
    ],
    "isTemplate": false,
    "count": 0,
    "updated": 0
  },
  {
    "id": "5a92bd80-6e79-454f-a84a-9bc92e8a7860",
    "data": [
      {
        "text": "y ",
        "userDefined": false
      },
      {
        "text": "lluvias",
        "alias": "condition",
        "meta": "@weather-condition",
        "userDefined": false
      }
    ],
    "isTemplate": false,
    "count": 0,
    "updated": 0
  },
  {
    "id": "75faf615-c33a-42e6-9a58-1d90382938ca",
    "data": [
      {
        "text": "va a ",
        "userDefined": false
      },
      {
        "text": "nevar",
        "alias": "condition",
        "meta": "@weather-condition",
        "userDefined": true
      }
    ],
    "isTemplate": false,
    "count": 0,
    "updated": 0
  },
  {
    "id": "72ab2d3e-db74-4d1f-8d74-3a62eca2bb3a",
    "data": [
      {
        "text": "estará ",
        "userDefined": false
      },
      {
        "text": "soleado",
        "alias": "condition",
        "meta": "@weather-condition",
        "userDefined": true
      }
    ],
    "isTemplate": false,
    "count": 0,
    "updated": 0
  }
]