[
  {
    "id": "dfe227b5-7d94-409c-9da2-d2dac2038fc7",
    "data": [
      {
        "text": "est-ce une bonne idée de partir en ",
        "userDefined": false
      },
      {
        "text": "randonnée",
        "alias": "activity",
        "meta": "@activity",
        "userDefined": true
      },
      {
        "text": " maintenant",
        "userDefined": false
      }
    ],
    "isTemplate": false,
    "count": 0,
    "updated": 1530696813
  },
  {
    "id": "5d21c3f1-9c2e-4f82-ba82-8ce8437f3d4e",
    "data": [
      {
        "text": "fait-il assez bon pour faire du sport dehors ",
        "userDefined": false
      },
      {
        "text": "aujourd\u0027hui",
        "alias": "date-time",
        "meta": "@sys.date-time",
        "userDefined": true
      }
    ],
    "isTemplate": false,
    "count": 0,
    "updated": 1530696813
  },
  {
    "id": "e2bfc241-4d96-4b61-8cd2-b2598090494d",
    "data": [
      {
        "text": "fait-il bon pour faire du ",
        "userDefined": false
      },
      {
        "text": "sport",
        "alias": "activity",
        "meta": "@activity",
        "userDefined": true
      },
      {
        "text": " déhors ",
        "userDefined": false
      },
      {
        "text": "aujourd\u0027hui",
        "alias": "date-time",
        "meta": "@sys.date-time",
        "userDefined": true
      }
    ],
    "isTemplate": false,
    "count": 0,
    "updated": 1530696813
  },
  {
    "id": "20cab483-517a-40cf-b894-872ad5109f96",
    "data": [
      {
        "text": "fera-t-il assez chaud pour aller ",
        "userDefined": false
      },
      {
        "text": "nager",
        "alias": "activity",
        "meta": "@activity",
        "userDefined": true
      },
      {
        "text": " ",
        "userDefined": false
      },
      {
        "text": "demain",
        "alias": "date-time",
        "meta": "@sys.date-time",
        "userDefined": true
      }
    ],
    "isTemplate": false,
    "count": 0,
    "updated": 1530696813
  },
  {
    "id": "3174cb9e-8ece-4ed4-be1d-f7f2ba99ccbb",
    "data": [
      {
        "text": "fait-il beau à ",
        "userDefined": false
      },
      {
        "text": "Nantes",
        "alias": "address",
        "meta": "@sys.geo-city",
        "userDefined": true
      },
      {
        "text": " pour faire du ",
        "userDefined": false
      },
      {
        "text": "jogging",
        "alias": "activity",
        "meta": "@activity",
        "userDefined": true
      }
    ],
    "isTemplate": false,
    "count": 0,
    "updated": 1530696813
  },
  {
    "id": "a9e56c08-7880-4149-94e1-3cb4ffdc924f",
    "data": [
      {
        "text": "fait-il assez beau à ",
        "userDefined": false
      },
      {
        "text": "Nantes",
        "alias": "address",
        "meta": "@sys.geo-city",
        "userDefined": true
      },
      {
        "text": " pour faire du ",
        "userDefined": false
      },
      {
        "text": "jogging",
        "alias": "activity",
        "meta": "@activity",
        "userDefined": true
      }
    ],
    "isTemplate": false,
    "count": 0,
    "updated": 1530696813
  },
  {
    "id": "34048bb3-624b-4053-a88b-544732ff0ce2",
    "data": [
      {
        "text": "fait-il assez beau pour jouer au ",
        "userDefined": false
      },
      {
        "text": "frisbee",
        "alias": "activity",
        "meta": "@activity",
        "userDefined": false
      },
      {
        "text": " dehors",
        "userDefined": false
      }
    ],
    "isTemplate": false,
    "count": 0,
    "updated": 1530696813
  },
  {
    "id": "b5592332-300b-4ffa-a4ef-610e36d66c73",
    "data": [
      {
        "text": "est-ce qu\u0027",
        "userDefined": false
      },
      {
        "text": "il",
        "meta": "@sys.ignore",
        "userDefined": false
      },
      {
        "text": " fera assez ",
        "userDefined": false
      },
      {
        "text": "froid",
        "meta": "@sys.ignore",
        "userDefined": false
      },
      {
        "text": " pour ",
        "userDefined": false
      },
      {
        "text": "faire du snowboard",
        "alias": "activity",
        "meta": "@activity",
        "userDefined": false
      }
    ],
    "isTemplate": false,
    "count": 0,
    "updated": 1530696813
  },
  {
    "id": "4158c633-b200-4cd2-bcd1-64f78f18b040",
    "data": [
      {
        "text": "sera-t-il assez chaud pour aller ",
        "userDefined": false
      },
      {
        "text": "nager",
        "alias": "activity",
        "meta": "@activity",
        "userDefined": true
      },
      {
        "text": " ",
        "userDefined": false
      },
      {
        "text": "demain",
        "alias": "date-time",
        "meta": "@sys.date-time",
        "userDefined": true
      }
    ],
    "isTemplate": false,
    "count": 1,
    "updated": 1530696813
  },
  {
    "id": "3c5a96eb-6a1e-4b5f-8eab-c9885dc1e801",
    "data": [
      {
        "text": "est-ce que ",
        "userDefined": false
      },
      {
        "text": "c",
        "meta": "@sys.ignore",
        "userDefined": false
      },
      {
        "text": "\u0027est le bon temps pour ",
        "userDefined": false
      },
      {
        "text": "faire du vélo",
        "alias": "activity",
        "meta": "@activity",
        "userDefined": false
      },
      {
        "text": " maintenant",
        "userDefined": false
      }
    ],
    "isTemplate": false,
    "count": 0,
    "updated": 1530696813
  },
  {
    "id": "42638832-a28f-4169-a060-1c9f7d150a48",
    "data": [
      {
        "text": "le temps est-il assez bon pour faire ",
        "userDefined": false
      },
      {
        "text": "de",
        "meta": "@sys.ignore",
        "userDefined": false
      },
      {
        "text": " ",
        "userDefined": false
      },
      {
        "text": "la",
        "meta": "@sys.ignore",
        "userDefined": false
      },
      {
        "text": " ",
        "userDefined": false
      },
      {
        "text": "marche",
        "alias": "activity",
        "meta": "@activity",
        "userDefined": true
      }
    ],
    "isTemplate": false,
    "count": 0,
    "updated": 0
  },
  {
    "id": "f28e43c5-bc8c-421a-805c-69a40504ccce",
    "data": [
      {
        "text": "est-ce qu\u0027il fera froid pour faire du ",
        "userDefined": false
      },
      {
        "text": "snowboard",
        "alias": "activity",
        "meta": "@activity",
        "userDefined": true
      }
    ],
    "isTemplate": false,
    "count": 0,
    "updated": 0
  },
  {
    "id": "0edcc6a0-15c0-4363-9f88-29c536dc9334",
    "data": [
      {
        "text": "fait-il beau pour aller ",
        "userDefined": false
      },
      {
        "text": "faire de la luge",
        "alias": "activity",
        "meta": "@activity",
        "userDefined": true
      },
      {
        "text": " ",
        "userDefined": false
      },
      {
        "text": "aujourd\u0027hui",
        "alias": "date-time",
        "meta": "@sys.date-time",
        "userDefined": true
      }
    ],
    "isTemplate": false,
    "count": 1,
    "updated": 0
  },
  {
    "id": "36c6d55d-8e1e-478a-a10c-0c0fe2976609",
    "data": [
      {
        "text": "est-ce qu\u0027",
        "userDefined": false
      },
      {
        "text": "il",
        "meta": "@sys.ignore",
        "userDefined": false
      },
      {
        "text": " fait assez beau pour faire du ",
        "userDefined": false
      },
      {
        "text": "yoga",
        "alias": "activity",
        "meta": "@activity",
        "userDefined": false
      },
      {
        "text": " dehors",
        "userDefined": false
      }
    ],
    "isTemplate": false,
    "count": 0,
    "updated": 0
  },
  {
    "id": "3cba3271-3e73-4d56-be3d-a2680fdaf760",
    "data": [
      {
        "text": "pourrai-je ",
        "userDefined": false
      },
      {
        "text": "faire du vélo",
        "alias": "activity",
        "meta": "@activity",
        "userDefined": false
      },
      {
        "text": " ",
        "userDefined": false
      },
      {
        "text": "aujourd\u0027hui",
        "alias": "date-time",
        "meta": "@sys.date-time",
        "userDefined": true
      }
    ],
    "isTemplate": false,
    "count": 0,
    "updated": 0
  },
  {
    "id": "ebf7c3ab-f05c-488d-8778-1050b5bad879",
    "data": [
      {
        "text": "dois-je aller faire de la ",
        "userDefined": false
      },
      {
        "text": "marche",
        "alias": "activity",
        "meta": "@activity",
        "userDefined": false
      }
    ],
    "isTemplate": false,
    "count": 0,
    "updated": 0
  },
  {
    "id": "81210658-05f5-46dd-83e5-b2645d124ba6",
    "data": [
      {
        "text": "puis-je sortir pour faire du ",
        "userDefined": false
      },
      {
        "text": "jogging",
        "alias": "activity",
        "meta": "@activity",
        "userDefined": false
      },
      {
        "text": " ",
        "userDefined": false
      },
      {
        "text": "aujourd\u0027hui",
        "alias": "date-time",
        "meta": "@sys.date-time",
        "userDefined": false
      },
      {
        "text": " à ",
        "userDefined": false
      },
      {
        "text": "Paris",
        "alias": "address",
        "meta": "@sys.geo-city",
        "userDefined": false
      }
    ],
    "isTemplate": false,
    "count": 0,
    "updated": 1530696813
  },
  {
    "id": "715c7ea0-cdc7-4471-a529-3ca87c1042d9",
    "data": [
      {
        "text": "le temps est-il bon pour faire de la ",
        "userDefined": false
      },
      {
        "text": "marche",
        "alias": "activity",
        "meta": "@activity",
        "userDefined": true
      }
    ],
    "isTemplate": false,
    "count": 1,
    "updated": 0
  },
  {
    "id": "751ca8e0-3319-48a7-a20b-1b4206d5ac56",
    "data": [
      {
        "text": "fait-il assez beau pour aller ",
        "userDefined": false
      },
      {
        "text": "faire de la luge",
        "alias": "activity",
        "meta": "@activity",
        "userDefined": false
      },
      {
        "text": " ",
        "userDefined": false
      },
      {
        "text": "aujourd\u0027hui",
        "alias": "date-time",
        "meta": "@sys.date-time",
        "userDefined": true
      }
    ],
    "isTemplate": false,
    "count": 0,
    "updated": 0
  },
  {
    "id": "30a871b2-6245-49a9-bb96-c5281b784780",
    "data": [
      {
        "text": "est-ce qu\u0027il fait beau pour faire du ",
        "userDefined": false
      },
      {
        "text": "yoga",
        "alias": "activity",
        "meta": "@activity",
        "userDefined": true
      },
      {
        "text": " dehors",
        "userDefined": false
      }
    ],
    "isTemplate": false,
    "count": 1,
    "updated": 0
  }
]