[
  {
    "id": "481c8a32-a789-4a4b-8a66-a9d082f03c95",
    "data": [
      {
        "text": "and my ",
        "userDefined": false
      },
      {
        "text": "umbrella",
        "alias": "outfit",
        "meta": "@outfit",
        "userDefined": false
      }
    ],
    "isTemplate": false,
    "count": 0,
    "updated": 0
  },
  {
    "id": "71660301-9d71-475f-8026-6e05b2425fb1",
    "data": [
      {
        "text": "and ",
        "userDefined": false
      },
      {
        "text": "umbrella",
        "alias": "outfit",
        "meta": "@outfit",
        "userDefined": true
      }
    ],
    "isTemplate": false,
    "count": 1,
    "updated": 0
  },
  {
    "id": "8f2cc89f-d7af-4595-8826-fad447475b1c",
    "data": [
      {
        "text": "how ",
        "userDefined": false
      },
      {
        "text": "about",
        "meta": "@sys.ignore",
        "userDefined": true
      },
      {
        "text": " ",
        "userDefined": false
      },
      {
        "text": "raincoat",
        "alias": "outfit",
        "meta": "@outfit",
        "userDefined": true
      }
    ],
    "isTemplate": false,
    "count": 0,
    "updated": 0
  },
  {
    "id": "e706e56a-8572-4fff-9d03-2455a064cd15",
    "data": [
      {
        "text": "how ",
        "userDefined": false
      },
      {
        "text": "about",
        "meta": "@sys.ignore",
        "userDefined": false
      },
      {
        "text": " my ",
        "userDefined": false
      },
      {
        "text": "raincoat",
        "alias": "outfit",
        "meta": "@outfit",
        "userDefined": false
      }
    ],
    "isTemplate": false,
    "count": 0,
    "updated": 0
  },
  {
    "id": "31ca2361-5fa1-4116-9340-74f84e839f64",
    "data": [
      {
        "text": "what about ",
        "userDefined": false
      },
      {
        "text": "sunglasses",
        "alias": "outfit",
        "meta": "@outfit",
        "userDefined": true
      }
    ],
    "isTemplate": false,
    "count": 0,
    "updated": 0
  },
  {
    "id": "ceabb8e0-7e3e-41d8-8f16-9b780b9dad8f",
    "data": [
      {
        "text": "raincoat",
        "alias": "outfit",
        "meta": "@outfit",
        "userDefined": false
      }
    ],
    "isTemplate": false,
    "count": 0,
    "updated": 0
  },
  {
    "id": "93f65df4-ade7-4250-9607-155cc6d3a77c",
    "data": [
      {
        "text": "and ",
        "userDefined": false
      },
      {
        "text": "raincoat",
        "alias": "outfit",
        "meta": "@outfit",
        "userDefined": false
      }
    ],
    "isTemplate": false,
    "count": 0,
    "updated": 0
  },
  {
    "id": "f884fbcd-f436-4764-be77-f5745b55bdf6",
    "data": [
      {
        "text": "my ",
        "userDefined": false
      },
      {
        "text": "coat",
        "alias": "outfit",
        "meta": "@outfit",
        "userDefined": false
      }
    ],
    "isTemplate": false,
    "count": 0,
    "updated": 0
  }
]