[
  {
    "id": "1a5a87f5-f0dc-4943-b559-6624c03a2fc0",
    "data": [
      {
        "text": "em ",
        "userDefined": false
      },
      {
        "text": "Moscovo",
        "alias": "address",
        "meta": "@sys.location",
        "userDefined": true
      },
      {
        "text": " neste ",
        "userDefined": false
      },
      {
        "text": "fim de semana",
        "alias": "date-time",
        "meta": "@sys.date-time",
        "userDefined": true
      }
    ],
    "isTemplate": false,
    "count": 0,
    "updated": 0
  },
  {
    "id": "85131a46-0ba6-4b26-be7f-61607f732287",
    "data": [
      {
        "text": "e em ",
        "userDefined": false
      },
      {
        "text": "Princeton",
        "alias": "address",
        "meta": "@sys.location",
        "userDefined": true
      },
      {
        "text": " ",
        "userDefined": false
      },
      {
        "text": "amanhã",
        "alias": "date-time",
        "meta": "@sys.date-time",
        "userDefined": true
      }
    ],
    "isTemplate": false,
    "count": 0,
    "updated": 0
  },
  {
    "id": "cd5779ed-cdf1-4fdc-9975-a83df2182454",
    "data": [
      {
        "text": "e em ",
        "userDefined": false
      },
      {
        "text": "Paris",
        "alias": "address",
        "meta": "@sys.location",
        "userDefined": true
      },
      {
        "text": " na ",
        "userDefined": false
      },
      {
        "text": "próxima sexta-feira",
        "alias": "date-time",
        "meta": "@sys.date-time",
        "userDefined": true
      }
    ],
    "isTemplate": false,
    "count": 0,
    "updated": 0
  },
  {
    "id": "535a4165-8c27-4ec7-a7ac-e7620316dc05",
    "data": [
      {
        "text": "amanhã",
        "alias": "date-time",
        "meta": "@sys.date-time",
        "userDefined": true
      },
      {
        "text": " em ",
        "userDefined": false
      },
      {
        "text": "Madrid",
        "alias": "address",
        "meta": "@sys.location",
        "userDefined": true
      }
    ],
    "isTemplate": false,
    "count": 0,
    "updated": 0
  }
]