[
  {
    "id": "a04f79bf-5e74-4013-baa1-409cdda5df8e",
    "data": [
      {
        "text": "e l\u0027",
        "userDefined": false
      },
      {
        "text": "ombrello",
        "alias": "outfit",
        "meta": "@outfit",
        "userDefined": true
      }
    ],
    "isTemplate": false,
    "count": 0,
    "updated": 0
  },
  {
    "id": "d27f79c4-ede6-4f70-8cc7-0647bf7ffd9f",
    "data": [
      {
        "text": "anche un ",
        "userDefined": false
      },
      {
        "text": "giubbotto",
        "alias": "outfit",
        "meta": "@outfit",
        "userDefined": true
      }
    ],
    "isTemplate": false,
    "count": 0,
    "updated": 0
  },
  {
    "id": "d383fd51-40d5-4b48-9c94-275539e0f42e",
    "data": [
      {
        "text": "e un ",
        "userDefined": false
      },
      {
        "text": "ombrello",
        "alias": "outfit",
        "meta": "@outfit",
        "userDefined": true
      }
    ],
    "isTemplate": false,
    "count": 0,
    "updated": 0
  },
  {
    "id": "e54c7321-317c-459c-a423-9eacae14c797",
    "data": [
      {
        "text": "e i ",
        "userDefined": false
      },
      {
        "text": "guanti",
        "alias": "outfit",
        "meta": "@outfit",
        "userDefined": true
      }
    ],
    "isTemplate": false,
    "count": 1,
    "updated": 0
  },
  {
    "id": "325bec67-cdc7-43d1-9e02-4623632c823c",
    "data": [
      {
        "text": "anche il ",
        "userDefined": false
      },
      {
        "text": "giubbotto",
        "alias": "outfit",
        "meta": "@outfit",
        "userDefined": true
      }
    ],
    "isTemplate": false,
    "count": 0,
    "updated": 0
  }
]