[
  {
    "id": "473dc1c9-32d7-4ade-9b38-d6a5567426d2",
    "data": [
      {
        "text": "per ",
        "userDefined": false
      },
      {
        "text": "domani",
        "alias": "date-time",
        "meta": "@sys.date-time",
        "userDefined": true
      }
    ],
    "isTemplate": false,
    "count": 0,
    "updated": 0
  },
  {
    "id": "4c594184-b926-4bb5-b6f1-e791d938d8b4",
    "data": [
      {
        "text": "di ",
        "userDefined": false
      },
      {
        "text": "settimana prossima",
        "alias": "date-time",
        "meta": "@sys.date-time",
        "userDefined": true
      }
    ],
    "isTemplate": false,
    "count": 0,
    "updated": 0
  },
  {
    "id": "733aa7cf-5f13-47eb-96e3-f151ef06fab7",
    "data": [
      {
        "text": "e ",
        "userDefined": false
      },
      {
        "text": "sabato",
        "alias": "date-time",
        "meta": "@sys.date-time",
        "userDefined": true
      }
    ],
    "isTemplate": false,
    "count": 0,
    "updated": 0
  },
  {
    "id": "218afd18-7087-4a27-97c5-8a5cac6a871b",
    "data": [
      {
        "text": "della ",
        "userDefined": false
      },
      {
        "text": "settimana prossima",
        "alias": "date-time",
        "meta": "@sys.date-time",
        "userDefined": true
      }
    ],
    "isTemplate": false,
    "count": 0,
    "updated": 0
  },
  {
    "id": "57692b65-873c-4ea4-a81b-50985f575fe8",
    "data": [
      {
        "text": "e per ",
        "userDefined": false
      },
      {
        "text": "domani",
        "alias": "date-time",
        "meta": "@sys.date-time",
        "userDefined": true
      }
    ],
    "isTemplate": false,
    "count": 0,
    "updated": 0
  },
  {
    "id": "1e8d3838-7e38-4b38-828c-93e697e79e2c",
    "data": [
      {
        "text": "anche ",
        "userDefined": false
      },
      {
        "text": "oggi",
        "alias": "date-time",
        "meta": "@sys.date-time",
        "userDefined": true
      }
    ],
    "isTemplate": false,
    "count": 0,
    "updated": 0
  },
  {
    "id": "793a8969-a62e-426d-a6da-4406a424c2aa",
    "data": [
      {
        "text": "e questo ",
        "userDefined": false
      },
      {
        "text": "fine settimana",
        "alias": "date-time",
        "meta": "@sys.date-time",
        "userDefined": true
      }
    ],
    "isTemplate": false,
    "count": 1,
    "updated": 0
  },
  {
    "id": "c883cfe3-a88b-4ee5-af0e-a995287de846",
    "data": [
      {
        "text": "e anche per ",
        "userDefined": false
      },
      {
        "text": "oggi",
        "alias": "date-time",
        "meta": "@sys.date-time",
        "userDefined": true
      }
    ],
    "isTemplate": false,
    "count": 0,
    "updated": 0
  },
  {
    "id": "69c873a2-4dd1-4986-a4fa-bdfb95298b93",
    "data": [
      {
        "text": "pure per ",
        "userDefined": false
      },
      {
        "text": "domani",
        "alias": "date-time",
        "meta": "@sys.date-time",
        "userDefined": true
      }
    ],
    "isTemplate": false,
    "count": 0,
    "updated": 0
  }
]