[
  {
    "id": "fea25f96-1cc7-472b-8a44-d0c44a6c8815",
    "data": [
      {
        "text": "dime si necesito ",
        "userDefined": false
      },
      {
        "text": "chamarra",
        "alias": "outfit",
        "meta": "@outfit",
        "userDefined": true
      },
      {
        "text": " afuera",
        "userDefined": false
      }
    ],
    "isTemplate": false,
    "count": 0,
    "updated": 0
  },
  {
    "id": "b48ac5fd-64d8-480c-a749-04f042e7d67e",
    "data": [
      {
        "text": "necesitaré un ",
        "userDefined": false
      },
      {
        "text": "paraguas",
        "alias": "outfit",
        "meta": "@outfit",
        "userDefined": true
      },
      {
        "text": " el ",
        "userDefined": false
      },
      {
        "text": "próximo viernes",
        "alias": "date-time",
        "meta": "@sys.date-time",
        "userDefined": true
      },
      {
        "text": " en ",
        "userDefined": false
      },
      {
        "text": "París",
        "alias": "address",
        "meta": "@sys.location",
        "userDefined": true
      }
    ],
    "isTemplate": false,
    "count": 0,
    "updated": 0
  },
  {
    "id": "df1e2e67-3db8-4f23-bcc5-a8429a8086b1",
    "data": [
      {
        "text": "voy a ",
        "userDefined": false
      },
      {
        "text": "Londres",
        "alias": "address",
        "meta": "@sys.location",
        "userDefined": true
      },
      {
        "text": " necesito llevar ",
        "userDefined": false
      },
      {
        "text": "paraguas",
        "alias": "outfit",
        "meta": "@outfit",
        "userDefined": true
      }
    ],
    "isTemplate": false,
    "count": 0,
    "updated": 0
  },
  {
    "id": "95a7a4d7-2f24-4bc8-8b57-f70b02cf0dec",
    "data": [
      {
        "text": "me pongo ",
        "userDefined": false
      },
      {
        "text": "chaqueta",
        "alias": "outfit",
        "meta": "@outfit",
        "userDefined": true
      },
      {
        "text": " ",
        "userDefined": false
      },
      {
        "text": "hoy",
        "alias": "date-time",
        "meta": "@sys.date-time",
        "userDefined": true
      }
    ],
    "isTemplate": false,
    "count": 0,
    "updated": 0
  },
  {
    "id": "49b17ad0-ce83-4683-8a84-aef9c9480194",
    "data": [
      {
        "text": "necesitaré ",
        "userDefined": false
      },
      {
        "text": "paraguas",
        "alias": "outfit",
        "meta": "@outfit",
        "userDefined": true
      }
    ],
    "isTemplate": false,
    "count": 0,
    "updated": 0
  },
  {
    "id": "025db57a-d419-4c17-812c-d12289d520da",
    "data": [
      {
        "text": "podrías decirme ",
        "userDefined": false
      },
      {
        "text": "si",
        "meta": "@sys.ignore",
        "userDefined": true
      },
      {
        "text": " ",
        "userDefined": false
      },
      {
        "text": "voy",
        "meta": "@sys.ignore",
        "userDefined": true
      },
      {
        "text": " a necesitar ",
        "userDefined": false
      },
      {
        "text": "abrigo",
        "alias": "outfit",
        "meta": "@outfit",
        "userDefined": true
      },
      {
        "text": " en ",
        "userDefined": false
      },
      {
        "text": "París",
        "alias": "address",
        "meta": "@sys.location",
        "userDefined": true
      },
      {
        "text": " el ",
        "userDefined": false
      },
      {
        "text": "13 de noviembre",
        "alias": "date-time",
        "meta": "@sys.date-time",
        "userDefined": true
      }
    ],
    "isTemplate": false,
    "count": 0,
    "updated": 0
  },
  {
    "id": "6508358b-c224-4cc8-b5b1-10ad2cb63305",
    "data": [
      {
        "text": "puedo salir sin ",
        "userDefined": false
      },
      {
        "text": "suéter",
        "alias": "outfit",
        "meta": "@outfit",
        "userDefined": true
      }
    ],
    "isTemplate": false,
    "count": 0,
    "updated": 0
  },
  {
    "id": "92760638-4cad-4794-b63d-098e317541fe",
    "data": [
      {
        "text": "podría salir sin un ",
        "userDefined": false
      },
      {
        "text": "abrigo",
        "alias": "outfit",
        "meta": "@outfit",
        "userDefined": true
      }
    ],
    "isTemplate": false,
    "count": 0,
    "updated": 0
  },
  {
    "id": "c1bf0fc7-ceb0-4bd5-a620-e2cba26ed7fd",
    "data": [
      {
        "text": "tengo que llevarme una ",
        "userDefined": false
      },
      {
        "text": "chamarra",
        "alias": "outfit",
        "meta": "@outfit",
        "userDefined": true
      }
    ],
    "isTemplate": false,
    "count": 0,
    "updated": 0
  },
  {
    "id": "f8a78759-bc7b-47da-87c6-d5c4e7eebdaa",
    "data": [
      {
        "text": "dime si se necesita ",
        "userDefined": false
      },
      {
        "text": "abrigo",
        "alias": "outfit",
        "meta": "@outfit",
        "userDefined": true
      },
      {
        "text": " para salir por ",
        "userDefined": false
      },
      {
        "text": "Murcia",
        "alias": "address",
        "meta": "@sys.location",
        "userDefined": true
      },
      {
        "text": " ",
        "userDefined": false
      },
      {
        "text": "hoy",
        "alias": "date-time",
        "meta": "@sys.date-time",
        "userDefined": true
      }
    ],
    "isTemplate": false,
    "count": 0,
    "updated": 0
  },
  {
    "id": "cd23e337-22f7-4f77-8f46-207590ad40b3",
    "data": [
      {
        "text": "quiero saber si necesitaré ",
        "userDefined": false
      },
      {
        "text": "abrigo",
        "alias": "outfit",
        "meta": "@outfit",
        "userDefined": true
      },
      {
        "text": " al salir ",
        "userDefined": false
      },
      {
        "text": "por la tarde",
        "alias": "date-time",
        "meta": "@sys.date-time",
        "userDefined": true
      }
    ],
    "isTemplate": false,
    "count": 0,
    "updated": 0
  },
  {
    "id": "581eeb94-29f3-4f4f-bb3b-ae59745d9d0e",
    "data": [
      {
        "text": "necesito un ",
        "userDefined": false
      },
      {
        "text": "abrigo",
        "alias": "outfit",
        "meta": "@outfit",
        "userDefined": true
      },
      {
        "text": " para salir",
        "userDefined": false
      }
    ],
    "isTemplate": false,
    "count": 0,
    "updated": 0
  },
  {
    "id": "7552ff8e-1ead-4036-bc10-c9ce5807ae65",
    "data": [
      {
        "text": "me dices si necesito ",
        "userDefined": false
      },
      {
        "text": "abrigo",
        "alias": "outfit",
        "meta": "@outfit",
        "userDefined": true
      },
      {
        "text": " para salir",
        "userDefined": false
      }
    ],
    "isTemplate": false,
    "count": 0,
    "updated": 0
  },
  {
    "id": "4760f56b-b2a2-44b2-b7ae-b25767f32557",
    "data": [
      {
        "text": "quiero que me digas si necesitaré ",
        "userDefined": false
      },
      {
        "text": "suéter",
        "alias": "outfit",
        "meta": "@outfit",
        "userDefined": true
      },
      {
        "text": " en ",
        "userDefined": false
      },
      {
        "text": "Moscú",
        "alias": "address",
        "meta": "@sys.location",
        "userDefined": true
      }
    ],
    "isTemplate": false,
    "count": 0,
    "updated": 0
  },
  {
    "id": "8013f8e2-5a18-4fd6-a3e1-0fd68f6eb53e",
    "data": [
      {
        "text": "tendré que llevar una ",
        "userDefined": false
      },
      {
        "text": "chaqueta",
        "alias": "outfit",
        "meta": "@outfit",
        "userDefined": true
      }
    ],
    "isTemplate": false,
    "count": 0,
    "updated": 0
  },
  {
    "id": "82c24d72-6b5b-4e62-a8a0-5cbd28198db3",
    "data": [
      {
        "text": "me pongo ",
        "userDefined": false
      },
      {
        "text": "chaqueta",
        "alias": "outfit",
        "meta": "@outfit",
        "userDefined": true
      }
    ],
    "isTemplate": false,
    "count": 0,
    "updated": 0
  },
  {
    "id": "f4d6b65e-2a70-4036-992e-b92e76d19cce",
    "data": [
      {
        "text": "avisame si debo salir con ",
        "userDefined": false
      },
      {
        "text": "paraguas",
        "alias": "outfit",
        "meta": "@outfit",
        "userDefined": true
      }
    ],
    "isTemplate": false,
    "count": 0,
    "updated": 0
  },
  {
    "id": "5ba781ea-582e-4818-8ba1-7dcfff0af9cc",
    "data": [
      {
        "text": "me hace falta un ",
        "userDefined": false
      },
      {
        "text": "suéter",
        "alias": "outfit",
        "meta": "@outfit",
        "userDefined": true
      },
      {
        "text": " para ir a caminar",
        "userDefined": false
      }
    ],
    "isTemplate": false,
    "count": 0,
    "updated": 0
  },
  {
    "id": "0e546fd6-cb5c-4e7c-9b03-8908d701b948",
    "data": [
      {
        "text": "necesito ",
        "userDefined": false
      },
      {
        "text": "abrigo",
        "alias": "outfit",
        "meta": "@outfit",
        "userDefined": true
      },
      {
        "text": " para salir ahora en ",
        "userDefined": false
      },
      {
        "text": "Barcelona",
        "alias": "address",
        "meta": "@sys.location",
        "userDefined": true
      }
    ],
    "isTemplate": false,
    "count": 0,
    "updated": 0
  },
  {
    "id": "f16691d0-b94b-49dd-8d7e-1bcb3d06c018",
    "data": [
      {
        "text": "necesitaré ",
        "userDefined": false
      },
      {
        "text": "paraguas",
        "alias": "outfit",
        "meta": "@outfit",
        "userDefined": true
      },
      {
        "text": " ",
        "userDefined": false
      },
      {
        "text": "mañana",
        "alias": "date-time",
        "meta": "@sys.date-time",
        "userDefined": true
      },
      {
        "text": " en ",
        "userDefined": false
      },
      {
        "text": "Londres",
        "alias": "address",
        "meta": "@sys.location",
        "userDefined": true
      }
    ],
    "isTemplate": false,
    "count": 0,
    "updated": 0
  },
  {
    "id": "4aabccb2-71e6-45b6-bf29-41f65afb7df3",
    "data": [
      {
        "text": "no sé si debo llevar el ",
        "userDefined": false
      },
      {
        "text": "paraguas",
        "alias": "outfit",
        "meta": "@outfit",
        "userDefined": true
      }
    ],
    "isTemplate": false,
    "count": 0,
    "updated": 0
  },
  {
    "id": "140e5add-844d-4485-ad2b-fd5da68ecb2c",
    "data": [
      {
        "text": "necesitaría ",
        "userDefined": false
      },
      {
        "text": "gafas de sol",
        "alias": "outfit",
        "meta": "@outfit",
        "userDefined": true
      },
      {
        "text": " en ",
        "userDefined": false
      },
      {
        "text": "Valencia",
        "alias": "address",
        "meta": "@sys.location",
        "userDefined": true
      },
      {
        "text": " ",
        "userDefined": false
      },
      {
        "text": "hoy",
        "alias": "date-time",
        "meta": "@sys.date-time",
        "userDefined": true
      }
    ],
    "isTemplate": false,
    "count": 0,
    "updated": 0
  },
  {
    "id": "0343ad5b-0299-4ea4-b580-e589a9a0ae22",
    "data": [
      {
        "text": "me será necesario un ",
        "userDefined": false
      },
      {
        "text": "paraguas",
        "alias": "outfit",
        "meta": "@outfit",
        "userDefined": true
      },
      {
        "text": " afuera",
        "userDefined": false
      }
    ],
    "isTemplate": false,
    "count": 0,
    "updated": 0
  },
  {
    "id": "0a0f99f7-79f2-4b83-a651-28d8ad3d1ccf",
    "data": [
      {
        "text": "me hará falta un ",
        "userDefined": false
      },
      {
        "text": "abrigo",
        "alias": "outfit",
        "meta": "@outfit",
        "userDefined": true
      },
      {
        "text": " afuera",
        "userDefined": false
      }
    ],
    "isTemplate": false,
    "count": 0,
    "updated": 0
  },
  {
    "id": "86656436-3d85-43d0-bdf7-f4765125cca3",
    "data": [
      {
        "text": "quisiera saber si necesito ",
        "userDefined": false
      },
      {
        "text": "gafas de sol",
        "alias": "outfit",
        "meta": "@outfit",
        "userDefined": true
      },
      {
        "text": " para salir",
        "userDefined": false
      }
    ],
    "isTemplate": false,
    "count": 0,
    "updated": 0
  },
  {
    "id": "c3ef0af5-5fb3-4f2c-b61c-65219de2d726",
    "data": [
      {
        "text": "a las ",
        "userDefined": false
      },
      {
        "text": "6 de la tarde",
        "alias": "date-time",
        "meta": "@sys.date-time",
        "userDefined": true
      },
      {
        "text": " será necesario un ",
        "userDefined": false
      },
      {
        "text": "paraguas",
        "alias": "outfit",
        "meta": "@outfit",
        "userDefined": true
      },
      {
        "text": " en ",
        "userDefined": false
      },
      {
        "text": "Madrid",
        "alias": "address",
        "meta": "@sys.location",
        "userDefined": true
      }
    ],
    "isTemplate": false,
    "count": 0,
    "updated": 0
  },
  {
    "id": "24c565d3-8e24-465d-a108-7435650ecb5b",
    "data": [
      {
        "text": "necesito ",
        "userDefined": false
      },
      {
        "text": "paraguas",
        "alias": "outfit",
        "meta": "@outfit",
        "userDefined": true
      },
      {
        "text": " para salir ",
        "userDefined": false
      },
      {
        "text": "por la tarde",
        "alias": "date-time",
        "meta": "@sys.date-time",
        "userDefined": true
      },
      {
        "text": " en ",
        "userDefined": false
      },
      {
        "text": "Miami",
        "alias": "address",
        "meta": "@sys.location",
        "userDefined": true
      }
    ],
    "isTemplate": false,
    "count": 0,
    "updated": 0
  },
  {
    "id": "8d5ae843-da89-45d0-a7ef-356ed6f755ad",
    "data": [
      {
        "text": "me pongo ",
        "userDefined": false
      },
      {
        "text": "suéter",
        "alias": "outfit",
        "meta": "@outfit",
        "userDefined": true
      },
      {
        "text": " ",
        "userDefined": false
      },
      {
        "text": "mañana",
        "alias": "date-time",
        "meta": "@sys.date-time",
        "userDefined": true
      }
    ],
    "isTemplate": false,
    "count": 0,
    "updated": 0
  }
]