[
  {
    "id": "50f9cba2-d859-42e9-a662-edb16518688b",
    "data": [
      {
        "text": "pronóstico meteorológico para la ",
        "userDefined": false
      },
      {
        "text": "semana",
        "alias": "date-time",
        "meta": "@sys.date-time",
        "userDefined": true
      }
    ],
    "isTemplate": false,
    "count": 0,
    "updated": 0
  },
  {
    "id": "5e32d990-f72a-4d4c-92d6-e24bebf0907a",
    "data": [
      {
        "text": "qué tiempo hace ahora en ",
        "userDefined": false
      },
      {
        "text": "Roma",
        "alias": "address",
        "meta": "@sys.location",
        "userDefined": true
      }
    ],
    "isTemplate": false,
    "count": 0,
    "updated": 0
  },
  {
    "id": "3cfb96c0-c1e9-4dc1-b58a-0464b7247989",
    "data": [
      {
        "text": "cuál es el pronóstico del clima en ",
        "userDefined": false
      },
      {
        "text": "México",
        "alias": "address",
        "meta": "@sys.location",
        "userDefined": true
      },
      {
        "text": " para el ",
        "userDefined": false
      },
      {
        "text": "12 de octubre",
        "alias": "date-time",
        "meta": "@sys.date-time",
        "userDefined": true
      }
    ],
    "isTemplate": false,
    "count": 0,
    "updated": 0
  },
  {
    "id": "5e1b3a77-fcee-4ece-bbc8-986b1a89d3b5",
    "data": [
      {
        "text": "clima en ",
        "userDefined": false
      },
      {
        "text": "Madrid",
        "alias": "address",
        "meta": "@sys.location",
        "userDefined": true
      }
    ],
    "isTemplate": false,
    "count": 0,
    "updated": 0
  },
  {
    "id": "ae77a41b-4d67-41b4-b9a5-a18c4ee1bd53",
    "data": [
      {
        "text": "pronóstico del tiempo en ",
        "userDefined": false
      },
      {
        "text": "Portugal",
        "alias": "address",
        "meta": "@sys.location",
        "userDefined": true
      },
      {
        "text": " para el ",
        "userDefined": false
      },
      {
        "text": "fin de semana",
        "alias": "date-time",
        "meta": "@sys.date-time",
        "userDefined": true
      }
    ],
    "isTemplate": false,
    "count": 0,
    "updated": 0
  },
  {
    "id": "59c3b6f3-0b3e-4ed8-9ddf-bc3c197c3625",
    "data": [
      {
        "text": "qué tiempo va a hacer el ",
        "userDefined": false
      },
      {
        "text": "viernes",
        "alias": "date-time",
        "meta": "@sys.date-time",
        "userDefined": true
      }
    ],
    "isTemplate": false,
    "count": 0,
    "updated": 0
  },
  {
    "id": "e204f8f4-0b00-4338-9b94-d077b341d520",
    "data": [
      {
        "text": "muéstrame el tiempo para la ",
        "userDefined": false
      },
      {
        "text": "próxima semana",
        "alias": "date-time",
        "meta": "@sys.date-time",
        "userDefined": true
      }
    ],
    "isTemplate": false,
    "count": 0,
    "updated": 0
  },
  {
    "id": "f23c8976-52ad-48d3-a941-63f0f9327695",
    "data": [
      {
        "text": "tiempo en ",
        "userDefined": false
      },
      {
        "text": "Londres",
        "alias": "address",
        "meta": "@sys.location",
        "userDefined": true
      },
      {
        "text": " en ",
        "userDefined": false
      },
      {
        "text": "marzo",
        "alias": "date-time",
        "meta": "@sys.date-time",
        "userDefined": true
      }
    ],
    "isTemplate": false,
    "count": 0,
    "updated": 0
  },
  {
    "id": "d6ee7cc3-af15-46c8-9d59-bcf8cf632bfe",
    "data": [
      {
        "text": "cuántos grados hace ",
        "userDefined": false
      },
      {
        "text": "hoy",
        "alias": "date-time",
        "meta": "@sys.date-time",
        "userDefined": true
      },
      {
        "text": " en ",
        "userDefined": false
      },
      {
        "text": "Salamanca",
        "alias": "address",
        "meta": "@sys.location",
        "userDefined": true
      }
    ],
    "isTemplate": false,
    "count": 0,
    "updated": 0
  },
  {
    "id": "b972c65f-ef2a-4afc-b58c-dd1f9798368f",
    "data": [
      {
        "text": "qué tal estará el tiempo en ",
        "userDefined": false
      },
      {
        "text": "Benidorm",
        "alias": "address",
        "meta": "@sys.location",
        "userDefined": true
      },
      {
        "text": " ",
        "userDefined": false
      },
      {
        "text": "mañana a las 9",
        "alias": "date-time",
        "meta": "@sys.date-time",
        "userDefined": true
      }
    ],
    "isTemplate": false,
    "count": 0,
    "updated": 0
  },
  {
    "id": "1f726fce-6b6c-44aa-9118-42773a31a711",
    "data": [
      {
        "text": "pronóstico ",
        "userDefined": false
      },
      {
        "text": "del",
        "meta": "@sys.ignore",
        "userDefined": false
      },
      {
        "text": " tiempo",
        "userDefined": false
      }
    ],
    "isTemplate": false,
    "count": 0,
    "updated": 0
  },
  {
    "id": "a8549b30-4c51-4ba1-9c62-f0d2b35ff230",
    "data": [
      {
        "text": "muéstrame el tiempo para el ",
        "userDefined": false
      },
      {
        "text": "22 de agosto",
        "alias": "date-time",
        "meta": "@sys.date-time",
        "userDefined": true
      },
      {
        "text": " en ",
        "userDefined": false
      },
      {
        "text": "Centígrados",
        "alias": "unit",
        "meta": "@unit-temperature",
        "userDefined": true
      }
    ],
    "isTemplate": false,
    "count": 0,
    "updated": 0
  },
  {
    "id": "eada6587-222b-4bd2-904d-7fcc0bea2967",
    "data": [
      {
        "text": "qué ",
        "userDefined": false
      },
      {
        "text": "tiempo",
        "meta": "@sys.ignore",
        "userDefined": true
      },
      {
        "text": " hace en ",
        "userDefined": false
      },
      {
        "text": "Valencia",
        "alias": "address",
        "meta": "@sys.location",
        "userDefined": true
      }
    ],
    "isTemplate": false,
    "count": 1,
    "updated": 0
  },
  {
    "id": "2b6b6cb7-a505-4c50-b562-b6d31a173dac",
    "data": [
      {
        "text": "cuántos grados ",
        "userDefined": false
      },
      {
        "text": "Celsius",
        "alias": "unit",
        "meta": "@unit-temperature",
        "userDefined": true
      },
      {
        "text": " hace ahora",
        "userDefined": false
      }
    ],
    "isTemplate": false,
    "count": 0,
    "updated": 0
  },
  {
    "id": "71292ae7-fba0-49d0-b00b-1c6d630bbb0a",
    "data": [
      {
        "text": "qué ",
        "userDefined": false
      },
      {
        "text": "tiempo",
        "meta": "@sys.ignore",
        "userDefined": true
      },
      {
        "text": " hace",
        "userDefined": false
      }
    ],
    "isTemplate": false,
    "count": 0,
    "updated": 0
  },
  {
    "id": "016d878f-cc87-4fb0-8cd2-fd6e0232b375",
    "data": [
      {
        "text": "tiempo para la ",
        "userDefined": false
      },
      {
        "text": "próxima semana",
        "alias": "date-time",
        "meta": "@sys.date-time",
        "userDefined": true
      }
    ],
    "isTemplate": false,
    "count": 0,
    "updated": 0
  },
  {
    "id": "00074df2-8879-4306-b711-067abad9958e",
    "data": [
      {
        "text": "qué tiempo va a hacer ",
        "userDefined": false
      },
      {
        "text": "mañana",
        "alias": "date-time",
        "meta": "@sys.date-time",
        "userDefined": true
      }
    ],
    "isTemplate": false,
    "count": 0,
    "updated": 0
  },
  {
    "id": "7a4d7ae4-60b7-49b5-b4ab-45be2e5becd1",
    "data": [
      {
        "text": "pronóstico del tiempo en ",
        "userDefined": false
      },
      {
        "text": "Madrid",
        "alias": "address",
        "meta": "@sys.location",
        "userDefined": true
      },
      {
        "text": " para ",
        "userDefined": false
      },
      {
        "text": "este finde",
        "alias": "date-time",
        "meta": "@sys.date-time",
        "userDefined": true
      }
    ],
    "isTemplate": false,
    "count": 0,
    "updated": 0
  },
  {
    "id": "45e00139-890d-4356-95f1-635bd6a52021",
    "data": [
      {
        "text": "cuántos grados hace",
        "userDefined": false
      }
    ],
    "isTemplate": false,
    "count": 0,
    "updated": 0
  },
  {
    "id": "842b0a45-8ad5-4688-92e4-efa58c635b3a",
    "data": [
      {
        "text": "cómo está el clima",
        "userDefined": false
      }
    ],
    "isTemplate": false,
    "count": 0,
    "updated": 0
  },
  {
    "id": "9eed6539-90b5-4e79-942e-843e1daf151f",
    "data": [
      {
        "text": "pronóstico del tiempo para ",
        "userDefined": false
      },
      {
        "text": "esta noche",
        "alias": "date-time",
        "meta": "@sys.date-time",
        "userDefined": true
      }
    ],
    "isTemplate": false,
    "count": 0,
    "updated": 0
  },
  {
    "id": "b912e9b0-b082-4227-9ffc-6126a19c3c0f",
    "data": [
      {
        "text": "tiempo",
        "userDefined": false
      }
    ],
    "isTemplate": false,
    "count": 0,
    "updated": 0
  },
  {
    "id": "bdd34c1e-f238-44b1-ac9b-b9c602a81579",
    "data": [
      {
        "text": "cómo va a estar el clima ",
        "userDefined": false
      },
      {
        "text": "mañana",
        "alias": "date-time",
        "meta": "@sys.date-time",
        "userDefined": true
      }
    ],
    "isTemplate": false,
    "count": 0,
    "updated": 0
  },
  {
    "id": "0985faed-2590-4803-9a7a-794e3cbe28bf",
    "data": [
      {
        "text": "muéstrame el tiempo en grados ",
        "userDefined": false
      },
      {
        "text": "Fahrenheit",
        "alias": "unit",
        "meta": "@unit-temperature",
        "userDefined": true
      }
    ],
    "isTemplate": false,
    "count": 0,
    "updated": 0
  },
  {
    "id": "9c9b318a-e1aa-476e-940a-e071c85ee78d",
    "data": [
      {
        "text": "infórmame cómo está el clima en ",
        "userDefined": false
      },
      {
        "text": "Palo Alto",
        "alias": "address",
        "meta": "@sys.location",
        "userDefined": true
      }
    ],
    "isTemplate": false,
    "count": 0,
    "updated": 0
  },
  {
    "id": "3b8ab76c-9db0-4b41-aafd-e5ec7c359df4",
    "data": [
      {
        "text": "cómo",
        "meta": "@sys.ignore",
        "userDefined": true
      },
      {
        "text": " estará ",
        "userDefined": false
      },
      {
        "text": "el",
        "meta": "@sys.ignore",
        "userDefined": true
      },
      {
        "text": " clima en ",
        "userDefined": false
      },
      {
        "text": "Valladolid",
        "alias": "address",
        "meta": "@sys.location",
        "userDefined": true
      },
      {
        "text": " ",
        "userDefined": false
      },
      {
        "text": "este fin de semana",
        "alias": "date-time",
        "meta": "@sys.date-time",
        "userDefined": true
      }
    ],
    "isTemplate": false,
    "count": 0,
    "updated": 0
  },
  {
    "id": "e375b321-f159-4afe-85d4-def4f02b4d42",
    "data": [
      {
        "text": "cómo estará el clima en ",
        "userDefined": false
      },
      {
        "text": "Valladolid",
        "alias": "address",
        "meta": "@sys.location",
        "userDefined": true
      },
      {
        "text": " ",
        "userDefined": false
      },
      {
        "text": "este finde",
        "alias": "date-time",
        "meta": "@sys.date-time",
        "userDefined": true
      }
    ],
    "isTemplate": false,
    "count": 0,
    "updated": 0
  },
  {
    "id": "7e5c2876-0504-460e-95f5-0fc02afb599d",
    "data": [
      {
        "text": "avísame cómo está el clima en ",
        "userDefined": false
      },
      {
        "text": "Moscú",
        "alias": "address",
        "meta": "@sys.location",
        "userDefined": true
      }
    ],
    "isTemplate": false,
    "count": 0,
    "updated": 0
  },
  {
    "id": "2d3ea6aa-5f9e-4a73-b19a-d81d43225ab4",
    "data": [
      {
        "text": "clima en ",
        "userDefined": false
      },
      {
        "text": "Caracas",
        "alias": "address",
        "meta": "@sys.location",
        "userDefined": true
      },
      {
        "text": " ",
        "userDefined": false
      },
      {
        "text": "hoy a las 6 de la tarde",
        "alias": "date-time",
        "meta": "@sys.date-time",
        "userDefined": true
      }
    ],
    "isTemplate": false,
    "count": 0,
    "updated": 0
  },
  {
    "id": "d57b654c-d530-4d2b-acbc-4a3222d138a9",
    "data": [
      {
        "text": "qué tiempo hace en ",
        "userDefined": false
      },
      {
        "text": "Nueva York",
        "alias": "address",
        "meta": "@sys.location",
        "userDefined": true
      },
      {
        "text": " ",
        "userDefined": false
      },
      {
        "text": "por la mañana",
        "alias": "date-time",
        "meta": "@sys.date-time",
        "userDefined": true
      }
    ],
    "isTemplate": false,
    "count": 1,
    "updated": 0
  },
  {
    "id": "04f96197-8773-49a2-bb74-865b19980971",
    "data": [
      {
        "text": "informar sobre el clima en ",
        "userDefined": false
      },
      {
        "text": "Madrid",
        "alias": "address",
        "meta": "@sys.location",
        "userDefined": true
      }
    ],
    "isTemplate": false,
    "count": 0,
    "updated": 0
  },
  {
    "id": "0d3aaf13-5fe4-4d94-97ac-38c461ca277f",
    "data": [
      {
        "text": "me",
        "meta": "@sys.ignore",
        "userDefined": true
      },
      {
        "text": " interesa saber ",
        "userDefined": false
      },
      {
        "text": "cómo",
        "meta": "@sys.ignore",
        "userDefined": true
      },
      {
        "text": " está ",
        "userDefined": false
      },
      {
        "text": "el",
        "meta": "@sys.ignore",
        "userDefined": true
      },
      {
        "text": " clima",
        "userDefined": false
      }
    ],
    "isTemplate": false,
    "count": 0,
    "updated": 0
  },
  {
    "id": "2915be91-c8e7-47fb-bb67-ddfb07beaf6a",
    "data": [
      {
        "text": "dime cómo está el tiempo en ",
        "userDefined": false
      },
      {
        "text": "Estocolmo",
        "alias": "address",
        "meta": "@sys.location",
        "userDefined": true
      },
      {
        "text": " en grados ",
        "userDefined": false
      },
      {
        "text": "Fahrenheit",
        "alias": "unit",
        "meta": "@unit-temperature",
        "userDefined": true
      }
    ],
    "isTemplate": false,
    "count": 0,
    "updated": 0
  },
  {
    "id": "67d538ca-bc04-4d5e-ac6a-37e3c21d8afd",
    "data": [
      {
        "text": "Nueva York",
        "alias": "address",
        "meta": "@sys.location",
        "userDefined": true
      },
      {
        "text": " clima",
        "userDefined": false
      }
    ],
    "isTemplate": false,
    "count": 0,
    "updated": 0
  },
  {
    "id": "3cb9d1ec-858e-4961-bf80-5db53268b4a1",
    "data": [
      {
        "text": "cómo",
        "meta": "@sys.ignore",
        "userDefined": true
      },
      {
        "text": " está ",
        "userDefined": false
      },
      {
        "text": "el",
        "meta": "@sys.ignore",
        "userDefined": true
      },
      {
        "text": " clima en ",
        "userDefined": false
      },
      {
        "text": "Barcelona",
        "alias": "address",
        "meta": "@sys.location",
        "userDefined": true
      },
      {
        "text": "  ",
        "userDefined": false
      },
      {
        "text": "hoy",
        "alias": "date-time",
        "meta": "@sys.date-time",
        "userDefined": true
      }
    ],
    "isTemplate": false,
    "count": 1,
    "updated": 0
  },
  {
    "id": "5681f941-4195-4dce-bbf7-945c00c674b3",
    "data": [
      {
        "text": "quiero saber sobre el clima ahora",
        "userDefined": false
      }
    ],
    "isTemplate": false,
    "count": 0,
    "updated": 0
  },
  {
    "id": "e17227f7-0cd8-4900-9152-92b919390094",
    "data": [
      {
        "text": "me podrías decir cómo está el clima en ",
        "userDefined": false
      },
      {
        "text": "Paris",
        "alias": "address",
        "meta": "@sys.location",
        "userDefined": true
      }
    ],
    "isTemplate": false,
    "count": 0,
    "updated": 0
  },
  {
    "id": "7402b228-60cc-4a88-bc85-f440d2a4cb73",
    "data": [
      {
        "text": "me",
        "meta": "@sys.ignore",
        "userDefined": true
      },
      {
        "text": " dices ",
        "userDefined": false
      },
      {
        "text": "cómo",
        "meta": "@sys.ignore",
        "userDefined": true
      },
      {
        "text": " está ",
        "userDefined": false
      },
      {
        "text": "el",
        "meta": "@sys.ignore",
        "userDefined": true
      },
      {
        "text": " clima",
        "userDefined": false
      }
    ],
    "isTemplate": false,
    "count": 0,
    "updated": 0
  },
  {
    "id": "c32352b2-cf00-4919-9490-b962cc7ca7ff",
    "data": [
      {
        "text": "necesito saber cómo está el clima ahora",
        "userDefined": false
      }
    ],
    "isTemplate": false,
    "count": 0,
    "updated": 0
  },
  {
    "id": "db8f1044-8a5f-445b-8ac8-4e31039f6060",
    "data": [
      {
        "text": "me puedes decir cómo está el clima",
        "userDefined": false
      }
    ],
    "isTemplate": false,
    "count": 0,
    "updated": 0
  },
  {
    "id": "3716fbf8-7c36-479a-8428-4bb2082d1a52",
    "data": [
      {
        "text": "qué tiempo hace en ",
        "userDefined": false
      },
      {
        "text": "Nueva York",
        "alias": "address",
        "meta": "@sys.location",
        "userDefined": true
      },
      {
        "text": " ",
        "userDefined": false
      },
      {
        "text": "esta mañana",
        "alias": "date-time",
        "meta": "@sys.date-time",
        "userDefined": true
      }
    ],
    "isTemplate": false,
    "count": 1,
    "updated": 0
  }
]