[
  {
    "id": "9f0974fe-49b8-42be-aa30-e023d297dac1",
    "data": [
      {
        "text": "パリ",
        "alias": "address",
        "meta": "@sys.location",
        "userDefined": true
      },
      {
        "text": "は",
        "userDefined": false
      },
      {
        "text": "暖かい",
        "alias": "temperature",
        "meta": "@temperature",
        "userDefined": true
      },
      {
        "text": "の",
        "userDefined": false
      }
    ],
    "isTemplate": false,
    "count": 0,
    "updated": 0
  },
  {
    "id": "6460f9f3-f345-4919-a980-234d25ebeb5c",
    "data": [
      {
        "text": "温度",
        "userDefined": false
      }
    ],
    "isTemplate": false,
    "count": 0,
    "updated": 0
  },
  {
    "id": "c7aeac09-7064-4369-b4f7-431579b1dd07",
    "data": [
      {
        "text": "今週の日曜日",
        "alias": "date-time",
        "meta": "@sys.date-time",
        "userDefined": true
      },
      {
        "text": "、",
        "userDefined": false
      },
      {
        "text": "札幌",
        "alias": "address",
        "meta": "@sys.location",
        "userDefined": true
      },
      {
        "text": "はどのくらい",
        "userDefined": false
      },
      {
        "text": "寒く",
        "alias": "temperature",
        "meta": "@temperature",
        "userDefined": true
      },
      {
        "text": "なる予報",
        "userDefined": false
      }
    ],
    "isTemplate": false,
    "count": 0,
    "updated": 0
  },
  {
    "id": "517134c3-a745-4c6d-ae2f-1f6980231e69",
    "data": [
      {
        "text": "ニューヨーク",
        "alias": "address",
        "meta": "@sys.location",
        "userDefined": true
      },
      {
        "text": "は",
        "userDefined": false
      },
      {
        "text": "寒い",
        "alias": "temperature",
        "meta": "@temperature",
        "userDefined": true
      },
      {
        "text": "ですか",
        "userDefined": false
      }
    ],
    "isTemplate": false,
    "count": 0,
    "updated": 0
  },
  {
    "id": "93156901-494b-4d58-a273-161282431b33",
    "data": [
      {
        "text": "今、外が",
        "userDefined": false
      },
      {
        "text": "寒い",
        "alias": "temperature",
        "meta": "@temperature",
        "userDefined": true
      },
      {
        "text": "かどうかわかる",
        "userDefined": false
      }
    ],
    "isTemplate": false,
    "count": 0,
    "updated": 0
  },
  {
    "id": "af610035-326d-4356-b7ee-63391cee7f2a",
    "data": [
      {
        "text": "明日",
        "alias": "date-time",
        "meta": "@sys.date-time",
        "userDefined": true
      },
      {
        "text": "の気温は何度ですか",
        "userDefined": false
      }
    ],
    "isTemplate": false,
    "count": 0,
    "updated": 0
  },
  {
    "id": "eb125f73-4f31-46ea-b115-036cadba1cf1",
    "data": [
      {
        "text": "千葉市",
        "alias": "address",
        "meta": "@sys.location",
        "userDefined": true
      },
      {
        "text": "の気温を",
        "userDefined": false
      },
      {
        "text": "華氏",
        "alias": "unit",
        "meta": "@unit-temperature",
        "userDefined": true
      },
      {
        "text": "で教えてください",
        "userDefined": false
      }
    ],
    "isTemplate": false,
    "count": 0,
    "updated": 0
  },
  {
    "id": "d93942fb-1077-43e6-a6a6-00ebeefe99b2",
    "data": [
      {
        "text": "明日",
        "alias": "date-time",
        "meta": "@sys.date-time",
        "userDefined": true
      },
      {
        "text": "の",
        "userDefined": false
      },
      {
        "text": "川崎市",
        "alias": "address",
        "meta": "@sys.location",
        "userDefined": true
      },
      {
        "text": "の気温は",
        "userDefined": false
      }
    ],
    "isTemplate": false,
    "count": 0,
    "updated": 0
  },
  {
    "id": "d27ae98a-a662-4f63-8a0b-db6fa18ba11b",
    "data": [
      {
        "text": "沖縄",
        "alias": "address",
        "meta": "@sys.location",
        "userDefined": true
      },
      {
        "text": "は",
        "userDefined": false
      },
      {
        "text": "暑い",
        "alias": "temperature",
        "meta": "@temperature",
        "userDefined": true
      }
    ],
    "isTemplate": false,
    "count": 0,
    "updated": 0
  },
  {
    "id": "da09cb06-ae79-47c7-80d7-b89c9ecf36d8",
    "data": [
      {
        "text": "今日",
        "alias": "date-time",
        "meta": "@sys.date-time",
        "userDefined": true
      },
      {
        "text": "は",
        "userDefined": false
      },
      {
        "text": "暑い",
        "alias": "temperature",
        "meta": "@temperature",
        "userDefined": true
      },
      {
        "text": "ですか",
        "userDefined": false
      }
    ],
    "isTemplate": false,
    "count": 0,
    "updated": 0
  },
  {
    "id": "46df6b1e-8bcf-43ec-8948-9877e7d020d5",
    "data": [
      {
        "text": "バンコク",
        "alias": "address",
        "meta": "@sys.location",
        "userDefined": true
      },
      {
        "text": "の気温",
        "userDefined": false
      }
    ],
    "isTemplate": false,
    "count": 0,
    "updated": 0
  },
  {
    "id": "96173a69-70a0-4e44-bd92-b293a1bebafd",
    "data": [
      {
        "text": "明日",
        "alias": "date-time",
        "meta": "@sys.date-time",
        "userDefined": true
      },
      {
        "text": "の",
        "userDefined": false
      },
      {
        "text": "横浜",
        "alias": "address",
        "meta": "@sys.location",
        "userDefined": true
      },
      {
        "text": "の気温は何ですか",
        "userDefined": false
      }
    ],
    "isTemplate": false,
    "count": 0,
    "updated": 0
  }
]