[
  {
    "id": "387316b7-8522-4e0e-90b5-9ea39cce86b6",
    "data": [
      {
        "text": "富士山",
        "alias": "address",
        "meta": "@sys.location",
        "userDefined": true
      },
      {
        "text": "に",
        "userDefined": false
      },
      {
        "text": "登り",
        "alias": "activity",
        "meta": "@activity",
        "userDefined": true
      },
      {
        "text": "に行ける",
        "userDefined": false
      }
    ],
    "isTemplate": false,
    "count": 0,
    "updated": 0
  },
  {
    "id": "bead957d-19f3-43bd-a898-a37f5d7fe612",
    "data": [
      {
        "text": "雪合戦",
        "alias": "activity",
        "meta": "@activity",
        "userDefined": true
      },
      {
        "text": "するのに良い天気ですか",
        "userDefined": false
      }
    ],
    "isTemplate": false,
    "count": 0,
    "updated": 0
  },
  {
    "id": "f8efc326-73e4-4dea-adba-41347d89f1c7",
    "data": [
      {
        "text": "外で",
        "userDefined": false
      },
      {
        "text": "フリスビー",
        "alias": "activity",
        "meta": "@activity",
        "userDefined": true
      },
      {
        "text": "で遊べるくらい良い天気",
        "userDefined": false
      }
    ],
    "isTemplate": false,
    "count": 0,
    "updated": 0
  },
  {
    "id": "0bd4f6d0-d75e-40b5-9fc2-376702124e4a",
    "data": [
      {
        "text": "明日",
        "alias": "date-time",
        "meta": "@sys.date-time",
        "userDefined": true
      },
      {
        "text": "ハイキング",
        "alias": "activity",
        "meta": "@activity",
        "userDefined": true
      },
      {
        "text": "するのにちょうど良い",
        "userDefined": false
      }
    ],
    "isTemplate": false,
    "count": 0,
    "updated": 0
  },
  {
    "id": "ec672ca1-5df0-479b-a3d8-424f3adf4a6a",
    "data": [
      {
        "text": "散歩",
        "alias": "activity",
        "meta": "@activity",
        "userDefined": true
      },
      {
        "text": "をするには良い天気",
        "userDefined": false
      }
    ],
    "isTemplate": false,
    "count": 0,
    "updated": 0
  },
  {
    "id": "1bf3a237-34aa-4960-9acc-d97056ca21fb",
    "data": [
      {
        "text": "サーフィン",
        "alias": "activity",
        "meta": "@activity",
        "userDefined": true
      },
      {
        "text": "に行けるの",
        "userDefined": false
      }
    ],
    "isTemplate": false,
    "count": 0,
    "updated": 0
  },
  {
    "id": "ba6070c6-33b5-43b5-84d5-8540fedba338",
    "data": [
      {
        "text": "サイクリング",
        "alias": "activity",
        "meta": "@activity",
        "userDefined": true
      },
      {
        "text": "するのに良い天気だと思う",
        "userDefined": false
      }
    ],
    "isTemplate": false,
    "count": 0,
    "updated": 0
  },
  {
    "id": "c2f9e87b-c16a-48a6-a5ae-08bc1ffe586e",
    "data": [
      {
        "text": "今日",
        "alias": "date-time",
        "meta": "@sys.date-time",
        "userDefined": true
      },
      {
        "text": "は",
        "userDefined": false
      },
      {
        "text": "スキー",
        "alias": "activity",
        "meta": "@activity",
        "userDefined": true
      },
      {
        "text": "をするつもりだけど、できるかな",
        "userDefined": false
      }
    ],
    "isTemplate": false,
    "count": 0,
    "updated": 0
  },
  {
    "id": "5959f231-81b4-44c0-aa89-31388cf525bb",
    "data": [
      {
        "text": "フリスビー",
        "alias": "activity",
        "meta": "@activity",
        "userDefined": true
      },
      {
        "text": "には向かない天気だと思う",
        "userDefined": false
      }
    ],
    "isTemplate": false,
    "count": 0,
    "updated": 0
  },
  {
    "id": "0f425f54-89d0-4d8a-b8f7-828d12d260b5",
    "data": [
      {
        "text": "走り",
        "alias": "activity",
        "meta": "@activity",
        "userDefined": true
      },
      {
        "text": "に行ったほうがいいですか",
        "userDefined": false
      }
    ],
    "isTemplate": false,
    "count": 0,
    "updated": 0
  }
]