[
  {
    "id": "1e40884c-26f4-4621-87e5-4764256723d1",
    "data": [
      {
        "text": "и что в ",
        "userDefined": false
      },
      {
        "text": "Риме",
        "alias": "address",
        "meta": "@sys.location",
        "userDefined": true
      }
    ],
    "isTemplate": false,
    "count": 0,
    "updated": 0
  },
  {
    "id": "bfa81940-daf1-4a16-a9b8-5139ff76cde4",
    "data": [
      {
        "text": "теперь в ",
        "userDefined": false
      },
      {
        "text": "Новосибирске",
        "alias": "address",
        "meta": "@sys.location",
        "userDefined": true
      }
    ],
    "isTemplate": false,
    "count": 0,
    "updated": 0
  },
  {
    "id": "18862c56-62f2-4ddc-bf8b-eed87ec323e9",
    "data": [
      {
        "text": "а как в ",
        "userDefined": false
      },
      {
        "text": "Амстердаме",
        "alias": "address",
        "meta": "@sys.location",
        "userDefined": true
      }
    ],
    "isTemplate": false,
    "count": 0,
    "updated": 0
  },
  {
    "id": "eedb426b-f811-4519-abbd-3f20917d66dd",
    "data": [
      {
        "text": "и в ",
        "userDefined": false
      },
      {
        "text": "Милане",
        "alias": "address",
        "meta": "@sys.location",
        "userDefined": true
      }
    ],
    "isTemplate": false,
    "count": 0,
    "updated": 0
  },
  {
    "id": "18905694-a85a-4b1d-a222-f9bf19762b9b",
    "data": [
      {
        "text": "Париж",
        "alias": "address",
        "meta": "@sys.location",
        "userDefined": true
      }
    ],
    "isTemplate": false,
    "count": 0,
    "updated": 0
  },
  {
    "id": "a13c27b9-1fdb-42b0-8d1b-3227ac3e1340",
    "data": [
      {
        "text": "можешь проверить для ",
        "userDefined": false
      },
      {
        "text": "Лондона",
        "alias": "address",
        "meta": "@sys.location",
        "userDefined": true
      }
    ],
    "isTemplate": false,
    "count": 0,
    "updated": 0
  },
  {
    "id": "d68ac6e8-2af1-48c7-a6b0-83b802d1ed32",
    "data": [
      {
        "text": "что насчёт ",
        "userDefined": false
      },
      {
        "text": "Москвы",
        "alias": "address",
        "meta": "@sys.location",
        "userDefined": true
      }
    ],
    "isTemplate": false,
    "count": 0,
    "updated": 0
  },
  {
    "id": "7b7343e4-e91c-4b85-b80b-6204c45b1c67",
    "data": [
      {
        "text": "а какая в ",
        "userDefined": false
      },
      {
        "text": "Екатеринбурге",
        "alias": "address",
        "meta": "@sys.location",
        "userDefined": true
      }
    ],
    "isTemplate": false,
    "count": 0,
    "updated": 0
  }
]