[
  {
    "id": "8d3a5141-75db-4a7a-8523-61eaa8c0f76c",
    "data": [
      {
        "text": "esquiar",
        "alias": "activity",
        "meta": "@activity",
        "userDefined": true
      }
    ],
    "isTemplate": false,
    "count": 0,
    "updated": 0
  },
  {
    "id": "0032f352-f92e-4059-be25-bc8b8e83f6ea",
    "data": [
      {
        "text": "e ",
        "userDefined": false
      },
      {
        "text": "patinar",
        "alias": "activity",
        "meta": "@activity",
        "userDefined": true
      }
    ],
    "isTemplate": false,
    "count": 0,
    "updated": 0
  },
  {
    "id": "71634aa4-0087-40cd-8848-7d411313a658",
    "data": [
      {
        "text": "e ",
        "userDefined": false
      },
      {
        "text": "nadar",
        "alias": "activity",
        "meta": "@activity",
        "userDefined": true
      }
    ],
    "isTemplate": false,
    "count": 0,
    "updated": 0
  }
]