[
  {
    "id": "aebe91fd-aff0-4df3-ac0b-e0c35151bb22",
    "data": [
      {
        "text": "и в течение ",
        "userDefined": false
      },
      {
        "text": "следующей недели",
        "alias": "date-time",
        "meta": "@sys.date-time",
        "userDefined": true
      }
    ],
    "isTemplate": false,
    "count": 0,
    "updated": 0
  },
  {
    "id": "e10f987b-2a5a-440e-b6bd-ee8c8f2bba32",
    "data": [
      {
        "text": "а в ",
        "userDefined": false
      },
      {
        "text": "субботу",
        "alias": "date-time",
        "meta": "@sys.date-time",
        "userDefined": true
      }
    ],
    "isTemplate": false,
    "count": 0,
    "updated": 0
  },
  {
    "id": "68fd6060-f18b-406b-91c5-e68f18669dd8",
    "data": [
      {
        "text": "на ",
        "userDefined": false
      },
      {
        "text": "следующий месяц",
        "alias": "date-time",
        "meta": "@sys.date-time",
        "userDefined": true
      }
    ],
    "isTemplate": false,
    "count": 0,
    "updated": 0
  },
  {
    "id": "7eb12c3d-2f0b-4ff2-a5ff-2fea85e5078c",
    "data": [
      {
        "text": "изменится ли она после ",
        "userDefined": false
      },
      {
        "text": "5",
        "alias": "date-time",
        "meta": "@sys.date-time",
        "userDefined": true
      }
    ],
    "isTemplate": false,
    "count": 0,
    "updated": 0
  },
  {
    "id": "cd45213e-d5e5-470f-908d-ad4e8f8dffe4",
    "data": [
      {
        "text": "как насчёт ",
        "userDefined": false
      },
      {
        "text": "завтра",
        "alias": "date-time",
        "meta": "@sys.date-time",
        "userDefined": true
      }
    ],
    "isTemplate": false,
    "count": 0,
    "updated": 0
  },
  {
    "id": "b71b944c-f724-440c-98de-ace3868648ff",
    "data": [
      {
        "text": "а что насчет ",
        "userDefined": false
      },
      {
        "text": "этих выходных",
        "alias": "date-time",
        "meta": "@sys.date-time",
        "userDefined": true
      }
    ],
    "isTemplate": false,
    "count": 1,
    "updated": 0
  },
  {
    "id": "20476f9c-0f7a-4d6e-9e81-7a74128547d3",
    "data": [
      {
        "text": "проверь ",
        "userDefined": false
      },
      {
        "text": "следующую неделю",
        "alias": "date-time",
        "meta": "@sys.date-time",
        "userDefined": true
      }
    ],
    "isTemplate": false,
    "count": 0,
    "updated": 0
  },
  {
    "id": "6684e694-20a7-4eb1-8c6d-2440e5dc496c",
    "data": [
      {
        "text": "и в ",
        "userDefined": false
      },
      {
        "text": "следующую субботу",
        "alias": "date-time",
        "meta": "@sys.date-time",
        "userDefined": true
      }
    ],
    "isTemplate": false,
    "count": 0,
    "updated": 0
  },
  {
    "id": "b37f28c1-fab6-4f1e-84f8-66c89d8fc38a",
    "data": [
      {
        "text": "а ",
        "userDefined": false
      },
      {
        "text": "завтра",
        "alias": "date-time",
        "meta": "@sys.date-time",
        "userDefined": true
      }
    ],
    "isTemplate": false,
    "count": 1,
    "updated": 0
  },
  {
    "id": "db6bb5d2-e464-491a-a300-7ca36a042228",
    "data": [
      {
        "text": "а что насчёт ",
        "userDefined": false
      },
      {
        "text": "завтра",
        "alias": "date-time",
        "meta": "@sys.date-time",
        "userDefined": true
      }
    ],
    "isTemplate": false,
    "count": 0,
    "updated": 0
  },
  {
    "id": "b4821371-31fe-4729-9fe3-0f51455ce9a3",
    "data": [
      {
        "text": "проверь на ",
        "userDefined": false
      },
      {
        "text": "понедельник",
        "alias": "date-time",
        "meta": "@sys.date-time",
        "userDefined": true
      }
    ],
    "isTemplate": false,
    "count": 0,
    "updated": 0
  },
  {
    "id": "40658401-db4f-49d2-b08d-0d2f0b6bab56",
    "data": [
      {
        "text": "а как насчёт ",
        "userDefined": false
      },
      {
        "text": "сегодня",
        "alias": "date-time",
        "meta": "@sys.date-time",
        "userDefined": true
      }
    ],
    "isTemplate": false,
    "count": 0,
    "updated": 0
  },
  {
    "id": "5f6a5c3d-e9d1-4bf0-99d3-3480096af118",
    "data": [
      {
        "text": "этим вечером",
        "alias": "date-time",
        "meta": "@sys.date-time",
        "userDefined": true
      }
    ],
    "isTemplate": false,
    "count": 1,
    "updated": 0
  },
  {
    "id": "82a9d540-083f-415c-a30b-290da58614d9",
    "data": [
      {
        "text": "в ",
        "userDefined": false
      },
      {
        "text": "среду",
        "alias": "date-time",
        "meta": "@sys.date-time",
        "userDefined": true
      }
    ],
    "isTemplate": false,
    "count": 0,
    "updated": 0
  }
]