[
  {
    "id": "a46b8812-c247-4d9a-bfcc-dd4d47894357",
    "data": [
      {
        "text": "como está o tempo em ",
        "userDefined": false
      },
      {
        "text": "São Paulo",
        "alias": "address",
        "meta": "@sys.location",
        "userDefined": false
      },
      {
        "text": " ",
        "userDefined": false
      },
      {
        "text": "esta manhã",
        "alias": "date-time",
        "meta": "@sys.date-time",
        "userDefined": true
      }
    ],
    "isTemplate": false,
    "count": 0,
    "updated": 0
  },
  {
    "id": "2ee70bd9-0d4b-4d66-b185-ab92a109b5ae",
    "data": [
      {
        "text": "como está o tempo em ",
        "userDefined": false
      },
      {
        "text": "Roma",
        "alias": "address",
        "meta": "@sys.location",
        "userDefined": true
      }
    ],
    "isTemplate": false,
    "count": 0,
    "updated": 0
  },
  {
    "id": "af4bba22-94e0-414f-b152-02b11513a468",
    "data": [
      {
        "text": "previsão do tempo",
        "userDefined": false
      }
    ],
    "isTemplate": false,
    "count": 0,
    "updated": 0
  },
  {
    "id": "2e15d5f3-d6b7-4b0a-9ed0-3d1072179295",
    "data": [
      {
        "text": "como está o clima na ",
        "userDefined": false
      },
      {
        "text": "Cidade do Cabo",
        "alias": "address",
        "meta": "@sys.location",
        "userDefined": true
      }
    ],
    "isTemplate": false,
    "count": 0,
    "updated": 0
  },
  {
    "id": "0895bfdb-d1dc-4e19-974c-3fb8acf7e5fc",
    "data": [
      {
        "text": "como está o tempo",
        "userDefined": false
      }
    ],
    "isTemplate": false,
    "count": 0,
    "updated": 0
  },
  {
    "id": "233ca6df-be4a-41ef-913c-c48919bcc243",
    "data": [
      {
        "text": "tempo",
        "userDefined": false
      }
    ],
    "isTemplate": false,
    "count": 0,
    "updated": 0
  },
  {
    "id": "394eeb5d-1ef1-431d-b276-c85e86432b2d",
    "data": [
      {
        "text": "tempo em ",
        "userDefined": false
      },
      {
        "text": "São Paulo",
        "alias": "address",
        "meta": "@sys.location",
        "userDefined": false
      }
    ],
    "isTemplate": false,
    "count": 0,
    "updated": 0
  },
  {
    "id": "0dbe1ef1-dee9-495a-92e2-1658f7fd4a22",
    "data": [
      {
        "text": "clima",
        "userDefined": false
      }
    ],
    "isTemplate": false,
    "count": 0,
    "updated": 0
  },
  {
    "id": "bbf86c9a-6ff9-4bda-ab97-d4d7f9cddfd9",
    "data": [
      {
        "text": "você poderia me dizer a previsão do tempo para ",
        "userDefined": false
      },
      {
        "text": "Hong Kong",
        "alias": "address",
        "meta": "@sys.location",
        "userDefined": true
      }
    ],
    "isTemplate": false,
    "count": 0,
    "updated": 0
  },
  {
    "id": "727353c0-eea7-4f88-8dd7-97e56e4e92aa",
    "data": [
      {
        "text": "como estará o clima ",
        "userDefined": false
      },
      {
        "text": "amanhã",
        "alias": "date-time",
        "meta": "@sys.date-time",
        "userDefined": true
      },
      {
        "text": " em ",
        "userDefined": false
      },
      {
        "text": "Camberra",
        "alias": "address",
        "meta": "@sys.location",
        "userDefined": true
      }
    ],
    "isTemplate": false,
    "count": 0,
    "updated": 0
  },
  {
    "id": "c49bfa02-d2f9-44aa-8dd0-ba40d1ff76f6",
    "data": [
      {
        "text": "qual é a previsão do tempo em ",
        "userDefined": false
      },
      {
        "text": "Nova York",
        "alias": "address",
        "meta": "@sys.location",
        "userDefined": true
      },
      {
        "text": " para ",
        "userDefined": false
      },
      {
        "text": "esta manhã",
        "alias": "date-time",
        "meta": "@sys.date-time",
        "userDefined": true
      }
    ],
    "isTemplate": false,
    "count": 2,
    "updated": 0
  },
  {
    "id": "a899f820-8ddf-423e-9104-6f384e38b3c7",
    "data": [
      {
        "text": "clima em ",
        "userDefined": false
      },
      {
        "text": "Paris",
        "alias": "address",
        "meta": "@sys.location",
        "userDefined": true
      },
      {
        "text": " em ",
        "userDefined": false
      },
      {
        "text": "Celsius",
        "alias": "unit",
        "meta": "@unit-temperature",
        "userDefined": true
      }
    ],
    "isTemplate": false,
    "count": 0,
    "updated": 0
  },
  {
    "id": "6ac2c678-4659-4562-bae3-92293c70d716",
    "data": [
      {
        "text": "clima em ",
        "userDefined": false
      },
      {
        "text": "Nirmal",
        "alias": "address",
        "meta": "@sys.location",
        "userDefined": true
      }
    ],
    "isTemplate": false,
    "count": 0,
    "updated": 0
  },
  {
    "id": "5036e394-c15d-4e5a-bf8f-879960d4ac63",
    "data": [
      {
        "text": "como estará o clima ",
        "userDefined": false
      },
      {
        "text": "amanhã",
        "alias": "date-time",
        "meta": "@sys.date-time",
        "userDefined": true
      },
      {
        "text": " em ",
        "userDefined": false
      },
      {
        "text": "Campbell",
        "alias": "address",
        "meta": "@sys.location",
        "userDefined": true
      }
    ],
    "isTemplate": false,
    "count": 0,
    "updated": 0
  },
  {
    "id": "be7f3594-3681-4d37-b92c-589d9a2fa000",
    "data": [
      {
        "text": "clima em ",
        "userDefined": false
      },
      {
        "text": "Durban",
        "alias": "address",
        "meta": "@sys.location",
        "userDefined": true
      }
    ],
    "isTemplate": false,
    "count": 0,
    "updated": 0
  },
  {
    "id": "48106db8-f476-44ef-9e40-81826115c67b",
    "data": [
      {
        "text": "clima em ",
        "userDefined": false
      },
      {
        "text": "Londres",
        "alias": "address",
        "meta": "@sys.location",
        "userDefined": true
      },
      {
        "text": " ",
        "userDefined": false
      },
      {
        "text": "em 5 dias",
        "alias": "date-time",
        "meta": "@sys.date-time",
        "userDefined": true
      }
    ],
    "isTemplate": false,
    "count": 0,
    "updated": 0
  },
  {
    "id": "58f0d9ca-c8af-4bee-8aab-6ba397a957d5",
    "data": [
      {
        "text": "como está o clima",
        "userDefined": false
      }
    ],
    "isTemplate": false,
    "count": 0,
    "updated": 0
  },
  {
    "id": "618d02b8-87b9-4720-9d69-945597f6cbc0",
    "data": [
      {
        "text": "como está o clima em ",
        "userDefined": false
      },
      {
        "text": "Delft",
        "alias": "address",
        "meta": "@sys.location",
        "userDefined": true
      }
    ],
    "isTemplate": false,
    "count": 0,
    "updated": 0
  },
  {
    "id": "fc7c8339-7324-4328-a417-9e876aee69d5",
    "data": [
      {
        "text": "mostrar o clima para ",
        "userDefined": false
      },
      {
        "text": "hoje",
        "alias": "date-time",
        "meta": "@sys.date-time",
        "userDefined": true
      }
    ],
    "isTemplate": false,
    "count": 0,
    "updated": 0
  }
]