[
  {
    "id": "6a2e2eae-5c09-4190-9d85-0463864a2205",
    "data": [
      {
        "text": "a qué temperatura estamos ",
        "userDefined": false
      },
      {
        "text": "hoy",
        "alias": "date-time",
        "meta": "@sys.date-time",
        "userDefined": true
      },
      {
        "text": " en ",
        "userDefined": false
      },
      {
        "text": "Valladolid",
        "alias": "address",
        "meta": "@sys.location",
        "userDefined": true
      }
    ],
    "isTemplate": false,
    "count": 0,
    "updated": 0
  },
  {
    "id": "226ef5eb-0cfd-4198-b893-0eea816e6ec9",
    "data": [
      {
        "text": "las temperaturas en ",
        "userDefined": false
      },
      {
        "text": "Quito",
        "alias": "address",
        "meta": "@sys.location",
        "userDefined": true
      },
      {
        "text": " en ",
        "userDefined": false
      },
      {
        "text": "Centígrados",
        "alias": "unit",
        "meta": "@unit-temperature",
        "userDefined": true
      }
    ],
    "isTemplate": false,
    "count": 0,
    "updated": 0
  },
  {
    "id": "7e250419-92d2-4de4-8325-39f47d91795a",
    "data": [
      {
        "text": "comprueba las temperaturas en ",
        "userDefined": false
      },
      {
        "text": "Mallorca",
        "alias": "address",
        "meta": "@sys.location",
        "userDefined": true
      },
      {
        "text": " para la ",
        "userDefined": false
      },
      {
        "text": "semana que viene",
        "alias": "date-time",
        "meta": "@sys.date-time",
        "userDefined": true
      }
    ],
    "isTemplate": false,
    "count": 0,
    "updated": 0
  },
  {
    "id": "4a99620f-8d1e-4ac1-847f-dcfe732bf9d2",
    "data": [
      {
        "text": "sabes si hace mucho ",
        "userDefined": false
      },
      {
        "text": "frío",
        "alias": "temperature",
        "meta": "@temperature",
        "userDefined": true
      },
      {
        "text": " en ",
        "userDefined": false
      },
      {
        "text": "diciembre",
        "alias": "date-time",
        "meta": "@sys.date-time",
        "userDefined": true
      },
      {
        "text": " en ",
        "userDefined": false
      },
      {
        "text": "Moscú",
        "alias": "address",
        "meta": "@sys.location",
        "userDefined": true
      }
    ],
    "isTemplate": false,
    "count": 0,
    "updated": 0
  },
  {
    "id": "a525060e-53cb-4100-8b51-083d03147699",
    "data": [
      {
        "text": "hará ",
        "userDefined": false
      },
      {
        "text": "frío",
        "alias": "temperature",
        "meta": "@temperature",
        "userDefined": true
      },
      {
        "text": " ",
        "userDefined": false
      },
      {
        "text": "esta noche",
        "alias": "date-time",
        "meta": "@sys.date-time",
        "userDefined": true
      }
    ],
    "isTemplate": false,
    "count": 0,
    "updated": 0
  },
  {
    "id": "041a1cea-16f7-45cb-9684-f43249e8da3b",
    "data": [
      {
        "text": "dime la temperatura en ",
        "userDefined": false
      },
      {
        "text": "Barcelona",
        "alias": "address",
        "meta": "@sys.location",
        "userDefined": true
      },
      {
        "text": " para mañana",
        "userDefined": false
      }
    ],
    "isTemplate": false,
    "count": 0,
    "updated": 0
  },
  {
    "id": "a724027f-7951-4d92-9214-ffb8e40e1acb",
    "data": [
      {
        "text": "temperaturas en ",
        "userDefined": false
      },
      {
        "text": "Ibiza",
        "alias": "address",
        "meta": "@sys.location",
        "userDefined": true
      },
      {
        "text": " en ",
        "userDefined": false
      },
      {
        "text": "agosto",
        "alias": "date-time",
        "meta": "@sys.date-time",
        "userDefined": true
      }
    ],
    "isTemplate": false,
    "count": 0,
    "updated": 0
  },
  {
    "id": "0fef8fda-57a7-43f6-9f9d-0ab8352bdf70",
    "data": [
      {
        "text": "sabes si ahora hace ",
        "userDefined": false
      },
      {
        "text": "frío",
        "alias": "temperature",
        "meta": "@temperature",
        "userDefined": true
      },
      {
        "text": " fuera",
        "userDefined": false
      }
    ],
    "isTemplate": false,
    "count": 0,
    "updated": 0
  },
  {
    "id": "d3138344-87ff-42ab-9fec-33b47ae6f8b6",
    "data": [
      {
        "text": "qué ",
        "userDefined": false
      },
      {
        "text": "calor",
        "alias": "temperature",
        "meta": "@temperature",
        "userDefined": true
      },
      {
        "text": " hace",
        "userDefined": false
      }
    ],
    "isTemplate": false,
    "count": 0,
    "updated": 0
  },
  {
    "id": "365c5dfe-7d5e-41a4-bd7f-68591cb6b510",
    "data": [
      {
        "text": "qué tan ",
        "userDefined": false
      },
      {
        "text": "frío",
        "alias": "temperature",
        "meta": "@temperature",
        "userDefined": true
      },
      {
        "text": " está afuera",
        "userDefined": false
      }
    ],
    "isTemplate": false,
    "count": 0,
    "updated": 0
  },
  {
    "id": "da21eaa2-fb1c-4722-b857-6a0ac828f71c",
    "data": [
      {
        "text": "muéstrame las temperaturas para el ",
        "userDefined": false
      },
      {
        "text": "22 de agosto",
        "alias": "date-time",
        "meta": "@sys.date-time",
        "userDefined": true
      }
    ],
    "isTemplate": false,
    "count": 0,
    "updated": 0
  },
  {
    "id": "84134e38-ee05-4adf-aa96-d30320948e25",
    "data": [
      {
        "text": "hace mucho ",
        "userDefined": false
      },
      {
        "text": "frío",
        "alias": "temperature",
        "meta": "@temperature",
        "userDefined": true
      },
      {
        "text": " en ",
        "userDefined": false
      },
      {
        "text": "Madrid",
        "alias": "address",
        "meta": "@sys.location",
        "userDefined": true
      }
    ],
    "isTemplate": false,
    "count": 0,
    "updated": 0
  },
  {
    "id": "d32d33d0-0c08-41df-93af-67edc9ce6cf6",
    "data": [
      {
        "text": "qué temperatura hace",
        "userDefined": false
      }
    ],
    "isTemplate": false,
    "count": 0,
    "updated": 0
  },
  {
    "id": "5c9decd4-2c9d-4c73-b6aa-32b91763be79",
    "data": [
      {
        "text": "qué temperatura hará el ",
        "userDefined": false
      },
      {
        "text": "17 de noviembre",
        "alias": "date-time",
        "meta": "@sys.date-time",
        "userDefined": true
      },
      {
        "text": " en ",
        "userDefined": false
      },
      {
        "text": "Barcelona",
        "alias": "address",
        "meta": "@sys.location",
        "userDefined": true
      }
    ],
    "isTemplate": false,
    "count": 0,
    "updated": 0
  },
  {
    "id": "1c70b1d1-bf07-41d9-86e5-33bfc7d6cd02",
    "data": [
      {
        "text": "hace",
        "meta": "@sys.ignore",
        "userDefined": true
      },
      {
        "text": " ",
        "userDefined": false
      },
      {
        "text": "calor",
        "alias": "temperature",
        "meta": "@temperature",
        "userDefined": true
      },
      {
        "text": " afuera",
        "userDefined": false
      }
    ],
    "isTemplate": false,
    "count": 0,
    "updated": 0
  },
  {
    "id": "197ee82d-ff61-4d48-9cee-ecf6b7663bd5",
    "data": [
      {
        "text": "dime qué temperaturas habrá ",
        "userDefined": false
      },
      {
        "text": "mañana",
        "alias": "date-time",
        "meta": "@sys.date-time",
        "userDefined": true
      },
      {
        "text": " en grados ",
        "userDefined": false
      },
      {
        "text": "Fahrenheit",
        "alias": "unit",
        "meta": "@unit-temperature",
        "userDefined": true
      }
    ],
    "isTemplate": false,
    "count": 2,
    "updated": 0
  },
  {
    "id": "5161632c-c1fb-4479-b248-fcad1b1ee51d",
    "data": [
      {
        "text": "temperaturas en ",
        "userDefined": false
      },
      {
        "text": "Lima",
        "alias": "address",
        "meta": "@sys.location",
        "userDefined": true
      },
      {
        "text": " en grados ",
        "userDefined": false
      },
      {
        "text": "Centígrados",
        "alias": "unit",
        "meta": "@unit-temperature",
        "userDefined": true
      }
    ],
    "isTemplate": false,
    "count": 0,
    "updated": 0
  },
  {
    "id": "729ea2d6-dd87-4202-892b-8f3f612d13ec",
    "data": [
      {
        "text": "qué temperatura hace en ",
        "userDefined": false
      },
      {
        "text": "París",
        "alias": "address",
        "meta": "@sys.location",
        "userDefined": true
      }
    ],
    "isTemplate": false,
    "count": 0,
    "updated": 0
  },
  {
    "id": "abff4d3d-ef76-424c-af34-facfb461516d",
    "data": [
      {
        "text": "hará mucho ",
        "userDefined": false
      },
      {
        "text": "calor",
        "alias": "temperature",
        "meta": "@temperature",
        "userDefined": true
      },
      {
        "text": " mañana en ",
        "userDefined": false
      },
      {
        "text": "Londres",
        "alias": "address",
        "meta": "@sys.location",
        "userDefined": true
      }
    ],
    "isTemplate": false,
    "count": 0,
    "updated": 0
  },
  {
    "id": "7add1150-10ff-4c65-96ed-3c9cb26e20ee",
    "data": [
      {
        "text": "dime si está ",
        "userDefined": false
      },
      {
        "text": "caluroso",
        "alias": "temperature",
        "meta": "@temperature",
        "userDefined": true
      },
      {
        "text": " afuera",
        "userDefined": false
      }
    ],
    "isTemplate": false,
    "count": 0,
    "updated": 0
  },
  {
    "id": "59131d32-0a27-43a5-bb71-a003408baef1",
    "data": [
      {
        "text": "hará ",
        "userDefined": false
      },
      {
        "text": "frío",
        "alias": "temperature",
        "meta": "@temperature",
        "userDefined": true
      },
      {
        "text": " ",
        "userDefined": false
      },
      {
        "text": "hoy por la noche",
        "alias": "date-time",
        "meta": "@sys.date-time",
        "userDefined": true
      }
    ],
    "isTemplate": false,
    "count": 0,
    "updated": 0
  },
  {
    "id": "162e2467-0668-4406-ba25-58d214f8fbc5",
    "data": [
      {
        "text": "cómo será la temperatura ",
        "userDefined": false
      },
      {
        "text": "mañana",
        "alias": "date-time",
        "meta": "@sys.date-time",
        "userDefined": true
      }
    ],
    "isTemplate": false,
    "count": 0,
    "updated": 0
  },
  {
    "id": "40d6e86a-6cfe-4a50-8e86-f7f414f0efb5",
    "data": [
      {
        "text": "temperaturas en ",
        "userDefined": false
      },
      {
        "text": "Salamanca",
        "alias": "address",
        "meta": "@sys.location",
        "userDefined": true
      },
      {
        "text": " en ",
        "userDefined": false
      },
      {
        "text": "Fahrenheit",
        "alias": "unit",
        "meta": "@unit-temperature",
        "userDefined": true
      }
    ],
    "isTemplate": false,
    "count": 0,
    "updated": 0
  }
]