[
  {
    "id": "991d025d-1658-445c-b84e-1cbdaa74b9ce",
    "data": [
      {
        "text": "per ",
        "userDefined": false
      },
      {
        "text": "domani",
        "alias": "date-time",
        "meta": "@sys.date-time",
        "userDefined": true
      }
    ],
    "isTemplate": false,
    "count": 0,
    "updated": 0
  },
  {
    "id": "f343867b-7705-4190-ad41-360b6dc2b520",
    "data": [
      {
        "text": "di ",
        "userDefined": false
      },
      {
        "text": "settimana prossima",
        "alias": "date-time",
        "meta": "@sys.date-time",
        "userDefined": true
      }
    ],
    "isTemplate": false,
    "count": 0,
    "updated": 0
  },
  {
    "id": "06cd0a57-304f-4801-9e2b-c8cb60444803",
    "data": [
      {
        "text": "e ",
        "userDefined": false
      },
      {
        "text": "sabato",
        "alias": "date-time",
        "meta": "@sys.date-time",
        "userDefined": true
      }
    ],
    "isTemplate": false,
    "count": 0,
    "updated": 0
  },
  {
    "id": "6be379c4-3eb0-4693-b485-dfda2cb1064d",
    "data": [
      {
        "text": "della ",
        "userDefined": false
      },
      {
        "text": "settimana prossima",
        "alias": "date-time",
        "meta": "@sys.date-time",
        "userDefined": true
      }
    ],
    "isTemplate": false,
    "count": 0,
    "updated": 0
  },
  {
    "id": "632a6aad-9f8c-4c76-b2e0-5931ce3e8679",
    "data": [
      {
        "text": "e per ",
        "userDefined": false
      },
      {
        "text": "domani",
        "alias": "date-time",
        "meta": "@sys.date-time",
        "userDefined": true
      }
    ],
    "isTemplate": false,
    "count": 0,
    "updated": 0
  },
  {
    "id": "29487c4c-427b-436e-a6f5-c041ff9d3987",
    "data": [
      {
        "text": "anche ",
        "userDefined": false
      },
      {
        "text": "oggi",
        "alias": "date-time",
        "meta": "@sys.date-time",
        "userDefined": true
      }
    ],
    "isTemplate": false,
    "count": 0,
    "updated": 0
  },
  {
    "id": "6634cd77-b0d9-4447-9540-cdabdcfb3f8c",
    "data": [
      {
        "text": "e questo ",
        "userDefined": false
      },
      {
        "text": "fine settimana",
        "alias": "date-time",
        "meta": "@sys.date-time",
        "userDefined": true
      }
    ],
    "isTemplate": false,
    "count": 1,
    "updated": 0
  },
  {
    "id": "158c6210-5bfc-443a-aad4-1a82c0b974ce",
    "data": [
      {
        "text": "e anche per ",
        "userDefined": false
      },
      {
        "text": "oggi",
        "alias": "date-time",
        "meta": "@sys.date-time",
        "userDefined": true
      }
    ],
    "isTemplate": false,
    "count": 0,
    "updated": 0
  },
  {
    "id": "c5972127-ef7b-49a1-bb21-498cbb6de7c9",
    "data": [
      {
        "text": "pure per ",
        "userDefined": false
      },
      {
        "text": "domani",
        "alias": "date-time",
        "meta": "@sys.date-time",
        "userDefined": true
      }
    ],
    "isTemplate": false,
    "count": 0,
    "updated": 0
  }
]