[
  {
    "id": "c892e81c-5310-4b0c-ac58-35fe03e027b7",
    "data": [
      {
        "text": "ce dimanche",
        "alias": "date-time",
        "meta": "@sys.date-time",
        "userDefined": false
      },
      {
        "text": " aussi",
        "userDefined": false
      }
    ],
    "isTemplate": false,
    "count": 0,
    "updated": 0
  },
  {
    "id": "fcab9939-bfb5-4a3e-9618-ba2e5ecca359",
    "data": [
      {
        "text": "et ",
        "userDefined": false
      },
      {
        "text": "dimanche",
        "alias": "date-time",
        "meta": "@sys.date-time",
        "userDefined": true
      }
    ],
    "isTemplate": false,
    "count": 0,
    "updated": 0
  },
  {
    "id": "b3262fe9-ec9a-4dda-9082-6c6ccef261d5",
    "data": [
      {
        "text": "maintenant ",
        "userDefined": false
      },
      {
        "text": "lundi",
        "alias": "date-time",
        "meta": "@sys.date-time",
        "userDefined": false
      }
    ],
    "isTemplate": false,
    "count": 0,
    "updated": 0
  },
  {
    "id": "f82a9784-e5b5-43a0-a304-39dde2e5912e",
    "data": [
      {
        "text": "et ",
        "userDefined": false
      },
      {
        "text": "ce week end",
        "alias": "date-time",
        "meta": "@sys.date-time",
        "userDefined": true
      }
    ],
    "isTemplate": false,
    "count": 1,
    "updated": 0
  },
  {
    "id": "58f37ef9-0540-418a-9ef6-5dbc4f5e373e",
    "data": [
      {
        "text": "après-demain",
        "alias": "date-time",
        "meta": "@sys.date-time",
        "userDefined": false
      }
    ],
    "isTemplate": false,
    "count": 0,
    "updated": 0
  },
  {
    "id": "cb60c8b2-1556-4a16-8cba-68c260f83001",
    "data": [
      {
        "text": "et",
        "meta": "@sys.ignore",
        "userDefined": false
      },
      {
        "text": " ",
        "userDefined": false
      },
      {
        "text": "demain",
        "alias": "date-time",
        "meta": "@sys.date-time",
        "userDefined": false
      }
    ],
    "isTemplate": false,
    "count": 0,
    "updated": 0
  }
]