[
  {
    "id": "071cb2d6-eb47-4287-b3e6-4f08d8aadbda",
    "data": [
      {
        "text": "puoi controllare a ",
        "userDefined": false
      },
      {
        "text": "Matera",
        "alias": "address",
        "meta": "@sys.location",
        "userDefined": true
      }
    ],
    "isTemplate": false,
    "count": 1,
    "updated": 0
  },
  {
    "id": "935dfc0f-859a-4abf-b52d-1fe34086931c",
    "data": [
      {
        "text": "anche per ",
        "userDefined": false
      },
      {
        "text": "Genova",
        "alias": "address",
        "meta": "@sys.location",
        "userDefined": true
      }
    ],
    "isTemplate": false,
    "count": 0,
    "updated": 0
  },
  {
    "id": "85ce31af-b375-417a-b49b-38628e18768f",
    "data": [
      {
        "text": "e a ",
        "userDefined": false
      },
      {
        "text": "Londra",
        "alias": "address",
        "meta": "@sys.location",
        "userDefined": true
      }
    ],
    "isTemplate": false,
    "count": 0,
    "updated": 0
  },
  {
    "id": "2e7f0494-7260-4fbe-9eff-8584961efcc9",
    "data": [
      {
        "text": "anche per ",
        "userDefined": false
      },
      {
        "text": "Roma",
        "alias": "address",
        "meta": "@sys.location",
        "userDefined": true
      }
    ],
    "isTemplate": false,
    "count": 0,
    "updated": 0
  },
  {
    "id": "e0c1724b-a08e-4bbf-af49-822c08275b45",
    "data": [
      {
        "text": "per ",
        "userDefined": false
      },
      {
        "text": "New York",
        "alias": "address",
        "meta": "@sys.location",
        "userDefined": true
      }
    ],
    "isTemplate": false,
    "count": 0,
    "updated": 0
  },
  {
    "id": "f544dd56-5b6a-4b6a-919b-f09ca23e4ca1",
    "data": [
      {
        "text": "anche a ",
        "userDefined": false
      },
      {
        "text": "Mosca",
        "alias": "address",
        "meta": "@sys.location",
        "userDefined": true
      }
    ],
    "isTemplate": false,
    "count": 0,
    "updated": 0
  },
  {
    "id": "50aecc6b-ceab-452e-9a5c-bac461ac9dd2",
    "data": [
      {
        "text": "e anche per ",
        "userDefined": false
      },
      {
        "text": "Napoli",
        "alias": "address",
        "meta": "@sys.location",
        "userDefined": true
      }
    ],
    "isTemplate": false,
    "count": 0,
    "updated": 0
  },
  {
    "id": "d95848e5-9451-459d-a093-8a0e813a3efa",
    "data": [
      {
        "text": "a ",
        "userDefined": false
      },
      {
        "text": "Parigi",
        "alias": "address",
        "meta": "@sys.location",
        "userDefined": true
      }
    ],
    "isTemplate": false,
    "count": 0,
    "updated": 0
  }
]