[
  {
    "id": "00c4305c-0336-4069-8ee4-d2e1cf467f54",
    "data": [
      {
        "text": "e ",
        "userDefined": false
      },
      {
        "text": "sábado",
        "alias": "date-time",
        "meta": "@sys.date-time",
        "userDefined": true
      }
    ],
    "isTemplate": false,
    "count": 0,
    "updated": 0
  },
  {
    "id": "c82a6717-e277-40d6-8a0f-92d2bbbff1b8",
    "data": [
      {
        "text": "e ",
        "userDefined": false
      },
      {
        "text": "neste fim de semana",
        "alias": "date-time",
        "meta": "@sys.date-time",
        "userDefined": true
      }
    ],
    "isTemplate": false,
    "count": 1,
    "updated": 0
  },
  {
    "id": "a8158b30-72e4-4053-ae4c-f3252159b974",
    "data": [
      {
        "text": "e no ",
        "userDefined": false
      },
      {
        "text": "sábado",
        "alias": "date-time",
        "meta": "@sys.date-time",
        "userDefined": true
      }
    ],
    "isTemplate": false,
    "count": 0,
    "updated": 0
  },
  {
    "id": "1e1e8e23-25e7-4fd8-ae3c-d5a660ec8f94",
    "data": [
      {
        "text": "e durante a ",
        "userDefined": false
      },
      {
        "text": "próxima semana",
        "alias": "date-time",
        "meta": "@sys.date-time",
        "userDefined": true
      }
    ],
    "isTemplate": false,
    "count": 0,
    "updated": 0
  },
  {
    "id": "dc975c56-fca8-4022-ab08-61b58a8ef8b6",
    "data": [
      {
        "text": "na ",
        "userDefined": false
      },
      {
        "text": "quarta-feira",
        "alias": "date-time",
        "meta": "@sys.date-time",
        "userDefined": true
      }
    ],
    "isTemplate": false,
    "count": 0,
    "updated": 0
  },
  {
    "id": "27a025bc-f782-4267-83ef-6c0b02600482",
    "data": [
      {
        "text": "isso mudará às ",
        "userDefined": false
      },
      {
        "text": "17h",
        "alias": "date-time",
        "meta": "@sys.date-time",
        "userDefined": true
      }
    ],
    "isTemplate": false,
    "count": 0,
    "updated": 0
  },
  {
    "id": "b3e6dbd0-041e-41f0-b489-a1d2f78818b6",
    "data": [
      {
        "text": "verificar ",
        "userDefined": false
      },
      {
        "text": "próxima semana",
        "alias": "date-time",
        "meta": "@sys.date-time",
        "userDefined": true
      }
    ],
    "isTemplate": false,
    "count": 0,
    "updated": 0
  },
  {
    "id": "dbb47a47-8d9d-41b1-8f1c-e9bd1a77ecac",
    "data": [
      {
        "text": "verificar para a ",
        "userDefined": false
      },
      {
        "text": "próxima segunda-feira",
        "alias": "date-time",
        "meta": "@sys.date-time",
        "userDefined": true
      }
    ],
    "isTemplate": false,
    "count": 0,
    "updated": 0
  },
  {
    "id": "ed5a3d77-fa22-4ba9-b25f-00514c8b2ed5",
    "data": [
      {
        "text": "e ",
        "userDefined": false
      },
      {
        "text": "amanhã",
        "alias": "date-time",
        "meta": "@sys.date-time",
        "userDefined": true
      }
    ],
    "isTemplate": false,
    "count": 1,
    "updated": 0
  },
  {
    "id": "fb846eac-7999-45d1-8337-0845bc403fdf",
    "data": [
      {
        "text": "e ",
        "userDefined": false
      },
      {
        "text": "hoje",
        "alias": "date-time",
        "meta": "@sys.date-time",
        "userDefined": true
      }
    ],
    "isTemplate": false,
    "count": 0,
    "updated": 0
  }
]