[
  {
    "id": "e8429ef6-712a-4ce3-b86c-7050e36261a7",
    "data": [
      {
        "text": "现在",
        "userDefined": false
      },
      {
        "text": "下雨",
        "alias": "condition",
        "meta": "@weather-condition",
        "userDefined": false
      }
    ],
    "isTemplate": false,
    "count": 0,
    "updated": 0
  },
  {
    "id": "fb3ae1b4-4fa8-4ea1-9687-f08d3ef580d8",
    "data": [
      {
        "text": "能不能",
        "userDefined": false
      },
      {
        "text": "雷暴",
        "alias": "condition",
        "meta": "@weather-condition",
        "userDefined": false
      }
    ],
    "isTemplate": false,
    "count": 0,
    "updated": 0
  },
  {
    "id": "eacf13ac-1f47-4eb0-916a-facfc9f92a8f",
    "data": [
      {
        "text": "烟雾",
        "alias": "condition",
        "meta": "@weather-condition",
        "userDefined": false
      },
      {
        "text": "呢",
        "userDefined": false
      }
    ],
    "isTemplate": false,
    "count": 1,
    "updated": 0
  },
  {
    "id": "983414c7-440e-4e48-9d62-a90e76efda64",
    "data": [
      {
        "text": "我还要",
        "userDefined": false
      },
      {
        "text": "细雨",
        "alias": "condition",
        "meta": "@weather-condition",
        "userDefined": false
      }
    ],
    "isTemplate": false,
    "count": 0,
    "updated": 0
  },
  {
    "id": "0548dac7-3188-4322-8c44-f8ee51ac4385",
    "data": [
      {
        "text": "我还很想",
        "userDefined": false
      },
      {
        "text": "阵雪",
        "alias": "condition",
        "meta": "@weather-condition",
        "userDefined": false
      }
    ],
    "isTemplate": false,
    "count": 0,
    "updated": 0
  },
  {
    "id": "7356e725-b9e6-41ef-a867-bdbcfcb54a03",
    "data": [
      {
        "text": "还需要",
        "userDefined": false
      },
      {
        "text": "晴朗",
        "alias": "condition",
        "meta": "@weather-condition",
        "userDefined": false
      }
    ],
    "isTemplate": false,
    "count": 0,
    "updated": 0
  },
  {
    "id": "b294dd16-1d26-4208-a2ab-9c9222d04a3e",
    "data": [
      {
        "text": "会不会",
        "userDefined": false
      },
      {
        "text": "多云",
        "alias": "condition",
        "meta": "@weather-condition",
        "userDefined": false
      }
    ],
    "isTemplate": false,
    "count": 0,
    "updated": 0
  },
  {
    "id": "8e83d8e3-76a9-441f-9f39-128b0dd8f594",
    "data": [
      {
        "text": "关于",
        "userDefined": false
      },
      {
        "text": "风",
        "alias": "condition",
        "meta": "@weather-condition",
        "userDefined": false
      }
    ],
    "isTemplate": false,
    "count": 0,
    "updated": 0
  },
  {
    "id": "52e4cd07-1167-4265-b1d7-a52ed2e731cd",
    "data": [
      {
        "text": "还能不能",
        "userDefined": false
      },
      {
        "text": "太阳",
        "alias": "condition",
        "meta": "@weather-condition",
        "userDefined": false
      }
    ],
    "isTemplate": false,
    "count": 0,
    "updated": 0
  },
  {
    "id": "0443e182-b09b-43ed-a913-21b36776c672",
    "data": [
      {
        "text": "怎么能",
        "userDefined": false
      },
      {
        "text": "雷雨",
        "alias": "condition",
        "meta": "@weather-condition",
        "userDefined": false
      }
    ],
    "isTemplate": false,
    "count": 0,
    "updated": 0
  },
  {
    "id": "687c4e2a-765d-49d3-9516-024d58a0be14",
    "data": [
      {
        "text": "还要",
        "userDefined": false
      },
      {
        "text": "多风",
        "alias": "condition",
        "meta": "@weather-condition",
        "userDefined": false
      }
    ],
    "isTemplate": false,
    "count": 0,
    "updated": 0
  }
]