[
  {
    "id": "dd36d625-357f-4f25-8d16-634c0738b881",
    "data": [
      {
        "text": "è una buona idea ",
        "userDefined": false
      },
      {
        "text": "fare un\u0027escursione",
        "alias": "activity",
        "meta": "@activity",
        "userDefined": true
      },
      {
        "text": " ",
        "userDefined": false
      },
      {
        "text": "domani",
        "alias": "date-time",
        "meta": "@sys.date-time",
        "userDefined": true
      }
    ],
    "isTemplate": false,
    "count": 0,
    "updated": 0
  },
  {
    "id": "533e6c82-6976-4636-8c6d-dc8bc11a1906",
    "data": [
      {
        "text": "posso andare a ",
        "userDefined": false
      },
      {
        "text": "sciare",
        "alias": "activity",
        "meta": "@activity",
        "userDefined": true
      }
    ],
    "isTemplate": false,
    "count": 0,
    "updated": 0
  },
  {
    "id": "dd6a3ae7-d7e6-429b-9b55-a100950b09b5",
    "data": [
      {
        "text": "il tempo è buono per ",
        "userDefined": false
      },
      {
        "text": "sciare",
        "alias": "activity",
        "meta": "@activity",
        "userDefined": true
      }
    ],
    "isTemplate": false,
    "count": 0,
    "updated": 0
  },
  {
    "id": "3261e300-fdee-4a58-a884-553622f2bf09",
    "data": [
      {
        "text": "andare a ",
        "userDefined": false
      },
      {
        "text": "sciare",
        "alias": "activity",
        "meta": "@activity",
        "userDefined": true
      },
      {
        "text": " ",
        "userDefined": false
      },
      {
        "text": "domani",
        "alias": "date-time",
        "meta": "@sys.date-time",
        "userDefined": true
      },
      {
        "text": " a ",
        "userDefined": false
      },
      {
        "text": "Napoli",
        "alias": "address",
        "meta": "@sys.location",
        "userDefined": true
      }
    ],
    "isTemplate": false,
    "count": 0,
    "updated": 0
  },
  {
    "id": "9a9e88c3-a5dc-4564-9218-cc1cb720f407",
    "data": [
      {
        "text": "il tempo è abbastanza buono per ",
        "userDefined": false
      },
      {
        "text": "giocare a frisbee",
        "alias": "activity",
        "meta": "@activity",
        "userDefined": true
      },
      {
        "text": " fuori",
        "userDefined": false
      }
    ],
    "isTemplate": false,
    "count": 0,
    "updated": 0
  },
  {
    "id": "009ba3e0-14d7-4a78-8045-4f7f65cd86a7",
    "data": [
      {
        "text": "la temperatura è buona per ",
        "userDefined": false
      },
      {
        "text": "andare in bici",
        "alias": "activity",
        "meta": "@activity",
        "userDefined": true
      }
    ],
    "isTemplate": false,
    "count": 0,
    "updated": 0
  },
  {
    "id": "37b89551-4724-4ea6-93fc-367b9352931e",
    "data": [
      {
        "text": "posso ",
        "userDefined": false
      },
      {
        "text": "nuotare",
        "alias": "activity",
        "meta": "@activity",
        "userDefined": true
      }
    ],
    "isTemplate": false,
    "count": 0,
    "updated": 0
  },
  {
    "id": "0ffea170-fbf8-44d5-b66e-8357125cc8c4",
    "data": [
      {
        "text": "posso ",
        "userDefined": false
      },
      {
        "text": "nuotare",
        "alias": "activity",
        "meta": "@activity",
        "userDefined": true
      },
      {
        "text": " ",
        "userDefined": false
      },
      {
        "text": "oggi",
        "alias": "date-time",
        "meta": "@sys.date-time",
        "userDefined": true
      },
      {
        "text": " a ",
        "userDefined": false
      },
      {
        "text": "Londra",
        "alias": "address",
        "meta": "@sys.location",
        "userDefined": true
      }
    ],
    "isTemplate": false,
    "count": 0,
    "updated": 0
  },
  {
    "id": "560b4a68-bd9b-4c35-81e4-8b5cbb75f83f",
    "data": [
      {
        "text": "posso ",
        "userDefined": false
      },
      {
        "text": "nuotare",
        "alias": "activity",
        "meta": "@activity",
        "userDefined": true
      },
      {
        "text": " ",
        "userDefined": false
      },
      {
        "text": "oggi",
        "alias": "date-time",
        "meta": "@sys.date-time",
        "userDefined": true
      }
    ],
    "isTemplate": false,
    "count": 0,
    "updated": 0
  }
]