[
  {
    "id": "bbb59fa8-08f9-41e2-b359-2b399d3079f6",
    "data": [
      {
        "text": "今週末",
        "alias": "date-time",
        "meta": "@sys.date-time",
        "userDefined": true
      },
      {
        "text": "の",
        "userDefined": false
      },
      {
        "text": "モスクワ",
        "alias": "address",
        "meta": "@sys.location",
        "userDefined": true
      }
    ],
    "isTemplate": false,
    "count": 0,
    "updated": 0
  },
  {
    "id": "7b687da8-a6b6-4ba9-bac6-6ea8c7b54e03",
    "data": [
      {
        "text": "じゃあ",
        "userDefined": false
      },
      {
        "text": "来週の金曜日",
        "alias": "date-time",
        "meta": "@sys.date-time",
        "userDefined": true
      },
      {
        "text": "の",
        "userDefined": false
      },
      {
        "text": "パリ",
        "alias": "address",
        "meta": "@sys.location",
        "userDefined": true
      },
      {
        "text": "はどう",
        "userDefined": false
      }
    ],
    "isTemplate": false,
    "count": 0,
    "updated": 0
  },
  {
    "id": "37a75523-1593-43b7-a72b-91ec83638760",
    "data": [
      {
        "text": "明日",
        "alias": "date-time",
        "meta": "@sys.date-time",
        "userDefined": true
      },
      {
        "text": "の",
        "userDefined": false
      },
      {
        "text": "福岡市",
        "alias": "address",
        "meta": "@sys.location",
        "userDefined": true
      },
      {
        "text": "は",
        "meta": "@sys.ignore",
        "userDefined": true
      },
      {
        "text": "どう",
        "userDefined": false
      }
    ],
    "isTemplate": false,
    "count": 0,
    "updated": 0
  },
  {
    "id": "7b1f9324-d7f1-4ce9-987f-24255b6cabfb",
    "data": [
      {
        "text": "明日",
        "alias": "date-time",
        "meta": "@sys.date-time",
        "userDefined": true
      },
      {
        "text": "の",
        "userDefined": false
      },
      {
        "text": "マドリード",
        "alias": "address",
        "meta": "@sys.location",
        "userDefined": true
      }
    ],
    "isTemplate": false,
    "count": 0,
    "updated": 0
  }
]