[
  {
    "id": "de2b2bc1-8429-42a2-9da8-f269d7cf2d9a",
    "data": [
      {
        "text": "關",
        "meta": "@sys.ignore",
        "userDefined": false
      },
      {
        "text": "于",
        "userDefined": false
      },
      {
        "text": "步行",
        "alias": "activity",
        "meta": "@activity",
        "userDefined": false
      }
    ],
    "isTemplate": false,
    "count": 0,
    "updated": 0
  },
  {
    "id": "83da5b9c-88ce-4948-9384-0f75e747358a",
    "data": [
      {
        "text": "現在",
        "userDefined": false
      },
      {
        "text": "沖浪",
        "alias": "activity",
        "meta": "@activity",
        "userDefined": false
      }
    ],
    "isTemplate": false,
    "count": 0,
    "updated": 0
  },
  {
    "id": "0f76a7fb-bf8c-401a-9945-b989395aebd1",
    "data": [
      {
        "text": "能不能",
        "userDefined": false
      },
      {
        "text": "攀登",
        "alias": "activity",
        "meta": "@activity",
        "userDefined": false
      }
    ],
    "isTemplate": false,
    "count": 0,
    "updated": 0
  },
  {
    "id": "67ef4e00-0eb7-434d-9804-7e067762bab6",
    "data": [
      {
        "text": "還需要",
        "userDefined": false
      },
      {
        "text": "自行車",
        "alias": "activity",
        "meta": "@activity",
        "userDefined": false
      }
    ],
    "isTemplate": false,
    "count": 0,
    "updated": 0
  },
  {
    "id": "cc320774-62d0-4696-9677-42a73338c25e",
    "data": [
      {
        "text": "還要",
        "userDefined": false
      },
      {
        "text": "滑雪",
        "alias": "activity",
        "meta": "@activity",
        "userDefined": false
      }
    ],
    "isTemplate": false,
    "count": 0,
    "updated": 0
  },
  {
    "id": "eb9d8c9e-e7aa-4387-9cb1-d1772c9a3b4c",
    "data": [
      {
        "text": "我還很想",
        "userDefined": false
      },
      {
        "text": "跑步",
        "alias": "activity",
        "meta": "@activity",
        "userDefined": false
      }
    ],
    "isTemplate": false,
    "count": 0,
    "updated": 0
  },
  {
    "id": "cf634282-5637-4faf-b6be-6a56e58281e5",
    "data": [
      {
        "text": "怎麽能",
        "userDefined": false
      },
      {
        "text": "滑翔傘",
        "alias": "activity",
        "meta": "@activity",
        "userDefined": false
      }
    ],
    "isTemplate": false,
    "count": 0,
    "updated": 0
  },
  {
    "id": "17d4240e-a124-46e8-941e-856a9a408d07",
    "data": [
      {
        "text": "還能不能",
        "userDefined": false
      },
      {
        "text": "打雪仗",
        "alias": "activity",
        "meta": "@activity",
        "userDefined": false
      }
    ],
    "isTemplate": false,
    "count": 0,
    "updated": 0
  },
  {
    "id": "f82cb9da-bf8f-4368-baa9-24eefdb651d9",
    "data": [
      {
        "text": "會不會",
        "userDefined": false
      },
      {
        "text": "遊泳",
        "alias": "activity",
        "meta": "@activity",
        "userDefined": false
      }
    ],
    "isTemplate": false,
    "count": 0,
    "updated": 0
  },
  {
    "id": "50a99f0a-384a-4593-a437-30b4f8d9c978",
    "data": [
      {
        "text": "我還要",
        "userDefined": false
      },
      {
        "text": "單板滑雪",
        "alias": "activity",
        "meta": "@activity",
        "userDefined": false
      }
    ],
    "isTemplate": false,
    "count": 0,
    "updated": 0
  }
]