[
  {
    "id": "15ffac8e-794c-4249-ba7e-974faab00695",
    "data": [
      {
        "text": "what about ",
        "userDefined": false
      },
      {
        "text": "San Francisco",
        "alias": "address",
        "meta": "@sys.location",
        "userDefined": false
      }
    ],
    "isTemplate": false,
    "count": 0,
    "updated": 0
  },
  {
    "id": "4192862d-a0fa-48cc-8be9-611e09138fd8",
    "data": [
      {
        "text": "what about ",
        "userDefined": false
      },
      {
        "text": "Aspen",
        "alias": "address",
        "meta": "@sys.location",
        "userDefined": true
      }
    ],
    "isTemplate": false,
    "count": 0,
    "updated": 0
  },
  {
    "id": "84338db1-efec-4402-b7c5-e025c85c6698",
    "data": [
      {
        "text": "what about ",
        "userDefined": false
      },
      {
        "text": "Oakland",
        "alias": "address",
        "meta": "@sys.location",
        "userDefined": true
      }
    ],
    "isTemplate": false,
    "count": 0,
    "updated": 0
  },
  {
    "id": "6681ff01-3223-44ee-9892-6a615435a458",
    "data": [
      {
        "text": "can you check ",
        "userDefined": false
      },
      {
        "text": "Seattle",
        "alias": "address",
        "meta": "@sys.location",
        "userDefined": true
      }
    ],
    "isTemplate": false,
    "count": 0,
    "updated": 0
  },
  {
    "id": "9adf330d-d782-42d5-8242-c0029668a844",
    "data": [
      {
        "text": "now",
        "meta": "@sys.ignore",
        "userDefined": false
      },
      {
        "text": " ",
        "userDefined": false
      },
      {
        "text": "in",
        "meta": "@sys.ignore",
        "userDefined": false
      },
      {
        "text": " ",
        "userDefined": false
      },
      {
        "text": "Aspen",
        "alias": "address",
        "meta": "@sys.location",
        "userDefined": true
      }
    ],
    "isTemplate": false,
    "count": 0,
    "updated": 0
  },
  {
    "id": "d917990c-0b19-4505-9779-c3ea575bbee1",
    "data": [
      {
        "text": "what about ",
        "userDefined": false
      },
      {
        "text": "Paris",
        "alias": "address",
        "meta": "@sys.location",
        "userDefined": true
      }
    ],
    "isTemplate": false,
    "count": 0,
    "updated": 0
  },
  {
    "id": "9f855a7e-3066-4d7a-920b-bd50142b32b3",
    "data": [
      {
        "text": "and in ",
        "userDefined": false
      },
      {
        "text": "London",
        "alias": "address",
        "meta": "@sys.location",
        "userDefined": true
      }
    ],
    "isTemplate": false,
    "count": 0,
    "updated": 0
  },
  {
    "id": "015f41a3-a735-4ba0-a466-325e82527f83",
    "data": [
      {
        "text": "Moscow",
        "alias": "address",
        "meta": "@sys.location",
        "userDefined": true
      }
    ],
    "isTemplate": false,
    "count": 0,
    "updated": 0
  }
]