[
  {
    "id": "0a7aa2c8-2d9f-40d1-a3dd-e3f76437431a",
    "data": [
      {
        "text": "está ",
        "userDefined": false
      },
      {
        "text": "ameno",
        "alias": "temperature",
        "meta": "@temperature",
        "userDefined": true
      },
      {
        "text": " em ",
        "userDefined": false
      },
      {
        "text": "Nova Iorque",
        "alias": "address",
        "meta": "@sys.location",
        "userDefined": true
      }
    ],
    "isTemplate": false,
    "count": 0,
    "updated": 0
  },
  {
    "id": "1f1cb351-46c9-4826-9806-dccbc02ced05",
    "data": [
      {
        "text": "hoje está um dia ",
        "userDefined": false
      },
      {
        "text": "quente",
        "alias": "temperature",
        "meta": "@temperature",
        "userDefined": true
      }
    ],
    "isTemplate": false,
    "count": 0,
    "updated": 0
  },
  {
    "id": "ae14739a-e204-4cdc-aac4-03a5abb99be6",
    "data": [
      {
        "text": "qual é a temperatura para ",
        "userDefined": false
      },
      {
        "text": "amanhã",
        "alias": "date-time",
        "meta": "@sys.date-time",
        "userDefined": true
      },
      {
        "text": " em ",
        "userDefined": false
      },
      {
        "text": "Campbell",
        "alias": "address",
        "meta": "@sys.location",
        "userDefined": true
      }
    ],
    "isTemplate": false,
    "count": 0,
    "updated": 0
  },
  {
    "id": "978cad5c-7299-4a99-8fab-1a3e656c5d69",
    "data": [
      {
        "text": "qual é a temperatura para ",
        "userDefined": false
      },
      {
        "text": "amanhã",
        "alias": "date-time",
        "meta": "@sys.date-time",
        "userDefined": true
      },
      {
        "text": " em ",
        "userDefined": false
      },
      {
        "text": "Camberra",
        "alias": "address",
        "meta": "@sys.location",
        "userDefined": true
      }
    ],
    "isTemplate": false,
    "count": 0,
    "updated": 0
  },
  {
    "id": "987ebe34-c475-4e18-b92e-100e39f0bc9d",
    "data": [
      {
        "text": "mostrar-me a temperatura em ",
        "userDefined": false
      },
      {
        "text": "Paris",
        "alias": "address",
        "meta": "@sys.location",
        "userDefined": true
      },
      {
        "text": " em ",
        "userDefined": false
      },
      {
        "text": "Fahrenheit",
        "alias": "unit",
        "meta": "@unit-temperature",
        "userDefined": true
      }
    ],
    "isTemplate": false,
    "count": 0,
    "updated": 0
  },
  {
    "id": "6eb4c277-69fa-416d-a02c-607685ca690e",
    "data": [
      {
        "text": "está ",
        "userDefined": false
      },
      {
        "text": "frio",
        "alias": "temperature",
        "meta": "@temperature",
        "userDefined": true
      },
      {
        "text": " em ",
        "userDefined": false
      },
      {
        "text": "Nova Iorque",
        "alias": "address",
        "meta": "@sys.location",
        "userDefined": true
      }
    ],
    "isTemplate": false,
    "count": 0,
    "updated": 0
  },
  {
    "id": "30000e66-e830-4e79-ad10-98d0dd2d0a8d",
    "data": [
      {
        "text": "temperatura",
        "userDefined": false
      }
    ],
    "isTemplate": false,
    "count": 0,
    "updated": 0
  },
  {
    "id": "a2c9380c-82d5-406c-8675-dc1d4e295966",
    "data": [
      {
        "text": "está ",
        "userDefined": false
      },
      {
        "text": "quente",
        "alias": "temperature",
        "meta": "@temperature",
        "userDefined": true
      },
      {
        "text": " em ",
        "userDefined": false
      },
      {
        "text": "Nova Iorque",
        "alias": "address",
        "meta": "@sys.location",
        "userDefined": true
      }
    ],
    "isTemplate": false,
    "count": 0,
    "updated": 0
  },
  {
    "id": "151bbfce-ef25-4305-bae4-3296f8057592",
    "data": [
      {
        "text": "sabe se está ",
        "userDefined": false
      },
      {
        "text": "frio",
        "alias": "temperature",
        "meta": "@temperature",
        "userDefined": true
      },
      {
        "text": " lá fora agora",
        "userDefined": false
      }
    ],
    "isTemplate": false,
    "count": 0,
    "updated": 0
  },
  {
    "id": "2df696ec-c66b-44c4-9d9a-733f3a99f5a9",
    "data": [
      {
        "text": "quão ",
        "userDefined": false
      },
      {
        "text": "frio",
        "alias": "temperature",
        "meta": "@temperature",
        "userDefined": true
      },
      {
        "text": " vai estar ",
        "userDefined": false
      },
      {
        "text": "neste domingo",
        "alias": "date-time",
        "meta": "@sys.date-time",
        "userDefined": true
      },
      {
        "text": " em ",
        "userDefined": false
      },
      {
        "text": "Mountain View",
        "alias": "address",
        "meta": "@sys.location",
        "userDefined": true
      }
    ],
    "isTemplate": false,
    "count": 0,
    "updated": 0
  },
  {
    "id": "0b4a1412-92c6-4046-aa75-3a47e80536e1",
    "data": [
      {
        "text": "temperatura em ",
        "userDefined": false
      },
      {
        "text": "Banguecoque",
        "alias": "address",
        "meta": "@sys.location",
        "userDefined": true
      }
    ],
    "isTemplate": false,
    "count": 0,
    "updated": 0
  }
]