[
  {
    "id": "23b86bd9-4389-495f-92b9-ce8a431b5134",
    "data": [
      {
        "text": "quel ",
        "userDefined": false
      },
      {
        "text": "temps",
        "meta": "@sys.ignore",
        "userDefined": true
      },
      {
        "text": " fait-il à ",
        "userDefined": false
      },
      {
        "text": "Paris",
        "alias": "address",
        "meta": "@sys.geo-city",
        "userDefined": true
      }
    ],
    "isTemplate": false,
    "count": 4,
    "updated": 1530825355
  },
  {
    "id": "34c5deaa-254b-48a6-ab91-dd4a8677072d",
    "data": [
      {
        "text": "prévisions météo ",
        "userDefined": false
      },
      {
        "text": "Bordeaux",
        "alias": "address",
        "meta": "@sys.geo-city",
        "userDefined": true
      }
    ],
    "isTemplate": false,
    "count": 0,
    "updated": 1530825355
  },
  {
    "id": "4a2dfc56-1120-4f2a-8e4e-b29b9a3c7e15",
    "data": [
      {
        "text": "quel ",
        "userDefined": false
      },
      {
        "text": "temps",
        "meta": "@sys.ignore",
        "userDefined": true
      },
      {
        "text": " fera ",
        "userDefined": false
      },
      {
        "text": "demain",
        "alias": "date-time",
        "meta": "@sys.date-time",
        "userDefined": true
      }
    ],
    "isTemplate": false,
    "count": 0,
    "updated": 1530825355
  },
  {
    "id": "d869993e-70c9-4400-8e07-94b7f7edaff6",
    "data": [
      {
        "text": "dis ",
        "userDefined": false
      },
      {
        "text": "moi",
        "meta": "@sys.ignore",
        "userDefined": true
      },
      {
        "text": " ",
        "userDefined": false
      },
      {
        "text": "la",
        "meta": "@sys.ignore",
        "userDefined": true
      },
      {
        "text": " météo du ",
        "userDefined": false
      },
      {
        "text": "Havre",
        "alias": "address",
        "meta": "@sys.geo-city",
        "userDefined": true
      }
    ],
    "isTemplate": false,
    "count": 0,
    "updated": 1530825355
  },
  {
    "id": "d842f346-c85c-4e8c-b725-29988061e63c",
    "data": [
      {
        "text": "les",
        "meta": "@sys.ignore",
        "userDefined": true
      },
      {
        "text": " prévisions météo pour ",
        "userDefined": false
      },
      {
        "text": "Paris",
        "alias": "address",
        "meta": "@sys.geo-city",
        "userDefined": true
      }
    ],
    "isTemplate": false,
    "count": 3,
    "updated": 1530825355
  },
  {
    "id": "ea91825f-e909-4713-952f-6310e1f1073d",
    "data": [
      {
        "text": "pourrais-tu ",
        "userDefined": false
      },
      {
        "text": "me",
        "meta": "@sys.ignore",
        "userDefined": true
      },
      {
        "text": " donner ",
        "userDefined": false
      },
      {
        "text": "la",
        "meta": "@sys.ignore",
        "userDefined": true
      },
      {
        "text": " météo ",
        "userDefined": false
      },
      {
        "text": "sur",
        "meta": "@sys.ignore",
        "userDefined": true
      },
      {
        "text": " ",
        "userDefined": false
      },
      {
        "text": "Cagny",
        "alias": "address",
        "meta": "@sys.geo-city",
        "userDefined": true
      }
    ],
    "isTemplate": false,
    "count": 1,
    "updated": 1530825355
  },
  {
    "id": "3074a851-d502-40e0-91f8-91cb4dd337ed",
    "data": [
      {
        "text": "Il",
        "meta": "@sys.ignore",
        "userDefined": true
      },
      {
        "text": " fait quel ",
        "userDefined": false
      },
      {
        "text": "temps",
        "meta": "@sys.ignore",
        "userDefined": true
      },
      {
        "text": " à ",
        "userDefined": false
      },
      {
        "text": "Lyon",
        "alias": "address",
        "meta": "@sys.geo-city",
        "userDefined": true
      },
      {
        "text": " ",
        "userDefined": false
      },
      {
        "text": "aujourd\u0027hui",
        "alias": "date-time",
        "meta": "@sys.date-time",
        "userDefined": true
      }
    ],
    "isTemplate": false,
    "count": 0,
    "updated": 1530825355
  },
  {
    "id": "def409dd-f751-43cf-92f4-20d5c9d4938e",
    "data": [
      {
        "text": "quelle ",
        "userDefined": false
      },
      {
        "text": "est",
        "meta": "@sys.ignore",
        "userDefined": true
      },
      {
        "text": " ",
        "userDefined": false
      },
      {
        "text": "la",
        "meta": "@sys.ignore",
        "userDefined": true
      },
      {
        "text": " météo pour ",
        "userDefined": false
      },
      {
        "text": "aujourd\u0027hui",
        "alias": "date-time",
        "meta": "@sys.date-time",
        "userDefined": true
      },
      {
        "text": " pour ",
        "userDefined": false
      },
      {
        "text": "Bayeux",
        "alias": "address",
        "meta": "@sys.geo-city",
        "userDefined": true
      }
    ],
    "isTemplate": false,
    "count": 1,
    "updated": 1530825355
  },
  {
    "id": "2cd60b8d-d6e7-458a-893f-5e29c2aad1fe",
    "data": [
      {
        "text": "quelle météo à ",
        "userDefined": false
      },
      {
        "text": "Dakar",
        "alias": "address",
        "meta": "@sys.geo-city",
        "userDefined": true
      },
      {
        "text": " ",
        "userDefined": false
      },
      {
        "text": "ce soir",
        "meta": "@sys.ignore",
        "userDefined": true
      }
    ],
    "isTemplate": false,
    "count": 0,
    "updated": 1530825355
  },
  {
    "id": "610e212d-92c0-40b6-9fb8-06558b118b0b",
    "data": [
      {
        "text": "il",
        "meta": "@sys.ignore",
        "userDefined": true
      },
      {
        "text": " ",
        "userDefined": false
      },
      {
        "text": "va",
        "meta": "@sys.ignore",
        "userDefined": true
      },
      {
        "text": " faire quel ",
        "userDefined": false
      },
      {
        "text": "temps",
        "meta": "@sys.ignore",
        "userDefined": true
      },
      {
        "text": " ",
        "userDefined": false
      },
      {
        "text": "demain",
        "alias": "date-time",
        "meta": "@sys.date-time",
        "userDefined": true
      }
    ],
    "isTemplate": false,
    "count": 0,
    "updated": 1530825355
  },
  {
    "id": "d3822f22-2efb-4142-85e5-f1459fdf1c2f",
    "data": [
      {
        "text": "quelle ",
        "userDefined": false
      },
      {
        "text": "est",
        "meta": "@sys.ignore",
        "userDefined": true
      },
      {
        "text": " ",
        "userDefined": false
      },
      {
        "text": "la",
        "meta": "@sys.ignore",
        "userDefined": true
      },
      {
        "text": " météo à ",
        "userDefined": false
      },
      {
        "text": "Brest",
        "alias": "address",
        "meta": "@sys.geo-city",
        "userDefined": true
      }
    ],
    "isTemplate": false,
    "count": 0,
    "updated": 1530825355
  },
  {
    "id": "2ac9f7d7-2336-4c7b-b28d-76bd633378c5",
    "data": [
      {
        "text": "quelle ",
        "userDefined": false
      },
      {
        "text": "est",
        "meta": "@sys.ignore",
        "userDefined": true
      },
      {
        "text": " ",
        "userDefined": false
      },
      {
        "text": "la",
        "meta": "@sys.ignore",
        "userDefined": true
      },
      {
        "text": " météo à ",
        "userDefined": false
      },
      {
        "text": "Carcassonne",
        "alias": "address",
        "meta": "@sys.geo-city",
        "userDefined": true
      },
      {
        "text": " ",
        "userDefined": false
      },
      {
        "text": "demain",
        "alias": "date-time",
        "meta": "@sys.date-time",
        "userDefined": true
      }
    ],
    "isTemplate": false,
    "count": 2,
    "updated": 1530825355
  },
  {
    "id": "f714ee89-b4e6-4bc1-b819-dc02989135e1",
    "data": [
      {
        "text": "quelle ",
        "userDefined": false
      },
      {
        "text": "est",
        "meta": "@sys.ignore",
        "userDefined": true
      },
      {
        "text": " ",
        "userDefined": false
      },
      {
        "text": "la",
        "meta": "@sys.ignore",
        "userDefined": true
      },
      {
        "text": " météo d\u0027",
        "userDefined": false
      },
      {
        "text": "aujourd\u0027hui",
        "alias": "date-time",
        "meta": "@sys.date-time",
        "userDefined": true
      }
    ],
    "isTemplate": false,
    "count": 0,
    "updated": 1530825355
  },
  {
    "id": "0938afd7-7ed4-4c69-93eb-e739c3fef387",
    "data": [
      {
        "text": "météo à ",
        "userDefined": false
      },
      {
        "text": "Strasbourg",
        "alias": "address",
        "meta": "@sys.geo-city",
        "userDefined": true
      }
    ],
    "isTemplate": false,
    "count": 0,
    "updated": 1530825355
  },
  {
    "id": "db8747fb-5ce5-4b5c-bcb9-f87528ca43ab",
    "data": [
      {
        "text": "maintenant",
        "meta": "@sys.ignore",
        "userDefined": true
      },
      {
        "text": " ",
        "userDefined": false
      },
      {
        "text": "la",
        "meta": "@sys.ignore",
        "userDefined": true
      },
      {
        "text": " météo",
        "userDefined": false
      }
    ],
    "isTemplate": false,
    "count": 1,
    "updated": 1530825355
  },
  {
    "id": "ccf50f28-d5f6-4cda-8fc1-1ff862f3082f",
    "data": [
      {
        "text": "quelle ",
        "userDefined": false
      },
      {
        "text": "est",
        "meta": "@sys.ignore",
        "userDefined": true
      },
      {
        "text": " ",
        "userDefined": false
      },
      {
        "text": "la",
        "meta": "@sys.ignore",
        "userDefined": true
      },
      {
        "text": " météo à ",
        "userDefined": false
      },
      {
        "text": "Nevers",
        "alias": "address",
        "meta": "@sys.geo-city",
        "userDefined": true
      }
    ],
    "isTemplate": false,
    "count": 0,
    "updated": 1530825355
  },
  {
    "id": "86a2b16e-a52a-4718-a3ee-aa8d90155d29",
    "data": [
      {
        "text": "quelle météo sera ",
        "userDefined": false
      },
      {
        "text": "jeudi",
        "alias": "date-time",
        "meta": "@sys.date-time",
        "userDefined": true
      }
    ],
    "isTemplate": false,
    "count": 0,
    "updated": 1530825355
  },
  {
    "id": "f94984df-34c2-403a-86f8-d26dab16c1a4",
    "data": [
      {
        "text": "le temps",
        "meta": "@sys.ignore",
        "userDefined": true
      },
      {
        "text": " à ",
        "userDefined": false
      },
      {
        "text": "Paris",
        "alias": "address",
        "meta": "@sys.geo-city",
        "userDefined": true
      }
    ],
    "isTemplate": false,
    "count": 2,
    "updated": 1530825355
  },
  {
    "id": "ba76d16b-8b68-4279-bfbc-20c3053a056a",
    "data": [
      {
        "text": "montre-moi quel ",
        "userDefined": false
      },
      {
        "text": "temps",
        "meta": "@sys.ignore",
        "userDefined": true
      },
      {
        "text": " ",
        "userDefined": false
      },
      {
        "text": "il",
        "meta": "@sys.ignore",
        "userDefined": true
      },
      {
        "text": " fait à ",
        "userDefined": false
      },
      {
        "text": "Paris",
        "alias": "address",
        "meta": "@sys.geo-city",
        "userDefined": true
      }
    ],
    "isTemplate": false,
    "count": 1,
    "updated": 1530825355
  },
  {
    "id": "49fe4431-e36a-48c4-abe5-0d75fb2708bf",
    "data": [
      {
        "text": "prévisions météo ",
        "userDefined": false
      },
      {
        "text": "Paris",
        "alias": "address",
        "meta": "@sys.geo-city",
        "userDefined": true
      }
    ],
    "isTemplate": false,
    "count": 3,
    "updated": 1530825355
  },
  {
    "id": "db4eaa57-031f-4a93-a977-0308ee401f65",
    "data": [
      {
        "text": "prévisions météorologiques pour ",
        "userDefined": false
      },
      {
        "text": "Calimera",
        "alias": "address",
        "meta": "@sys.geo-city",
        "userDefined": true
      }
    ],
    "isTemplate": false,
    "count": 0,
    "updated": 1530825355
  },
  {
    "id": "090234d9-6c8f-46a1-b63d-aed2e37bbc8b",
    "data": [
      {
        "text": "prévisions météo ",
        "userDefined": false
      },
      {
        "text": "de la semaine",
        "alias": "date-time",
        "meta": "@sys.date-time",
        "userDefined": true
      }
    ],
    "isTemplate": false,
    "count": 0,
    "updated": 1530825355
  },
  {
    "id": "e18f52a6-61f4-4690-9e7a-7d1aa14e7d7e",
    "data": [
      {
        "text": "j\u0027aimerais",
        "meta": "@sys.ignore",
        "userDefined": true
      },
      {
        "text": " avoir ",
        "userDefined": false
      },
      {
        "text": "la",
        "meta": "@sys.ignore",
        "userDefined": true
      },
      {
        "text": " météo d\u0027",
        "userDefined": false
      },
      {
        "text": "aujourd\u0027hui",
        "alias": "date-time",
        "meta": "@sys.date-time",
        "userDefined": true
      },
      {
        "text": " ",
        "userDefined": false
      },
      {
        "text": "s",
        "meta": "@sys.ignore",
        "userDefined": true
      },
      {
        "text": "\u0027",
        "userDefined": false
      },
      {
        "text": "il",
        "meta": "@sys.ignore",
        "userDefined": true
      },
      {
        "text": " te plaît",
        "userDefined": false
      }
    ],
    "isTemplate": false,
    "count": 0,
    "updated": 1530825355
  },
  {
    "id": "7f379c07-6a77-4f49-ba46-d5fcec6fe800",
    "data": [
      {
        "text": "quelle ",
        "userDefined": false
      },
      {
        "text": "est",
        "meta": "@sys.ignore",
        "userDefined": true
      },
      {
        "text": " ",
        "userDefined": false
      },
      {
        "text": "la",
        "meta": "@sys.ignore",
        "userDefined": true
      },
      {
        "text": " météo ",
        "userDefined": false
      },
      {
        "text": "de",
        "meta": "@sys.ignore",
        "userDefined": true
      },
      {
        "text": " ",
        "userDefined": false
      },
      {
        "text": "Libreville",
        "alias": "address",
        "meta": "@sys.geo-city",
        "userDefined": true
      }
    ],
    "isTemplate": false,
    "count": 0,
    "updated": 1530825355
  },
  {
    "id": "b7ae356c-c83c-442a-a216-4b75b0efc6e0",
    "data": [
      {
        "text": "quelle ",
        "userDefined": false
      },
      {
        "text": "est",
        "meta": "@sys.ignore",
        "userDefined": true
      },
      {
        "text": " ",
        "userDefined": false
      },
      {
        "text": "la",
        "meta": "@sys.ignore",
        "userDefined": true
      },
      {
        "text": " météo à ",
        "userDefined": false
      },
      {
        "text": "Audenge",
        "alias": "address",
        "meta": "@sys.geo-city",
        "userDefined": true
      },
      {
        "text": " ",
        "userDefined": false
      },
      {
        "text": "jeudi",
        "alias": "date-time",
        "meta": "@sys.date-time",
        "userDefined": true
      }
    ],
    "isTemplate": false,
    "count": 1,
    "updated": 1530825355
  },
  {
    "id": "eadb7fa1-64b9-4fc8-bb52-888e68c43060",
    "data": [
      {
        "text": "quel ",
        "userDefined": false
      },
      {
        "text": "est",
        "meta": "@sys.ignore",
        "userDefined": true
      },
      {
        "text": " ",
        "userDefined": false
      },
      {
        "text": "le temps",
        "meta": "@sys.ignore",
        "userDefined": true
      },
      {
        "text": " à ",
        "userDefined": false
      },
      {
        "text": "Pénestin",
        "alias": "address",
        "meta": "@sys.geo-city",
        "userDefined": true
      }
    ],
    "isTemplate": false,
    "count": 0,
    "updated": 1530825355
  },
  {
    "id": "cad5a7d8-fdc8-4c1e-acef-197f28231412",
    "data": [
      {
        "text": "quel ",
        "userDefined": false
      },
      {
        "text": "est",
        "meta": "@sys.ignore",
        "userDefined": true
      },
      {
        "text": " ",
        "userDefined": false
      },
      {
        "text": "le temps",
        "meta": "@sys.ignore",
        "userDefined": true
      },
      {
        "text": " à ",
        "userDefined": false
      },
      {
        "text": "Paris",
        "alias": "address",
        "meta": "@sys.geo-city",
        "userDefined": true
      }
    ],
    "isTemplate": false,
    "count": 4,
    "updated": 1530825355
  },
  {
    "id": "7c47c2d1-d84f-47dd-a07d-8bbc1fb360da",
    "data": [
      {
        "text": "la",
        "meta": "@sys.ignore",
        "userDefined": true
      },
      {
        "text": " météo ",
        "userDefined": false
      },
      {
        "text": "s",
        "meta": "@sys.ignore",
        "userDefined": true
      },
      {
        "text": "\u0027",
        "userDefined": false
      },
      {
        "text": "il",
        "meta": "@sys.ignore",
        "userDefined": true
      },
      {
        "text": " vous plaît",
        "userDefined": false
      }
    ],
    "isTemplate": false,
    "count": 0,
    "updated": 1530825355
  },
  {
    "id": "eb22a8ee-adc7-427c-aaa7-514db7bf6556",
    "data": [
      {
        "text": "les",
        "meta": "@sys.ignore",
        "userDefined": true
      },
      {
        "text": " prévisions météo pour ",
        "userDefined": false
      },
      {
        "text": "la",
        "meta": "@sys.ignore",
        "userDefined": true
      },
      {
        "text": " ",
        "userDefined": false
      },
      {
        "text": "Sarthe",
        "alias": "address",
        "meta": "@sys.geo-city",
        "userDefined": true
      }
    ],
    "isTemplate": false,
    "count": 0,
    "updated": 1530825355
  },
  {
    "id": "e53a92ae-405d-48d1-b7f9-8b8d1ab5ca7f",
    "data": [
      {
        "text": "météo pour ",
        "userDefined": false
      },
      {
        "text": "Drummondville",
        "alias": "address",
        "meta": "@sys.geo-city",
        "userDefined": true
      }
    ],
    "isTemplate": false,
    "count": 0,
    "updated": 1530825355
  },
  {
    "id": "a847fa62-f345-48fd-b2bd-0d26c58d9903",
    "data": [
      {
        "text": "quel temps fera-t-il à ",
        "userDefined": false
      },
      {
        "text": "Paris",
        "alias": "address",
        "meta": "@sys.geo-city",
        "userDefined": true
      },
      {
        "text": " ",
        "userDefined": false
      },
      {
        "text": "demain",
        "alias": "date-time",
        "meta": "@sys.date-time",
        "userDefined": true
      }
    ],
    "isTemplate": false,
    "count": 1,
    "updated": 1530825355
  },
  {
    "id": "2a0c5d6c-5868-44dd-8b3f-5994a4c40bed",
    "data": [
      {
        "text": "tu peux ",
        "userDefined": false
      },
      {
        "text": "me",
        "meta": "@sys.ignore",
        "userDefined": true
      },
      {
        "text": " donner ",
        "userDefined": false
      },
      {
        "text": "la",
        "meta": "@sys.ignore",
        "userDefined": true
      },
      {
        "text": " météo",
        "userDefined": false
      }
    ],
    "isTemplate": false,
    "count": 0,
    "updated": 1530825355
  },
  {
    "id": "698d2597-ec4e-4557-b6c1-103bd3b1bf82",
    "data": [
      {
        "text": "les",
        "meta": "@sys.ignore",
        "userDefined": true
      },
      {
        "text": " prévisions météo pour ",
        "userDefined": false
      },
      {
        "text": "Le Mans",
        "alias": "address",
        "meta": "@sys.geo-city",
        "userDefined": true
      }
    ],
    "isTemplate": false,
    "count": 0,
    "updated": 1530825355
  },
  {
    "id": "89958dd1-ffd0-478c-9565-028df9bdb0a9",
    "data": [
      {
        "text": "dis-moi ",
        "userDefined": false
      },
      {
        "text": "la",
        "meta": "@sys.ignore",
        "userDefined": true
      },
      {
        "text": " météo à ",
        "userDefined": false
      },
      {
        "text": "Moscou",
        "alias": "address",
        "meta": "@sys.geo-city",
        "userDefined": true
      },
      {
        "text": " pour ",
        "userDefined": false
      },
      {
        "text": "demain",
        "alias": "date-time",
        "meta": "@sys.date-time",
        "userDefined": true
      }
    ],
    "isTemplate": false,
    "count": 1,
    "updated": 1530825355
  },
  {
    "id": "f395743d-b3e2-480c-bba4-a5d11ae8818d",
    "data": [
      {
        "text": "quel ",
        "userDefined": false
      },
      {
        "text": "temps",
        "meta": "@sys.ignore",
        "userDefined": true
      },
      {
        "text": " ",
        "userDefined": false
      },
      {
        "text": "est",
        "meta": "@sys.ignore",
        "userDefined": true
      },
      {
        "text": " prévu ",
        "userDefined": false
      },
      {
        "text": "aujourd\u0027hui",
        "alias": "date-time",
        "meta": "@sys.date-time",
        "userDefined": true
      }
    ],
    "isTemplate": false,
    "count": 2,
    "updated": 1530825355
  },
  {
    "id": "41e2ddae-252d-48ef-911d-6fb74c097975",
    "data": [
      {
        "text": "s",
        "meta": "@sys.ignore",
        "userDefined": true
      },
      {
        "text": "\u0027",
        "userDefined": false
      },
      {
        "text": "il",
        "meta": "@sys.ignore",
        "userDefined": true
      },
      {
        "text": " te plaît ",
        "userDefined": false
      },
      {
        "text": "la",
        "meta": "@sys.ignore",
        "userDefined": true
      },
      {
        "text": " météo à ",
        "userDefined": false
      },
      {
        "text": "Marrakech",
        "alias": "address",
        "meta": "@sys.geo-city",
        "userDefined": true
      }
    ],
    "isTemplate": false,
    "count": 0,
    "updated": 1530825355
  },
  {
    "id": "5afd215f-e74f-4f9d-af1d-11571b6c925e",
    "data": [
      {
        "text": "quelle ",
        "userDefined": false
      },
      {
        "text": "est",
        "meta": "@sys.ignore",
        "userDefined": true
      },
      {
        "text": " ",
        "userDefined": false
      },
      {
        "text": "la",
        "meta": "@sys.ignore",
        "userDefined": true
      },
      {
        "text": " météo ",
        "userDefined": false
      },
      {
        "text": "aujourd\u0027hui",
        "alias": "date-time",
        "meta": "@sys.date-time",
        "userDefined": true
      },
      {
        "text": " à ",
        "userDefined": false
      },
      {
        "text": "Paris",
        "alias": "address",
        "meta": "@sys.geo-city",
        "userDefined": true
      }
    ],
    "isTemplate": false,
    "count": 0,
    "updated": 1530825355
  },
  {
    "id": "7930dc39-39e5-4302-847c-8666a793aa8c",
    "data": [
      {
        "text": "météo ",
        "userDefined": false
      },
      {
        "text": "de",
        "meta": "@sys.ignore",
        "userDefined": true
      },
      {
        "text": " ",
        "userDefined": false
      },
      {
        "text": "aujourd\u0027hui",
        "alias": "date-time",
        "meta": "@sys.date-time",
        "userDefined": true
      },
      {
        "text": " pour ",
        "userDefined": false
      },
      {
        "text": "Bruxelles",
        "alias": "address",
        "meta": "@sys.geo-city",
        "userDefined": true
      }
    ],
    "isTemplate": false,
    "count": 0,
    "updated": 1530825355
  },
  {
    "id": "4a7f7857-d788-421b-88c9-78dd105bd534",
    "data": [
      {
        "text": "je",
        "meta": "@sys.ignore",
        "userDefined": true
      },
      {
        "text": " voudrais ",
        "userDefined": false
      },
      {
        "text": "savoir",
        "meta": "@sys.ignore",
        "userDefined": true
      },
      {
        "text": " ",
        "userDefined": false
      },
      {
        "text": "le temps",
        "meta": "@sys.ignore",
        "userDefined": true
      },
      {
        "text": " qu\u0027",
        "userDefined": false
      },
      {
        "text": "il",
        "meta": "@sys.ignore",
        "userDefined": true
      },
      {
        "text": " fait à ",
        "userDefined": false
      },
      {
        "text": "Lescar",
        "alias": "address",
        "meta": "@sys.geo-city",
        "userDefined": true
      }
    ],
    "isTemplate": false,
    "count": 0,
    "updated": 1530825355
  },
  {
    "id": "be518454-2598-4dd9-a027-50d46c880ed9",
    "data": [
      {
        "text": "le temps",
        "meta": "@sys.ignore",
        "userDefined": true
      },
      {
        "text": " ",
        "userDefined": false
      },
      {
        "text": "sur",
        "meta": "@sys.ignore",
        "userDefined": true
      },
      {
        "text": " ",
        "userDefined": false
      },
      {
        "text": "Nancy",
        "alias": "address",
        "meta": "@sys.geo-city",
        "userDefined": true
      }
    ],
    "isTemplate": false,
    "count": 0,
    "updated": 1530825355
  },
  {
    "id": "0ebf7a69-f4ab-481b-a010-6d9396e0cb74",
    "data": [
      {
        "text": "quelle sera ",
        "userDefined": false
      },
      {
        "text": "la",
        "meta": "@sys.ignore",
        "userDefined": true
      },
      {
        "text": " météo ",
        "userDefined": false
      },
      {
        "text": "de",
        "meta": "@sys.ignore",
        "userDefined": true
      },
      {
        "text": " ",
        "userDefined": false
      },
      {
        "text": "jeudi",
        "alias": "date-time",
        "meta": "@sys.date-time",
        "userDefined": true
      },
      {
        "text": " à ",
        "userDefined": false
      },
      {
        "text": "Lanton",
        "alias": "address",
        "meta": "@sys.geo-city",
        "userDefined": true
      }
    ],
    "isTemplate": false,
    "count": 1,
    "updated": 1530825355
  },
  {
    "id": "79a3fa0b-c005-4ee5-bc14-2ccff40f88f7",
    "data": [
      {
        "text": "peux-tu ",
        "userDefined": false
      },
      {
        "text": "m",
        "meta": "@sys.ignore",
        "userDefined": true
      },
      {
        "text": "\u0027afficher ",
        "userDefined": false
      },
      {
        "text": "la",
        "meta": "@sys.ignore",
        "userDefined": true
      },
      {
        "text": " météo de ",
        "userDefined": false
      },
      {
        "text": "Paris",
        "alias": "address",
        "meta": "@sys.geo-city",
        "userDefined": true
      }
    ],
    "isTemplate": false,
    "count": 1,
    "updated": 1530825355
  },
  {
    "id": "b2ea3e09-00b0-4987-8bb1-510422493881",
    "data": [
      {
        "text": "peux-tu ",
        "userDefined": false
      },
      {
        "text": "me",
        "meta": "@sys.ignore",
        "userDefined": true
      },
      {
        "text": " dire quel ",
        "userDefined": false
      },
      {
        "text": "temps",
        "meta": "@sys.ignore",
        "userDefined": true
      },
      {
        "text": " ",
        "userDefined": false
      },
      {
        "text": "il",
        "meta": "@sys.ignore",
        "userDefined": true
      },
      {
        "text": " fait",
        "userDefined": false
      }
    ],
    "isTemplate": false,
    "count": 0,
    "updated": 1530825355
  },
  {
    "id": "4c3423dd-a0b9-45d6-acbe-ead4ffd93882",
    "data": [
      {
        "text": "météo à ",
        "userDefined": false
      },
      {
        "text": "New York",
        "alias": "address",
        "meta": "@sys.geo-city",
        "userDefined": false
      },
      {
        "text": " ",
        "userDefined": false
      },
      {
        "text": "ce matin",
        "alias": "date-time",
        "meta": "@sys.date-time",
        "userDefined": false
      }
    ],
    "isTemplate": false,
    "count": 1,
    "updated": 1530825355
  },
  {
    "id": "d1b29ef6-a590-4bd1-b655-1b36ac27304b",
    "data": [
      {
        "text": "le temps",
        "meta": "@sys.ignore",
        "userDefined": true
      },
      {
        "text": " sur ",
        "userDefined": false
      },
      {
        "text": "Paris",
        "alias": "address",
        "meta": "@sys.geo-city",
        "userDefined": true
      }
    ],
    "isTemplate": false,
    "count": 1,
    "updated": 1530825355
  },
  {
    "id": "5fd26d61-64ed-4fb4-ace6-0f145e65d6a6",
    "data": [
      {
        "text": "quelle ",
        "userDefined": false
      },
      {
        "text": "est",
        "meta": "@sys.ignore",
        "userDefined": true
      },
      {
        "text": " ",
        "userDefined": false
      },
      {
        "text": "la",
        "meta": "@sys.ignore",
        "userDefined": true
      },
      {
        "text": " météo ",
        "userDefined": false
      },
      {
        "text": "s",
        "meta": "@sys.ignore",
        "userDefined": true
      },
      {
        "text": "\u0027",
        "userDefined": false
      },
      {
        "text": "il",
        "meta": "@sys.ignore",
        "userDefined": true
      },
      {
        "text": " te plaît",
        "userDefined": false
      }
    ],
    "isTemplate": false,
    "count": 0,
    "updated": 1530825355
  },
  {
    "id": "bc95eeb1-1dba-454e-9aa1-3040a1db95c3",
    "data": [
      {
        "text": "tu peux me montrer la météo d\u0027",
        "userDefined": false
      },
      {
        "text": "aujourd\u0027hui",
        "alias": "date-time",
        "meta": "@sys.date-time",
        "userDefined": true
      },
      {
        "text": " ici",
        "userDefined": false
      }
    ],
    "isTemplate": false,
    "count": 1,
    "updated": 1530825355
  },
  {
    "id": "3a16bc10-112c-40eb-8959-3cef3ea6cf7f",
    "data": [
      {
        "text": "météo à ",
        "userDefined": false
      },
      {
        "text": "Marseille",
        "alias": "address",
        "meta": "@sys.geo-city",
        "userDefined": true
      },
      {
        "text": " pour ",
        "userDefined": false
      },
      {
        "text": "aujourd\u0027hui",
        "alias": "date-time",
        "meta": "@sys.date-time",
        "userDefined": true
      }
    ],
    "isTemplate": false,
    "count": 0,
    "updated": 1530825355
  },
  {
    "id": "a7c0fe24-1300-46a0-88ae-e9f6aa83940f",
    "data": [
      {
        "text": "dis-moi",
        "meta": "@sys.ignore",
        "userDefined": true
      },
      {
        "text": " ",
        "userDefined": false
      },
      {
        "text": "la",
        "meta": "@sys.ignore",
        "userDefined": true
      },
      {
        "text": " météo",
        "userDefined": false
      }
    ],
    "isTemplate": false,
    "count": 0,
    "updated": 1530825355
  },
  {
    "id": "bd943009-2764-4ada-b0ee-ab5b49d79d25",
    "data": [
      {
        "text": "bonjour",
        "meta": "@sys.ignore",
        "userDefined": true
      },
      {
        "text": " ",
        "userDefined": false
      },
      {
        "text": "la",
        "meta": "@sys.ignore",
        "userDefined": true
      },
      {
        "text": " meteo ",
        "userDefined": false
      },
      {
        "text": "sur",
        "meta": "@sys.ignore",
        "userDefined": true
      },
      {
        "text": " ",
        "userDefined": false
      },
      {
        "text": "Reims",
        "alias": "address",
        "meta": "@sys.geo-city",
        "userDefined": true
      },
      {
        "text": " ",
        "userDefined": false
      },
      {
        "text": "cette semaine",
        "meta": "@sys.ignore",
        "userDefined": true
      }
    ],
    "isTemplate": false,
    "count": 0,
    "updated": 1530825355
  },
  {
    "id": "966d3fa5-6ff7-427f-b961-9436ca31f7e5",
    "data": [
      {
        "text": "météo ",
        "userDefined": false
      },
      {
        "text": "de",
        "meta": "@sys.ignore",
        "userDefined": true
      },
      {
        "text": " ",
        "userDefined": false
      },
      {
        "text": "Tours",
        "alias": "address",
        "meta": "@sys.geo-city",
        "userDefined": true
      }
    ],
    "isTemplate": false,
    "count": 0,
    "updated": 1530825355
  },
  {
    "id": "67541532-a78e-4b3b-abcd-c1e342293c26",
    "data": [
      {
        "text": "quelle ",
        "userDefined": false
      },
      {
        "text": "est",
        "meta": "@sys.ignore",
        "userDefined": true
      },
      {
        "text": " ",
        "userDefined": false
      },
      {
        "text": "la",
        "meta": "@sys.ignore",
        "userDefined": true
      },
      {
        "text": " météo pour ",
        "userDefined": false
      },
      {
        "text": "aujourd\u0027hui",
        "alias": "date-time",
        "meta": "@sys.date-time",
        "userDefined": true
      }
    ],
    "isTemplate": false,
    "count": 0,
    "updated": 1530825355
  },
  {
    "id": "d6b5d306-afc5-4518-85e2-ca2996f21f57",
    "data": [
      {
        "text": "la",
        "meta": "@sys.ignore",
        "userDefined": true
      },
      {
        "text": " météo pour ",
        "userDefined": false
      },
      {
        "text": "Alger",
        "alias": "address",
        "meta": "@sys.geo-city",
        "userDefined": true
      },
      {
        "text": " ",
        "userDefined": false
      },
      {
        "text": "aujourd\u0027hui",
        "alias": "date-time",
        "meta": "@sys.date-time",
        "userDefined": true
      }
    ],
    "isTemplate": false,
    "count": 0,
    "updated": 1530825355
  },
  {
    "id": "d3518f82-634c-46ae-8409-e8109bafbe17",
    "data": [
      {
        "text": "quelle ",
        "userDefined": false
      },
      {
        "text": "est",
        "meta": "@sys.ignore",
        "userDefined": true
      },
      {
        "text": " ",
        "userDefined": false
      },
      {
        "text": "la",
        "meta": "@sys.ignore",
        "userDefined": true
      },
      {
        "text": " météo pour ",
        "userDefined": false
      },
      {
        "text": "aujourd\u0027hui",
        "alias": "date-time",
        "meta": "@sys.date-time",
        "userDefined": true
      },
      {
        "text": " ",
        "userDefined": false
      },
      {
        "text": "sur",
        "meta": "@sys.ignore",
        "userDefined": true
      },
      {
        "text": " ",
        "userDefined": false
      },
      {
        "text": "la",
        "meta": "@sys.ignore",
        "userDefined": true
      },
      {
        "text": " ville ",
        "userDefined": false
      },
      {
        "text": "de",
        "meta": "@sys.ignore",
        "userDefined": true
      },
      {
        "text": " ",
        "userDefined": false
      },
      {
        "text": "Troyes",
        "alias": "address",
        "meta": "@sys.geo-city",
        "userDefined": true
      }
    ],
    "isTemplate": false,
    "count": 0,
    "updated": 1530825355
  },
  {
    "id": "326d42a7-60b9-40ef-8e47-eb6ab92b16b2",
    "data": [
      {
        "text": "météo ",
        "userDefined": false
      },
      {
        "text": "pour la semaine",
        "alias": "date-time",
        "meta": "@sys.date-time",
        "userDefined": true
      }
    ],
    "isTemplate": false,
    "count": 0,
    "updated": 1530825355
  },
  {
    "id": "277a2ead-a0a1-414b-b04e-b801cbb42bb6",
    "data": [
      {
        "text": "tu peux ",
        "userDefined": false
      },
      {
        "text": "me",
        "meta": "@sys.ignore",
        "userDefined": true
      },
      {
        "text": " dicter ",
        "userDefined": false
      },
      {
        "text": "la",
        "meta": "@sys.ignore",
        "userDefined": true
      },
      {
        "text": " météo pour ",
        "userDefined": false
      },
      {
        "text": "demain",
        "alias": "date-time",
        "meta": "@sys.date-time",
        "userDefined": true
      }
    ],
    "isTemplate": false,
    "count": 0,
    "updated": 1530825355
  },
  {
    "id": "5ce94063-be64-4bca-9c2d-f1e5bd9dd054",
    "data": [
      {
        "text": "prévisions météo pour ",
        "userDefined": false
      },
      {
        "text": "Oslo",
        "alias": "address",
        "meta": "@sys.geo-city",
        "userDefined": true
      },
      {
        "text": " ",
        "userDefined": false
      },
      {
        "text": "demain",
        "alias": "date-time",
        "meta": "@sys.date-time",
        "userDefined": true
      }
    ],
    "isTemplate": false,
    "count": 0,
    "updated": 1530825355
  }
]