[
  {
    "id": "3b218a75-854f-40b9-90b3-72d3cd9ab55f",
    "data": [
      {
        "text": "今天",
        "alias": "date-time",
        "meta": "@sys.date-time",
        "userDefined": false
      },
      {
        "text": "台北",
        "alias": "address",
        "meta": "@sys.address",
        "userDefined": false
      },
      {
        "text": "天",
        "meta": "@sys.ignore",
        "userDefined": false
      },
      {
        "text": "气如",
        "userDefined": false
      },
      {
        "text": "何",
        "meta": "@sys.ignore",
        "userDefined": false
      }
    ],
    "isTemplate": false,
    "count": 0,
    "updated": 0
  },
  {
    "id": "6c85dbb9-890a-4874-b7b7-0ee3bc5d7ba4",
    "data": [
      {
        "text": "用着",
        "userDefined": false
      },
      {
        "text": "摄氏度",
        "alias": "unit",
        "meta": "@unit-temperature",
        "userDefined": true
      },
      {
        "text": "显示天气",
        "userDefined": false
      }
    ],
    "isTemplate": false,
    "count": 0,
    "updated": 0
  },
  {
    "id": "25551c6e-d292-4cd4-a3b5-6ed404ffa7cc",
    "data": [
      {
        "text": "天气",
        "userDefined": false
      }
    ],
    "isTemplate": false,
    "count": 1,
    "updated": 0
  },
  {
    "id": "f8ba1b4b-8029-4aa4-95ea-a74818535e52",
    "data": [
      {
        "text": "9/4",
        "alias": "date-time",
        "meta": "@sys.date-time",
        "userDefined": true
      },
      {
        "text": "天气如何",
        "userDefined": false
      }
    ],
    "isTemplate": false,
    "count": 0,
    "updated": 0
  },
  {
    "id": "fc86c622-8838-4450-9771-d169b4e6c2eb",
    "data": [
      {
        "text": "北京",
        "alias": "address",
        "meta": "@sys.address",
        "userDefined": true
      },
      {
        "text": "今天",
        "alias": "date-time",
        "meta": "@sys.date-time",
        "userDefined": true
      },
      {
        "text": "的天气如何",
        "userDefined": false
      }
    ],
    "isTemplate": false,
    "count": 0,
    "updated": 0
  },
  {
    "id": "01af69fa-1745-4654-b838-a1082ead52d1",
    "data": [
      {
        "text": "昨天",
        "alias": "date-time",
        "meta": "@sys.date-time",
        "userDefined": true
      },
      {
        "text": "什么",
        "userDefined": false
      },
      {
        "text": "天",
        "meta": "@sys.ignore",
        "userDefined": false
      },
      {
        "text": "气",
        "userDefined": false
      }
    ],
    "isTemplate": false,
    "count": 0,
    "updated": 0
  },
  {
    "id": "29b026ce-8939-41f6-9e91-0eb1ef82b1eb",
    "data": [
      {
        "text": "厦门",
        "alias": "address",
        "meta": "@sys.address",
        "userDefined": true
      },
      {
        "text": "啥天气",
        "userDefined": false
      }
    ],
    "isTemplate": false,
    "count": 0,
    "updated": 0
  },
  {
    "id": "e298f2ef-9b58-41b8-8f17-c49752274b97",
    "data": [
      {
        "text": "三天后",
        "alias": "date-time",
        "meta": "@sys.date-time",
        "userDefined": true
      },
      {
        "text": "台北",
        "alias": "address",
        "meta": "@sys.address",
        "userDefined": false
      },
      {
        "text": "的",
        "meta": "@sys.ignore",
        "userDefined": false
      },
      {
        "text": "天",
        "meta": "@sys.ignore",
        "userDefined": false
      },
      {
        "text": "气",
        "userDefined": false
      }
    ],
    "isTemplate": false,
    "count": 0,
    "updated": 0
  },
  {
    "id": "dfe99d80-e290-4069-a746-2904c40f1b6b",
    "data": [
      {
        "text": "明天",
        "alias": "date-time",
        "meta": "@sys.date-time",
        "userDefined": true
      },
      {
        "text": "天气多少",
        "userDefined": false
      },
      {
        "text": "摄氏度",
        "alias": "unit",
        "meta": "@unit-temperature",
        "userDefined": true
      }
    ],
    "isTemplate": false,
    "count": 0,
    "updated": 0
  },
  {
    "id": "817e1088-6464-46f1-ae23-f8db7268519f",
    "data": [
      {
        "text": "今天",
        "alias": "date-time",
        "meta": "@sys.date-time",
        "userDefined": true
      },
      {
        "text": "台北市",
        "alias": "address",
        "meta": "@sys.address",
        "userDefined": false
      },
      {
        "text": "的",
        "meta": "@sys.ignore",
        "userDefined": false
      },
      {
        "text": "天",
        "meta": "@sys.ignore",
        "userDefined": false
      },
      {
        "text": "气如",
        "userDefined": false
      },
      {
        "text": "何",
        "meta": "@sys.ignore",
        "userDefined": false
      }
    ],
    "isTemplate": false,
    "count": 0,
    "updated": 0
  },
  {
    "id": "2564ad4b-90cb-49a1-85c0-49a62e49283e",
    "data": [
      {
        "text": "不好意思可以帮我查",
        "userDefined": false
      },
      {
        "text": "香港",
        "alias": "address",
        "meta": "@sys.address",
        "userDefined": true
      },
      {
        "text": "的天气",
        "userDefined": false
      }
    ],
    "isTemplate": false,
    "count": 0,
    "updated": 0
  },
  {
    "id": "ceb64338-c0e2-4628-8dd2-f54b6219f496",
    "data": [
      {
        "text": "昨天",
        "alias": "date-time",
        "meta": "@sys.date-time",
        "userDefined": true
      },
      {
        "text": "几度",
        "userDefined": false
      }
    ],
    "isTemplate": false,
    "count": 0,
    "updated": 0
  },
  {
    "id": "4cc9fa66-4e86-4d85-bb48-f61798717e5a",
    "data": [
      {
        "text": "杭州",
        "alias": "address",
        "meta": "@sys.address",
        "userDefined": true
      },
      {
        "text": "今天",
        "alias": "date-time",
        "meta": "@sys.date-time",
        "userDefined": true
      },
      {
        "text": "的天气怎么样",
        "userDefined": false
      }
    ],
    "isTemplate": false,
    "count": 0,
    "updated": 0
  },
  {
    "id": "2b4f44cf-ae3f-419f-b3bd-6157bfd74b4f",
    "data": [
      {
        "text": "今天",
        "alias": "date-time",
        "meta": "@sys.date-time",
        "userDefined": false
      },
      {
        "text": "台中",
        "meta": "@sys.ignore",
        "userDefined": false
      },
      {
        "text": "天",
        "meta": "@sys.ignore",
        "userDefined": false
      },
      {
        "text": "气如",
        "userDefined": false
      },
      {
        "text": "何",
        "meta": "@sys.ignore",
        "userDefined": false
      }
    ],
    "isTemplate": false,
    "count": 0,
    "updated": 0
  },
  {
    "id": "fe71d74e-61a8-446c-abb2-2baca573acf5",
    "data": [
      {
        "text": "下个星期五",
        "alias": "date-time",
        "meta": "@sys.date-time",
        "userDefined": true
      },
      {
        "text": "台北",
        "alias": "address",
        "meta": "@sys.address",
        "userDefined": false
      },
      {
        "text": "是不是",
        "userDefined": false
      },
      {
        "text": "天",
        "meta": "@sys.ignore",
        "userDefined": false
      },
      {
        "text": "气",
        "userDefined": false
      },
      {
        "text": "好",
        "meta": "@sys.ignore",
        "userDefined": false
      },
      {
        "text": "吗",
        "userDefined": false
      }
    ],
    "isTemplate": false,
    "count": 0,
    "updated": 0
  },
  {
    "id": "5274e338-2e1d-4852-9889-d6811ed5b362",
    "data": [
      {
        "text": "今天",
        "alias": "date-time",
        "meta": "@sys.date-time",
        "userDefined": false
      },
      {
        "text": "台北",
        "alias": "address",
        "meta": "@sys.address",
        "userDefined": false
      },
      {
        "text": "的",
        "meta": "@sys.ignore",
        "userDefined": false
      },
      {
        "text": "天",
        "meta": "@sys.ignore",
        "userDefined": false
      },
      {
        "text": "气如",
        "userDefined": false
      },
      {
        "text": "何",
        "meta": "@sys.ignore",
        "userDefined": false
      }
    ],
    "isTemplate": false,
    "count": 0,
    "updated": 0
  },
  {
    "id": "e96dc733-983b-4d2e-8662-678b0c9517d0",
    "data": [
      {
        "text": "今天",
        "alias": "date-time",
        "meta": "@sys.date-time",
        "userDefined": false
      },
      {
        "text": "天",
        "meta": "@sys.ignore",
        "userDefined": false
      },
      {
        "text": "气",
        "userDefined": false
      }
    ],
    "isTemplate": false,
    "count": 0,
    "updated": 0
  },
  {
    "id": "c8d82a09-b897-4cf1-8fc0-474374c9e8fc",
    "data": [
      {
        "text": "上海",
        "alias": "address",
        "meta": "@sys.address",
        "userDefined": true
      },
      {
        "text": "什么天气",
        "userDefined": false
      }
    ],
    "isTemplate": false,
    "count": 0,
    "updated": 0
  },
  {
    "id": "9c7f0308-8541-450b-aa61-53562d276b8b",
    "data": [
      {
        "text": "明天",
        "alias": "date-time",
        "meta": "@sys.date-time",
        "userDefined": true
      },
      {
        "text": "台北",
        "alias": "address",
        "meta": "@sys.address",
        "userDefined": false
      },
      {
        "text": "天",
        "meta": "@sys.ignore",
        "userDefined": false
      },
      {
        "text": "气",
        "userDefined": false
      }
    ],
    "isTemplate": false,
    "count": 0,
    "updated": 0
  },
  {
    "id": "3ebba4e3-4b8d-41a5-b5f7-ccbd5da3dd13",
    "data": [
      {
        "text": "今天",
        "alias": "date-time",
        "meta": "@sys.date-time",
        "userDefined": true
      },
      {
        "text": "上海",
        "alias": "address",
        "meta": "@sys.address",
        "userDefined": true
      },
      {
        "text": "的天气",
        "userDefined": false
      }
    ],
    "isTemplate": false,
    "count": 0,
    "updated": 0
  },
  {
    "id": "ea499926-5ae7-41e5-ae51-f1836e4f937e",
    "data": [
      {
        "text": "两天前",
        "alias": "date-time",
        "meta": "@sys.date-time",
        "userDefined": true
      },
      {
        "text": "上海",
        "alias": "address",
        "meta": "@sys.address",
        "userDefined": true
      },
      {
        "text": "的天气如何",
        "userDefined": false
      }
    ],
    "isTemplate": false,
    "count": 0,
    "updated": 0
  }
]