[
  {
    "id": "0d2409c4-7d97-4446-bc77-7f8452490664",
    "data": [
      {
        "text": "qual deve ser a temperatura ",
        "userDefined": false
      },
      {
        "text": "deste domingo",
        "alias": "date-time",
        "meta": "@sys.date-time",
        "userDefined": true
      },
      {
        "text": " em ",
        "userDefined": false
      },
      {
        "text": "Mountain View",
        "alias": "address",
        "meta": "@sys.location",
        "userDefined": true
      }
    ],
    "isTemplate": false,
    "count": 0,
    "updated": 0
  },
  {
    "id": "00813d1d-31bc-4923-8c5f-4020b19a9f72",
    "data": [
      {
        "text": "hoje será um dia ",
        "userDefined": false
      },
      {
        "text": "quente",
        "alias": "temperature",
        "meta": "@temperature",
        "userDefined": true
      }
    ],
    "isTemplate": false,
    "count": 0,
    "updated": 0
  },
  {
    "id": "603e0c1a-7fe0-49c2-a014-c7b4d50afe9c",
    "data": [
      {
        "text": "está ",
        "userDefined": false
      },
      {
        "text": "quente",
        "alias": "temperature",
        "meta": "@temperature",
        "userDefined": true
      },
      {
        "text": " em ",
        "userDefined": false
      },
      {
        "text": "Nova York",
        "alias": "address",
        "meta": "@sys.location",
        "userDefined": true
      }
    ],
    "isTemplate": false,
    "count": 0,
    "updated": 0
  },
  {
    "id": "0f0dca49-d1e0-41b2-95ac-23882016cf64",
    "data": [
      {
        "text": "qual será a temperatura ",
        "userDefined": false
      },
      {
        "text": "amanhã",
        "alias": "date-time",
        "meta": "@sys.date-time",
        "userDefined": true
      }
    ],
    "isTemplate": false,
    "count": 0,
    "updated": 0
  },
  {
    "id": "328e5f13-cef5-4806-b3f4-484759b06031",
    "data": [
      {
        "text": "está ",
        "userDefined": false
      },
      {
        "text": "calor",
        "alias": "temperature",
        "meta": "@temperature",
        "userDefined": true
      },
      {
        "text": " em ",
        "userDefined": false
      },
      {
        "text": "Nova York",
        "alias": "address",
        "meta": "@sys.location",
        "userDefined": true
      }
    ],
    "isTemplate": false,
    "count": 0,
    "updated": 0
  },
  {
    "id": "6507646c-4a61-4217-a8a5-4774be9732a9",
    "data": [
      {
        "text": "qual será a temperatura em ",
        "userDefined": false
      },
      {
        "text": "Camberra",
        "alias": "address",
        "meta": "@sys.location",
        "userDefined": true
      },
      {
        "text": " ",
        "userDefined": false
      },
      {
        "text": "amanhã",
        "alias": "date-time",
        "meta": "@sys.date-time",
        "userDefined": true
      }
    ],
    "isTemplate": false,
    "count": 0,
    "updated": 0
  },
  {
    "id": "d0aea2fa-3ad1-42fd-87a1-46158b8f3ed6",
    "data": [
      {
        "text": "quantos graus está fazendo ",
        "userDefined": false
      },
      {
        "text": "hoje",
        "alias": "date-time",
        "meta": "@sys.date-time",
        "userDefined": false
      }
    ],
    "isTemplate": false,
    "count": 0,
    "updated": 0
  },
  {
    "id": "5487cbf3-08ab-4597-9124-9b6ea0f750dc",
    "data": [
      {
        "text": "quantos graus está em ",
        "userDefined": false
      },
      {
        "text": "Curitiba",
        "alias": "address",
        "meta": "@sys.location",
        "userDefined": true
      },
      {
        "text": " agora",
        "userDefined": false
      }
    ],
    "isTemplate": false,
    "count": 0,
    "updated": 0
  },
  {
    "id": "6d39085b-04ce-4f40-bd07-376aa95ae5ad",
    "data": [
      {
        "text": "está ",
        "userDefined": false
      },
      {
        "text": "frio",
        "alias": "temperature",
        "meta": "@temperature",
        "userDefined": true
      },
      {
        "text": " em ",
        "userDefined": false
      },
      {
        "text": "Nova York",
        "alias": "address",
        "meta": "@sys.location",
        "userDefined": true
      }
    ],
    "isTemplate": false,
    "count": 0,
    "updated": 0
  },
  {
    "id": "278941a1-70cc-4a34-9f04-95ca90745a4f",
    "data": [
      {
        "text": "mostrar a temperatura em ",
        "userDefined": false
      },
      {
        "text": "Paris",
        "alias": "address",
        "meta": "@sys.location",
        "userDefined": true
      },
      {
        "text": " em ",
        "userDefined": false
      },
      {
        "text": "Fahrenheit",
        "alias": "unit",
        "meta": "@unit-temperature",
        "userDefined": true
      }
    ],
    "isTemplate": false,
    "count": 0,
    "updated": 0
  },
  {
    "id": "5208a605-ccc4-4b66-9ba0-44d35976967c",
    "data": [
      {
        "text": "está fazendo ",
        "userDefined": false
      },
      {
        "text": "calor",
        "alias": "temperature",
        "meta": "@temperature",
        "userDefined": false
      },
      {
        "text": " no ",
        "userDefined": false
      },
      {
        "text": "Recife",
        "alias": "address",
        "meta": "@sys.location",
        "userDefined": false
      }
    ],
    "isTemplate": false,
    "count": 0,
    "updated": 0
  },
  {
    "id": "e4d5cc9d-d18a-471f-8a3e-38796578aa09",
    "data": [
      {
        "text": "temperatura em ",
        "userDefined": false
      },
      {
        "text": "Bangkok",
        "alias": "address",
        "meta": "@sys.location",
        "userDefined": true
      }
    ],
    "isTemplate": false,
    "count": 0,
    "updated": 0
  },
  {
    "id": "e6c627c6-9e20-4b85-bca6-5fd690fa9289",
    "data": [
      {
        "text": "qual a temperatura ",
        "userDefined": false
      },
      {
        "text": "amanhã",
        "alias": "date-time",
        "meta": "@sys.date-time",
        "userDefined": true
      }
    ],
    "isTemplate": false,
    "count": 0,
    "updated": 0
  },
  {
    "id": "017e4715-1f81-4af0-8998-284776c3bc92",
    "data": [
      {
        "text": "você sabe se está ",
        "userDefined": false
      },
      {
        "text": "frio",
        "alias": "temperature",
        "meta": "@temperature",
        "userDefined": true
      },
      {
        "text": " lá fora agora",
        "userDefined": false
      }
    ],
    "isTemplate": false,
    "count": 0,
    "updated": 0
  },
  {
    "id": "7324bf8c-fcec-4b10-8e8a-85d4942f2884",
    "data": [
      {
        "text": "temperatura",
        "userDefined": false
      }
    ],
    "isTemplate": false,
    "count": 0,
    "updated": 0
  },
  {
    "id": "2e7d4560-88ba-4892-ba8e-08ab6bb9cb38",
    "data": [
      {
        "text": "quantos graus em ",
        "userDefined": false
      },
      {
        "text": "Londres",
        "alias": "address",
        "meta": "@sys.location",
        "userDefined": true
      },
      {
        "text": " agora",
        "userDefined": false
      }
    ],
    "isTemplate": false,
    "count": 0,
    "updated": 0
  }
]