[
  {
    "id": "f66b054a-5cc9-4c1e-813e-a112b83cb4fa",
    "data": [
      {
        "text": "dis-moi est-ce qu\u0027il fera ",
        "userDefined": false
      },
      {
        "text": "froid",
        "alias": "temperature",
        "meta": "@temperature",
        "userDefined": true
      },
      {
        "text": " ",
        "userDefined": false
      },
      {
        "text": "demain",
        "alias": "date-time",
        "meta": "@sys.date-time",
        "userDefined": true
      },
      {
        "text": " sur ",
        "userDefined": false
      },
      {
        "text": "Nantes",
        "alias": "address",
        "meta": "@sys.geo-city",
        "userDefined": true
      }
    ],
    "isTemplate": false,
    "count": 1,
    "updated": 1530696883
  },
  {
    "id": "f25e4dd6-c6f2-4550-a2c2-eeb9a7713a22",
    "data": [
      {
        "text": "peux-tu ",
        "userDefined": false
      },
      {
        "text": "me",
        "meta": "@sys.ignore",
        "userDefined": true
      },
      {
        "text": " donner ",
        "userDefined": false
      },
      {
        "text": "la",
        "meta": "@sys.ignore",
        "userDefined": true
      },
      {
        "text": " ",
        "userDefined": false
      },
      {
        "text": "température",
        "meta": "@sys.ignore",
        "userDefined": true
      },
      {
        "text": " s\u0027il te plaît",
        "userDefined": false
      }
    ],
    "isTemplate": false,
    "count": 0,
    "updated": 1530696883
  },
  {
    "id": "16d3b5a2-628b-4590-a352-da15ede44f9b",
    "data": [
      {
        "text": "est-ce qu\u0027",
        "userDefined": false
      },
      {
        "text": "il",
        "meta": "@sys.ignore",
        "userDefined": true
      },
      {
        "text": " fait ",
        "userDefined": false
      },
      {
        "text": "froid",
        "alias": "temperature",
        "meta": "@temperature",
        "userDefined": true
      },
      {
        "text": " en ",
        "userDefined": false
      },
      {
        "text": "ce",
        "meta": "@sys.ignore",
        "userDefined": true
      },
      {
        "text": " moment",
        "userDefined": false
      }
    ],
    "isTemplate": false,
    "count": 0,
    "updated": 1530696883
  },
  {
    "id": "3fee8b9c-9894-4d99-8a0b-01fa0457506c",
    "data": [
      {
        "text": "la température pour ",
        "userDefined": false
      },
      {
        "text": "demain",
        "alias": "date-time",
        "meta": "@sys.date-time",
        "userDefined": true
      }
    ],
    "isTemplate": false,
    "count": 0,
    "updated": 1530696883
  },
  {
    "id": "27c69cfc-b2d9-42ba-a39b-c8fef6394e8c",
    "data": [
      {
        "text": "fait-il ",
        "userDefined": false
      },
      {
        "text": "froid",
        "alias": "temperature",
        "meta": "@temperature",
        "userDefined": true
      },
      {
        "text": " ",
        "userDefined": false
      },
      {
        "text": "aujourd\u0027hui",
        "alias": "date-time",
        "meta": "@sys.date-time",
        "userDefined": true
      }
    ],
    "isTemplate": false,
    "count": 0,
    "updated": 1530696883
  },
  {
    "id": "ca0b3602-ae69-4752-b8f2-0f55eaa9c632",
    "data": [
      {
        "text": "la",
        "meta": "@sys.ignore",
        "userDefined": false
      },
      {
        "text": " ",
        "userDefined": false
      },
      {
        "text": "température",
        "meta": "@sys.ignore",
        "userDefined": false
      },
      {
        "text": " en degrés ",
        "userDefined": false
      },
      {
        "text": "Celsius",
        "alias": "unit",
        "meta": "@unit-temperature",
        "userDefined": true
      }
    ],
    "isTemplate": false,
    "count": 0,
    "updated": 1530696883
  },
  {
    "id": "198cb4d9-5add-439c-8582-b904dcbecb1c",
    "data": [
      {
        "text": "quelle température il fait dehors",
        "userDefined": false
      }
    ],
    "isTemplate": false,
    "count": 1,
    "updated": 1530696883
  },
  {
    "id": "1085190d-1095-491f-ac6f-ae1fde0d5d2b",
    "data": [
      {
        "text": "fait-il ",
        "userDefined": false
      },
      {
        "text": "froid",
        "alias": "temperature",
        "meta": "@temperature",
        "userDefined": true
      },
      {
        "text": " à ",
        "userDefined": false
      },
      {
        "text": "Marseille",
        "alias": "address",
        "meta": "@sys.geo-city",
        "userDefined": true
      }
    ],
    "isTemplate": false,
    "count": 0,
    "updated": 1530696883
  },
  {
    "id": "d242fff9-91c8-4224-b787-83169079644b",
    "data": [
      {
        "text": "fera-t-il ",
        "userDefined": false
      },
      {
        "text": "chaud",
        "alias": "temperature",
        "meta": "@temperature",
        "userDefined": true
      },
      {
        "text": " ",
        "userDefined": false
      },
      {
        "text": "aujourd\u0027hui",
        "alias": "date-time",
        "meta": "@sys.date-time",
        "userDefined": true
      },
      {
        "text": " à ",
        "userDefined": false
      },
      {
        "text": "Paris",
        "alias": "address",
        "meta": "@sys.geo-city",
        "userDefined": true
      }
    ],
    "isTemplate": false,
    "count": 0,
    "updated": 1530696883
  },
  {
    "id": "aac077a9-cc1a-4aa9-a13c-f708573ab3e6",
    "data": [
      {
        "text": "quelle est la température de ",
        "userDefined": false
      },
      {
        "text": "demain",
        "alias": "date-time",
        "meta": "@sys.date-time",
        "userDefined": true
      }
    ],
    "isTemplate": false,
    "count": 1,
    "updated": 1530696883
  },
  {
    "id": "ab0a4e7c-1d1f-4a2e-a470-c4b109ffaa32",
    "data": [
      {
        "text": "est-ce qu\u0027",
        "userDefined": false
      },
      {
        "text": "il",
        "meta": "@sys.ignore",
        "userDefined": true
      },
      {
        "text": " va faire ",
        "userDefined": false
      },
      {
        "text": "froid",
        "alias": "temperature",
        "meta": "@temperature",
        "userDefined": true
      },
      {
        "text": " ",
        "userDefined": false
      },
      {
        "text": "demain",
        "alias": "date-time",
        "meta": "@sys.date-time",
        "userDefined": true
      },
      {
        "text": " à ",
        "userDefined": false
      },
      {
        "text": "Nantes",
        "alias": "address",
        "meta": "@sys.geo-city",
        "userDefined": true
      }
    ],
    "isTemplate": false,
    "count": 0,
    "updated": 1530696883
  },
  {
    "id": "a68c16f9-a0e4-4276-a4bc-2f910aef7ce1",
    "data": [
      {
        "text": "fait-il ",
        "userDefined": false
      },
      {
        "text": "chaud",
        "alias": "temperature",
        "meta": "@temperature",
        "userDefined": true
      }
    ],
    "isTemplate": false,
    "count": 0,
    "updated": 0
  },
  {
    "id": "12b11322-0646-4c1b-85f3-c3259a0ca451",
    "data": [
      {
        "text": "fait-il ",
        "userDefined": false
      },
      {
        "text": "froid",
        "alias": "temperature",
        "meta": "@temperature",
        "userDefined": false
      }
    ],
    "isTemplate": false,
    "count": 1,
    "updated": 0
  },
  {
    "id": "f6cd1dec-06f4-46c5-8b6a-d85843ec8c23",
    "data": [
      {
        "text": "est-ce qu\u0027il fait ",
        "userDefined": false
      },
      {
        "text": "froid",
        "alias": "temperature",
        "meta": "@temperature",
        "userDefined": true
      },
      {
        "text": " dehors",
        "userDefined": false
      }
    ],
    "isTemplate": false,
    "count": 2,
    "updated": 0
  },
  {
    "id": "fa57138e-8a1b-493b-9af1-d7adb5d47b46",
    "data": [
      {
        "text": "est-ce qu\u0027",
        "userDefined": false
      },
      {
        "text": "il",
        "meta": "@sys.ignore",
        "userDefined": true
      },
      {
        "text": " fait ",
        "userDefined": false
      },
      {
        "text": "froid",
        "alias": "temperature",
        "meta": "@temperature",
        "userDefined": true
      },
      {
        "text": " là",
        "userDefined": false
      }
    ],
    "isTemplate": false,
    "count": 0,
    "updated": 0
  },
  {
    "id": "84c84c7d-446d-4f15-98a0-b2721ec14fde",
    "data": [
      {
        "text": "fera-t-il ",
        "userDefined": false
      },
      {
        "text": "chaud",
        "alias": "temperature",
        "meta": "@temperature",
        "userDefined": true
      },
      {
        "text": " ",
        "userDefined": false
      },
      {
        "text": "demain",
        "alias": "date-time",
        "meta": "@sys.date-time",
        "userDefined": true
      }
    ],
    "isTemplate": false,
    "count": 0,
    "updated": 0
  },
  {
    "id": "10eceddd-45c8-43d2-86ce-e9852413caba",
    "data": [
      {
        "text": "est-ce qu\u0027",
        "userDefined": false
      },
      {
        "text": "il",
        "meta": "@sys.ignore",
        "userDefined": true
      },
      {
        "text": " fera ",
        "userDefined": false
      },
      {
        "text": "chaud",
        "alias": "temperature",
        "meta": "@temperature",
        "userDefined": true
      },
      {
        "text": " ",
        "userDefined": false
      },
      {
        "text": "demain",
        "alias": "date-time",
        "meta": "@sys.date-time",
        "userDefined": true
      },
      {
        "text": " à ",
        "userDefined": false
      },
      {
        "text": "Paris",
        "alias": "address",
        "meta": "@sys.geo-city",
        "userDefined": true
      }
    ],
    "isTemplate": false,
    "count": 0,
    "updated": 1530696883
  },
  {
    "id": "d198b67e-a1b4-4ddc-9404-dfdbc3458795",
    "data": [
      {
        "text": "sais-tu s\u0027il fait ",
        "userDefined": false
      },
      {
        "text": "froid",
        "alias": "temperature",
        "meta": "@temperature",
        "userDefined": true
      },
      {
        "text": " dehors en ce moment",
        "userDefined": false
      }
    ],
    "isTemplate": false,
    "count": 0,
    "updated": 0
  }
]