[
  {
    "id": "8905f43b-4861-4a1b-8315-b5a7da595da0",
    "data": [
      {
        "text": "me diga se o tempo está bom para ",
        "userDefined": false
      },
      {
        "text": "surfar",
        "alias": "activity",
        "meta": "@activity",
        "userDefined": false
      },
      {
        "text": " ",
        "userDefined": false
      },
      {
        "text": "hoje",
        "alias": "date-time",
        "meta": "@sys.date-time",
        "userDefined": false
      },
      {
        "text": " no ",
        "userDefined": false
      },
      {
        "text": "Rio de Janeiro",
        "alias": "address",
        "meta": "@sys.location",
        "userDefined": true
      }
    ],
    "isTemplate": false,
    "count": 0,
    "updated": 0
  },
  {
    "id": "3118742d-5f04-43f0-926b-025306535ed2",
    "data": [
      {
        "text": "você acha que o clima está ruim para ",
        "userDefined": false
      },
      {
        "text": "jogar frisbee",
        "alias": "activity",
        "meta": "@activity",
        "userDefined": true
      }
    ],
    "isTemplate": false,
    "count": 0,
    "updated": 0
  },
  {
    "id": "8017d3e2-3d14-450f-b350-10c4cf95357b",
    "data": [
      {
        "text": "o clima está bom para ",
        "userDefined": false
      },
      {
        "text": "guerras de bola de neve",
        "alias": "activity",
        "meta": "@activity",
        "userDefined": true
      }
    ],
    "isTemplate": false,
    "count": 0,
    "updated": 0
  },
  {
    "id": "a4d428e2-8ece-4473-bb5d-128135c5e07d",
    "data": [
      {
        "text": "caminhada",
        "alias": "activity",
        "meta": "@activity",
        "userDefined": true
      },
      {
        "text": " é uma boa ideia agora",
        "userDefined": false
      }
    ],
    "isTemplate": false,
    "count": 1,
    "updated": 0
  },
  {
    "id": "feee7292-2ed8-4a81-9a9b-269e04212052",
    "data": [
      {
        "text": "planejo ",
        "userDefined": false
      },
      {
        "text": "esquiar",
        "alias": "activity",
        "meta": "@activity",
        "userDefined": true
      },
      {
        "text": " ",
        "userDefined": false
      },
      {
        "text": "hoje",
        "alias": "date-time",
        "meta": "@sys.date-time",
        "userDefined": true
      },
      {
        "text": " é possível",
        "userDefined": false
      }
    ],
    "isTemplate": false,
    "count": 0,
    "updated": 0
  },
  {
    "id": "986a350e-4a64-4027-b506-d546eb22834f",
    "data": [
      {
        "text": "o clima está bom o suficiente para ",
        "userDefined": false
      },
      {
        "text": "jogar frisbee",
        "alias": "activity",
        "meta": "@activity",
        "userDefined": true
      },
      {
        "text": " ao ar livre",
        "userDefined": false
      }
    ],
    "isTemplate": false,
    "count": 0,
    "updated": 0
  },
  {
    "id": "37c9ca0d-8658-4f10-b6ba-ece450bd14e4",
    "data": [
      {
        "text": "em ",
        "userDefined": false
      },
      {
        "text": "Salvador",
        "alias": "address",
        "meta": "@sys.location",
        "userDefined": false
      },
      {
        "text": " o tempo está bom para ",
        "userDefined": false
      },
      {
        "text": "ir a praia",
        "alias": "activity",
        "meta": "@activity",
        "userDefined": true
      }
    ],
    "isTemplate": false,
    "count": 0,
    "updated": 0
  },
  {
    "id": "49be5236-eb35-4556-8d9f-4cfc83094d5c",
    "data": [
      {
        "text": "o clima está bom para ",
        "userDefined": false
      },
      {
        "text": "caminhar",
        "alias": "activity",
        "meta": "@activity",
        "userDefined": true
      }
    ],
    "isTemplate": false,
    "count": 0,
    "updated": 0
  },
  {
    "id": "441c4b2b-26e8-46ad-8185-2e535a79d322",
    "data": [
      {
        "text": "quero fazer uma ",
        "userDefined": false
      },
      {
        "text": "caminhada",
        "alias": "activity",
        "meta": "@activity",
        "userDefined": true
      },
      {
        "text": " ",
        "userDefined": false
      },
      {
        "text": "amanhã de manhã",
        "alias": "date-time",
        "meta": "@sys.date-time",
        "userDefined": true
      },
      {
        "text": " pode me dizer se o tempo estará bom",
        "userDefined": false
      }
    ],
    "isTemplate": false,
    "count": 0,
    "updated": 0
  },
  {
    "id": "3276d5db-13da-4eb5-aeba-bf8bf44d686f",
    "data": [
      {
        "text": "é uma boa ideia fazer uma ",
        "userDefined": false
      },
      {
        "text": "caminhada",
        "alias": "activity",
        "meta": "@activity",
        "userDefined": true
      },
      {
        "text": " agora",
        "userDefined": false
      }
    ],
    "isTemplate": false,
    "count": 0,
    "updated": 0
  },
  {
    "id": "5487732c-c2f4-4022-aef9-9d4bd10eff83",
    "data": [
      {
        "text": "posso ",
        "userDefined": false
      },
      {
        "text": "surfar",
        "alias": "activity",
        "meta": "@activity",
        "userDefined": true
      }
    ],
    "isTemplate": false,
    "count": 0,
    "updated": 0
  },
  {
    "id": "570e1c9b-3621-4f4a-902e-4d6dde0823f3",
    "data": [
      {
        "text": "o tempo está bom o bastante para ",
        "userDefined": false
      },
      {
        "text": "jogar frisbee",
        "alias": "activity",
        "meta": "@activity",
        "userDefined": true
      },
      {
        "text": " lá fora",
        "userDefined": false
      }
    ],
    "isTemplate": false,
    "count": 1,
    "updated": 0
  },
  {
    "id": "6940254f-b408-4b92-8eab-dc7777e0a0a7",
    "data": [
      {
        "text": "você acha que o clima está bom para ",
        "userDefined": false
      },
      {
        "text": "pedalar",
        "alias": "activity",
        "meta": "@activity",
        "userDefined": true
      }
    ],
    "isTemplate": false,
    "count": 0,
    "updated": 0
  },
  {
    "id": "3a3520fd-b5b8-499b-ba64-349dbe48272c",
    "data": [
      {
        "text": "devo sair para ",
        "userDefined": false
      },
      {
        "text": "correr",
        "alias": "activity",
        "meta": "@activity",
        "userDefined": true
      }
    ],
    "isTemplate": false,
    "count": 0,
    "updated": 0
  }
]