[
  {
    "id": "4a10ab1d-10dc-4fe5-8097-0c6d0cc534c6",
    "data": [
      {
        "text": "仙台",
        "alias": "address",
        "meta": "@sys.location",
        "userDefined": true
      },
      {
        "text": "はどうなりますか",
        "userDefined": false
      }
    ],
    "isTemplate": false,
    "count": 0,
    "updated": 0
  },
  {
    "id": "40a3ad04-3944-46e2-8215-c96b705bc266",
    "data": [
      {
        "text": "サンフランシスコ",
        "alias": "address",
        "meta": "@sys.location",
        "userDefined": true
      },
      {
        "text": "を調べて",
        "userDefined": false
      }
    ],
    "isTemplate": false,
    "count": 0,
    "updated": 0
  },
  {
    "id": "c43b173f-f218-4a12-b260-f177f0be405d",
    "data": [
      {
        "text": "さいたま市",
        "alias": "address",
        "meta": "@sys.location",
        "userDefined": true
      },
      {
        "text": "はどうですか",
        "userDefined": false
      }
    ],
    "isTemplate": false,
    "count": 0,
    "updated": 0
  },
  {
    "id": "7cee5d2c-fe6d-4158-b1a6-140332db9da3",
    "data": [
      {
        "text": "東京",
        "alias": "address",
        "meta": "@sys.location",
        "userDefined": true
      }
    ],
    "isTemplate": false,
    "count": 0,
    "updated": 0
  },
  {
    "id": "1978ed9b-2730-49be-9f86-7de312331d06",
    "data": [
      {
        "text": "現在の",
        "userDefined": false
      },
      {
        "text": "新潟市",
        "alias": "address",
        "meta": "@sys.location",
        "userDefined": true
      }
    ],
    "isTemplate": false,
    "count": 0,
    "updated": 0
  },
  {
    "id": "e0038363-eb9a-4b77-98be-c92eb01ad446",
    "data": [
      {
        "text": "沖縄",
        "alias": "address",
        "meta": "@sys.location",
        "userDefined": true
      },
      {
        "text": "はどう",
        "userDefined": false
      }
    ],
    "isTemplate": false,
    "count": 0,
    "updated": 0
  },
  {
    "id": "50975c0a-8f2f-4863-a001-57a6df707cdf",
    "data": [
      {
        "text": "パリ",
        "alias": "address",
        "meta": "@sys.location",
        "userDefined": true
      },
      {
        "text": "は",
        "userDefined": false
      }
    ],
    "isTemplate": false,
    "count": 0,
    "updated": 0
  },
  {
    "id": "555c419d-a8af-41c2-a8e3-c629527f248c",
    "data": [
      {
        "text": "じゃあ",
        "userDefined": false
      },
      {
        "text": "ロンドン",
        "alias": "address",
        "meta": "@sys.location",
        "userDefined": true
      },
      {
        "text": "は",
        "userDefined": false
      }
    ],
    "isTemplate": false,
    "count": 0,
    "updated": 0
  }
]