[
  {
    "id": "6efdf069-3f06-4a67-8658-b202ef5f08df",
    "data": [
      {
        "text": "怎麽能穿",
        "userDefined": false
      },
      {
        "text": "圍巾",
        "alias": "outfit",
        "meta": "@outfit",
        "userDefined": false
      }
    ],
    "isTemplate": false,
    "count": 0,
    "updated": 0
  },
  {
    "id": "f327d8d4-e1c8-474c-979f-515af9ea241a",
    "data": [
      {
        "text": "能不能穿",
        "userDefined": false
      },
      {
        "text": "墨鏡",
        "alias": "outfit",
        "meta": "@outfit",
        "userDefined": false
      }
    ],
    "isTemplate": false,
    "count": 0,
    "updated": 0
  },
  {
    "id": "0107090b-9300-45e3-933e-2e9551dd5593",
    "data": [
      {
        "text": "關",
        "meta": "@sys.ignore",
        "userDefined": false
      },
      {
        "text": "于",
        "userDefined": false
      },
      {
        "text": "雨衣",
        "alias": "outfit",
        "meta": "@outfit",
        "userDefined": false
      }
    ],
    "isTemplate": false,
    "count": 0,
    "updated": 0
  },
  {
    "id": "210b7a71-ec62-416f-ba15-c7e526c0c453",
    "data": [
      {
        "text": "我還要穿",
        "userDefined": false
      },
      {
        "text": "毛衣",
        "alias": "outfit",
        "meta": "@outfit",
        "userDefined": false
      }
    ],
    "isTemplate": false,
    "count": 0,
    "updated": 0
  },
  {
    "id": "60c7de8f-0f74-4e2c-b22d-1e82e6135ced",
    "data": [
      {
        "text": "還需要帶",
        "userDefined": false
      },
      {
        "text": "雨傘",
        "alias": "outfit",
        "meta": "@outfit",
        "userDefined": false
      },
      {
        "text": "嗎",
        "userDefined": false
      }
    ],
    "isTemplate": false,
    "count": 0,
    "updated": 0
  },
  {
    "id": "61face24-6bfe-46a4-941d-2aa6fc790b2d",
    "data": [
      {
        "text": "現在要穿",
        "userDefined": false
      },
      {
        "text": "夾克",
        "alias": "outfit",
        "meta": "@outfit",
        "userDefined": false
      },
      {
        "text": "嗎",
        "userDefined": false
      }
    ],
    "isTemplate": false,
    "count": 0,
    "updated": 0
  },
  {
    "id": "f48e8587-b3f9-4ba5-b9a5-292c2b301822",
    "data": [
      {
        "text": "關于",
        "userDefined": false
      },
      {
        "text": "膠皮靴",
        "alias": "outfit",
        "meta": "@outfit",
        "userDefined": false
      }
    ],
    "isTemplate": false,
    "count": 0,
    "updated": 0
  },
  {
    "id": "5702525b-725f-4e91-9a3b-d4dd066c4aec",
    "data": [
      {
        "text": "雨衣",
        "alias": "outfit",
        "meta": "@outfit",
        "userDefined": false
      }
    ],
    "isTemplate": false,
    "count": 0,
    "updated": 0
  },
  {
    "id": "e6404afa-bf84-43dc-9929-43cb24111cc5",
    "data": [
      {
        "text": "還能不能穿",
        "userDefined": false
      },
      {
        "text": "防曬霜",
        "alias": "outfit",
        "meta": "@outfit",
        "userDefined": false
      }
    ],
    "isTemplate": false,
    "count": 1,
    "updated": 0
  },
  {
    "id": "442990c8-3708-4ed9-9b9f-77eb2d0060c5",
    "data": [
      {
        "text": "會不會穿",
        "userDefined": false
      },
      {
        "text": "雨褲",
        "alias": "outfit",
        "meta": "@outfit",
        "userDefined": false
      }
    ],
    "isTemplate": false,
    "count": 0,
    "updated": 0
  },
  {
    "id": "b51e2255-f6a6-4baf-90e1-36450694ebc5",
    "data": [
      {
        "text": "還要穿",
        "userDefined": false
      },
      {
        "text": "手套",
        "alias": "outfit",
        "meta": "@outfit",
        "userDefined": false
      }
    ],
    "isTemplate": false,
    "count": 0,
    "updated": 0
  },
  {
    "id": "48d42be8-5c6e-4f65-a3c0-8f901d9f0ef3",
    "data": [
      {
        "text": "我還很想穿",
        "userDefined": false
      },
      {
        "text": "毛線帽",
        "alias": "outfit",
        "meta": "@outfit",
        "userDefined": false
      }
    ],
    "isTemplate": false,
    "count": 0,
    "updated": 0
  }
]