[
  {
    "id": "18e07892-9cb5-4ffb-a794-4a8a8e698264",
    "data": [
      {
        "text": "wird es in ",
        "userDefined": false
      },
      {
        "text": "Rhede",
        "alias": "address",
        "meta": "@sys.location",
        "userDefined": true
      },
      {
        "text": " ",
        "userDefined": false
      },
      {
        "text": "heute",
        "alias": "date-time",
        "meta": "@sys.date-time",
        "userDefined": true
      },
      {
        "text": " sonnig",
        "userDefined": false
      }
    ],
    "isTemplate": false,
    "count": 0,
    "updated": 0
  },
  {
    "id": "9e82997a-2766-4103-bb34-a8945bf1cd76",
    "data": [
      {
        "text": "regnet",
        "alias": "condition",
        "meta": "@weather-condition",
        "userDefined": true
      },
      {
        "text": " es später am ",
        "userDefined": false
      },
      {
        "text": "Abend",
        "alias": "date-time",
        "meta": "@sys.date-time",
        "userDefined": true
      }
    ],
    "isTemplate": false,
    "count": 0,
    "updated": 0
  },
  {
    "id": "6ad40919-d67f-4315-9524-db12603934c8",
    "data": [
      {
        "text": "regnet",
        "alias": "condition",
        "meta": "@weather-condition",
        "userDefined": false
      },
      {
        "text": " es diesen ",
        "userDefined": false
      },
      {
        "text": "Freitag",
        "alias": "date-time",
        "meta": "@sys.date-time",
        "userDefined": false
      }
    ],
    "isTemplate": false,
    "count": 0,
    "updated": 0
  },
  {
    "id": "8241fc90-3690-4578-867f-7197b8e7e5bb",
    "data": [
      {
        "text": "erwarten wir ",
        "userDefined": false
      },
      {
        "text": "morgen früh",
        "alias": "date-time",
        "meta": "@sys.date-time",
        "userDefined": false
      },
      {
        "text": " ",
        "userDefined": false
      },
      {
        "text": "Regen",
        "alias": "condition",
        "meta": "@weather-condition",
        "userDefined": true
      }
    ],
    "isTemplate": false,
    "count": 0,
    "updated": 0
  },
  {
    "id": "fdf17c76-9f07-405f-b367-eebe671b4c35",
    "data": [
      {
        "text": "gibt es ",
        "userDefined": false
      },
      {
        "text": "heute",
        "alias": "date-time",
        "meta": "@sys.date-time",
        "userDefined": false
      },
      {
        "text": " ",
        "userDefined": false
      },
      {
        "text": "regen",
        "alias": "condition",
        "meta": "@weather-condition",
        "userDefined": false
      }
    ],
    "isTemplate": false,
    "count": 0,
    "updated": 0
  },
  {
    "id": "d889ac61-55a0-42c0-a0d5-379fc5d9d7a7",
    "data": [
      {
        "text": "schneit",
        "alias": "condition",
        "meta": "@weather-condition",
        "userDefined": false
      },
      {
        "text": " es",
        "userDefined": false
      }
    ],
    "isTemplate": false,
    "count": 0,
    "updated": 0
  },
  {
    "id": "882f8585-e92e-4b13-8f10-fb359311518a",
    "data": [
      {
        "text": "regnet",
        "alias": "condition",
        "meta": "@weather-condition",
        "userDefined": false
      },
      {
        "text": " es ",
        "userDefined": false
      },
      {
        "text": "heute",
        "alias": "date-time",
        "meta": "@sys.date-time",
        "userDefined": false
      },
      {
        "text": " in ",
        "userDefined": false
      },
      {
        "text": "Neumünster",
        "alias": "address",
        "meta": "@sys.location",
        "userDefined": true
      }
    ],
    "isTemplate": false,
    "count": 0,
    "updated": 0
  },
  {
    "id": "f8cf43fb-05d6-4186-af22-a3425456b1f2",
    "data": [
      {
        "text": "wird es ",
        "userDefined": false
      },
      {
        "text": "heute",
        "alias": "date-time",
        "meta": "@sys.date-time",
        "userDefined": false
      },
      {
        "text": " noch ",
        "userDefined": false
      },
      {
        "text": "regnen",
        "alias": "condition",
        "meta": "@weather-condition",
        "userDefined": false
      }
    ],
    "isTemplate": false,
    "count": 0,
    "updated": 0
  },
  {
    "id": "bc47350d-824c-4c90-bdca-f03145d5b2ee",
    "data": [
      {
        "text": "schneit",
        "alias": "condition",
        "meta": "@weather-condition",
        "userDefined": false
      },
      {
        "text": " es ",
        "userDefined": false
      },
      {
        "text": "morgen",
        "alias": "date-time",
        "meta": "@sys.date-time",
        "userDefined": false
      }
    ],
    "isTemplate": false,
    "count": 0,
    "updated": 0
  },
  {
    "id": "fbaaf51b-8e68-4fdb-a184-3fc24e7a50ff",
    "data": [
      {
        "text": "gibt es am ",
        "userDefined": false
      },
      {
        "text": "Wochenende",
        "alias": "date-time",
        "meta": "@sys.date-time",
        "userDefined": false
      },
      {
        "text": " ",
        "userDefined": false
      },
      {
        "text": "Schnee",
        "alias": "condition",
        "meta": "@weather-condition",
        "userDefined": false
      }
    ],
    "isTemplate": false,
    "count": 0,
    "updated": 0
  },
  {
    "id": "d44d79a8-ab78-4ac8-81ab-3ea41807f680",
    "data": [
      {
        "text": "schneit",
        "alias": "condition",
        "meta": "@weather-condition",
        "userDefined": false
      },
      {
        "text": " es draußen",
        "userDefined": false
      }
    ],
    "isTemplate": false,
    "count": 0,
    "updated": 0
  },
  {
    "id": "7a399533-2df5-4439-9699-b4b10636ebc8",
    "data": [
      {
        "text": "soll es ",
        "userDefined": false
      },
      {
        "text": "morgen",
        "alias": "date-time",
        "meta": "@sys.date-time",
        "userDefined": false
      },
      {
        "text": " ",
        "userDefined": false
      },
      {
        "text": "schneien",
        "alias": "condition",
        "meta": "@weather-condition",
        "userDefined": false
      }
    ],
    "isTemplate": false,
    "count": 0,
    "updated": 0
  },
  {
    "id": "38a8eefa-4ca2-409f-b50c-8f22b1ba2bf4",
    "data": [
      {
        "text": "gibt es ",
        "userDefined": false
      },
      {
        "text": "heute",
        "alias": "date-time",
        "meta": "@sys.date-time",
        "userDefined": false
      },
      {
        "text": " noch ",
        "userDefined": false
      },
      {
        "text": "Regen",
        "alias": "condition",
        "meta": "@weather-condition",
        "userDefined": true
      }
    ],
    "isTemplate": false,
    "count": 0,
    "updated": 0
  },
  {
    "id": "a8278888-e274-4d77-830d-53b9239eb31c",
    "data": [
      {
        "text": "regnet",
        "alias": "condition",
        "meta": "@weather-condition",
        "userDefined": false
      },
      {
        "text": " es ",
        "userDefined": false
      },
      {
        "text": "heute",
        "alias": "date-time",
        "meta": "@sys.date-time",
        "userDefined": false
      },
      {
        "text": " in ",
        "userDefined": false
      },
      {
        "text": "london",
        "alias": "address",
        "meta": "@sys.location",
        "userDefined": false
      }
    ],
    "isTemplate": false,
    "count": 0,
    "updated": 0
  },
  {
    "id": "d63579ff-b071-4465-a064-55225d6e6bb5",
    "data": [
      {
        "text": "wird es ",
        "userDefined": false
      },
      {
        "text": "diese Woche",
        "alias": "date-time",
        "meta": "@sys.date-time",
        "userDefined": false
      },
      {
        "text": " ",
        "userDefined": false
      },
      {
        "text": "schneien",
        "alias": "condition",
        "meta": "@weather-condition",
        "userDefined": false
      }
    ],
    "isTemplate": false,
    "count": 0,
    "updated": 0
  },
  {
    "id": "aaca1d53-09be-4522-be4b-1e4d0c7ffd8c",
    "data": [
      {
        "text": "gibt es ",
        "userDefined": false
      },
      {
        "text": "morgen",
        "alias": "date-time",
        "meta": "@sys.date-time",
        "userDefined": false
      },
      {
        "text": " in ",
        "userDefined": false
      },
      {
        "text": "Hawaii",
        "alias": "address",
        "meta": "@sys.location",
        "userDefined": true
      },
      {
        "text": " ",
        "userDefined": false
      },
      {
        "text": "Sonne",
        "alias": "condition",
        "meta": "@weather-condition",
        "userDefined": false
      }
    ],
    "isTemplate": false,
    "count": 0,
    "updated": 0
  },
  {
    "id": "7c8e642b-eca3-41fd-b520-9d93e901a7c4",
    "data": [
      {
        "text": "wird es ",
        "userDefined": false
      },
      {
        "text": "heute Nacht",
        "alias": "date-time",
        "meta": "@sys.date-time",
        "userDefined": false
      },
      {
        "text": " ",
        "userDefined": false
      },
      {
        "text": "regnen",
        "alias": "condition",
        "meta": "@weather-condition",
        "userDefined": false
      }
    ],
    "isTemplate": false,
    "count": 0,
    "updated": 0
  },
  {
    "id": "68e04a4a-9a4f-4766-8420-e622924d42c2",
    "data": [
      {
        "text": "regnet",
        "alias": "condition",
        "meta": "@weather-condition",
        "userDefined": false
      },
      {
        "text": " es ",
        "userDefined": false
      },
      {
        "text": "morgen",
        "alias": "date-time",
        "meta": "@sys.date-time",
        "userDefined": false
      }
    ],
    "isTemplate": false,
    "count": 1,
    "updated": 0
  },
  {
    "id": "070d53da-9d03-4f92-88f7-ae3c4d17063a",
    "data": [
      {
        "text": "soll es ",
        "userDefined": false
      },
      {
        "text": "heute",
        "alias": "date-time",
        "meta": "@sys.date-time",
        "userDefined": false
      },
      {
        "text": " ",
        "userDefined": false
      },
      {
        "text": "regnen",
        "alias": "condition",
        "meta": "@weather-condition",
        "userDefined": false
      }
    ],
    "isTemplate": false,
    "count": 0,
    "updated": 0
  },
  {
    "id": "bf179f30-6ee7-48fc-a7ea-1d60a2adb720",
    "data": [
      {
        "text": "regnet",
        "alias": "condition",
        "meta": "@weather-condition",
        "userDefined": false
      },
      {
        "text": " es in ",
        "userDefined": false
      },
      {
        "text": "London",
        "alias": "address",
        "meta": "@sys.location",
        "userDefined": false
      }
    ],
    "isTemplate": false,
    "count": 0,
    "updated": 0
  },
  {
    "id": "2f426698-f55b-4f12-9b21-5a3e63e0632d",
    "data": [
      {
        "text": "gibt es ",
        "userDefined": false
      },
      {
        "text": "morgen",
        "alias": "date-time",
        "meta": "@sys.date-time",
        "userDefined": false
      },
      {
        "text": " ",
        "userDefined": false
      },
      {
        "text": "regen",
        "alias": "address",
        "meta": "@sys.location",
        "userDefined": false
      }
    ],
    "isTemplate": false,
    "count": 0,
    "updated": 0
  },
  {
    "id": "e350686e-3099-48e5-8a5b-94b3debd9507",
    "data": [
      {
        "text": "schneit",
        "alias": "condition",
        "meta": "@weather-condition",
        "userDefined": false
      },
      {
        "text": " es ",
        "userDefined": false
      },
      {
        "text": "heute",
        "alias": "date-time",
        "meta": "@sys.date-time",
        "userDefined": false
      },
      {
        "text": " noch",
        "userDefined": false
      }
    ],
    "isTemplate": false,
    "count": 0,
    "updated": 0
  },
  {
    "id": "b7ebe701-6c98-4d11-a445-2b10a6958e8d",
    "data": [
      {
        "text": "regnet",
        "alias": "condition",
        "meta": "@weather-condition",
        "userDefined": false
      },
      {
        "text": " es ",
        "userDefined": false
      },
      {
        "text": "heute",
        "alias": "date-time",
        "meta": "@sys.date-time",
        "userDefined": false
      },
      {
        "text": " noch",
        "userDefined": false
      }
    ],
    "isTemplate": false,
    "count": 1,
    "updated": 0
  },
  {
    "id": "ee86e3cd-e09d-4462-be5f-870dd5796294",
    "data": [
      {
        "text": "wann wird es ",
        "userDefined": false
      },
      {
        "text": "sonnig",
        "alias": "condition",
        "meta": "@weather-condition",
        "userDefined": true
      }
    ],
    "isTemplate": false,
    "count": 0,
    "updated": 0
  },
  {
    "id": "39e62246-a3da-47e7-bb5e-ecd4d05c52e5",
    "data": [
      {
        "text": "gibt es ",
        "userDefined": false
      },
      {
        "text": "regen",
        "alias": "condition",
        "meta": "@weather-condition",
        "userDefined": true
      },
      {
        "text": " ",
        "userDefined": false
      },
      {
        "text": "morgen",
        "alias": "date-time",
        "meta": "@sys.date-time",
        "userDefined": false
      }
    ],
    "isTemplate": false,
    "count": 1,
    "updated": 0
  },
  {
    "id": "1a29949b-391b-4a73-9f68-6776f8848c0c",
    "data": [
      {
        "text": "regnet",
        "alias": "condition",
        "meta": "@weather-condition",
        "userDefined": false
      },
      {
        "text": " es ",
        "userDefined": false
      },
      {
        "text": "heute Abend",
        "alias": "date-time",
        "meta": "@sys.date-time",
        "userDefined": false
      },
      {
        "text": " in ",
        "userDefined": false
      },
      {
        "text": "Köln",
        "alias": "address",
        "meta": "@sys.location",
        "userDefined": false
      }
    ],
    "isTemplate": false,
    "count": 0,
    "updated": 0
  },
  {
    "id": "e3d5542d-df61-4021-8eb4-055d0c105fb4",
    "data": [
      {
        "text": "wird es nachher ",
        "userDefined": false
      },
      {
        "text": "regnen",
        "alias": "condition",
        "meta": "@weather-condition",
        "userDefined": false
      },
      {
        "text": " draußen",
        "userDefined": false
      }
    ],
    "isTemplate": false,
    "count": 0,
    "updated": 0
  },
  {
    "id": "6528978e-79f7-4f40-bcc4-d67e27875628",
    "data": [
      {
        "text": "regnet",
        "alias": "condition",
        "meta": "@weather-condition",
        "userDefined": false
      },
      {
        "text": " es nachher",
        "userDefined": false
      }
    ],
    "isTemplate": false,
    "count": 0,
    "updated": 0
  },
  {
    "id": "79b305b5-e567-4d69-b7cd-8e92f8557570",
    "data": [
      {
        "text": "wann fällt ",
        "userDefined": false
      },
      {
        "text": "der erste",
        "meta": "@sys.ignore",
        "userDefined": false
      },
      {
        "text": " ",
        "userDefined": false
      },
      {
        "text": "Schnee",
        "alias": "condition",
        "meta": "@weather-condition",
        "userDefined": false
      }
    ],
    "isTemplate": false,
    "count": 0,
    "updated": 0
  },
  {
    "id": "35abf361-99b3-4133-aadc-37caf7dd3182",
    "data": [
      {
        "text": "regnet",
        "alias": "condition",
        "meta": "@weather-condition",
        "userDefined": false
      },
      {
        "text": " es ",
        "userDefined": false
      },
      {
        "text": "heute",
        "alias": "date-time",
        "meta": "@sys.date-time",
        "userDefined": false
      },
      {
        "text": " in ",
        "userDefined": false
      },
      {
        "text": "Berlin",
        "alias": "address",
        "meta": "@sys.location",
        "userDefined": false
      }
    ],
    "isTemplate": false,
    "count": 0,
    "updated": 0
  },
  {
    "id": "de756910-fd05-41ff-a7f1-cf1209cf2972",
    "data": [
      {
        "text": "regnet",
        "alias": "condition",
        "meta": "@weather-condition",
        "userDefined": false
      },
      {
        "text": " es in ",
        "userDefined": false
      },
      {
        "text": "Suhl",
        "alias": "address",
        "meta": "@sys.location",
        "userDefined": false
      }
    ],
    "isTemplate": false,
    "count": 0,
    "updated": 0
  },
  {
    "id": "83e9cea8-9098-4ef3-8a6e-5d7da99a4a1b",
    "data": [
      {
        "text": "kein ",
        "userDefined": false
      },
      {
        "text": "regen",
        "alias": "condition",
        "meta": "@weather-condition",
        "userDefined": true
      },
      {
        "text": " ",
        "userDefined": false
      },
      {
        "text": "heute Abend",
        "alias": "date-time",
        "meta": "@sys.date-time",
        "userDefined": false
      },
      {
        "text": " in ",
        "userDefined": false
      },
      {
        "text": "Köln",
        "alias": "address",
        "meta": "@sys.location",
        "userDefined": false
      }
    ],
    "isTemplate": false,
    "count": 0,
    "updated": 0
  },
  {
    "id": "3f7f7422-0426-4b29-bc87-92fe2cd5132e",
    "data": [
      {
        "text": "regnet",
        "alias": "condition",
        "meta": "@weather-condition",
        "userDefined": false
      },
      {
        "text": " es",
        "userDefined": false
      }
    ],
    "isTemplate": false,
    "count": 0,
    "updated": 0
  },
  {
    "id": "a5bdbfc4-c3ca-42e3-885c-35bafe9831ce",
    "data": [
      {
        "text": "gibt es ",
        "userDefined": false
      },
      {
        "text": "am morgen",
        "alias": "date-time",
        "meta": "@sys.date-time",
        "userDefined": false
      },
      {
        "text": " in ",
        "userDefined": false
      },
      {
        "text": "Berlin",
        "alias": "address",
        "meta": "@sys.location",
        "userDefined": false
      },
      {
        "text": " ",
        "userDefined": false
      },
      {
        "text": "Sonne",
        "alias": "condition",
        "meta": "@weather-condition",
        "userDefined": false
      }
    ],
    "isTemplate": false,
    "count": 1,
    "updated": 0
  },
  {
    "id": "c45b584a-cf26-4d1f-bf55-52388a231cbe",
    "data": [
      {
        "text": "regnet",
        "alias": "condition",
        "meta": "@weather-condition",
        "userDefined": false
      },
      {
        "text": " es ",
        "userDefined": false
      },
      {
        "text": "heute",
        "alias": "date-time",
        "meta": "@sys.date-time",
        "userDefined": false
      },
      {
        "text": " noch in ",
        "userDefined": false
      },
      {
        "text": "Badersleben",
        "alias": "address",
        "meta": "@sys.location",
        "userDefined": false
      }
    ],
    "isTemplate": false,
    "count": 0,
    "updated": 0
  },
  {
    "id": "410233d9-772f-4f19-93c3-ae86db2379f5",
    "data": [
      {
        "text": "regnet",
        "alias": "condition",
        "meta": "@weather-condition",
        "userDefined": false
      },
      {
        "text": " es bei dir auch",
        "userDefined": false
      }
    ],
    "isTemplate": false,
    "count": 0,
    "updated": 0
  },
  {
    "id": "1694a250-2603-427e-81c6-6c84e7f34fa5",
    "data": [
      {
        "text": "regnet",
        "alias": "condition",
        "meta": "@weather-condition",
        "userDefined": false
      },
      {
        "text": " es ",
        "userDefined": false
      },
      {
        "text": "heute",
        "alias": "date-time",
        "meta": "@sys.date-time",
        "userDefined": false
      },
      {
        "text": " in ",
        "userDefined": false
      },
      {
        "text": "Köln",
        "alias": "address",
        "meta": "@sys.location",
        "userDefined": false
      }
    ],
    "isTemplate": false,
    "count": 0,
    "updated": 0
  },
  {
    "id": "7f944710-a1fe-430d-af42-4b3f02c57e5d",
    "data": [
      {
        "text": "und es ",
        "userDefined": false
      },
      {
        "text": "regnet",
        "alias": "condition",
        "meta": "@weather-condition",
        "userDefined": false
      },
      {
        "text": " ",
        "userDefined": false
      },
      {
        "text": "hier",
        "meta": "@sys.ignore",
        "userDefined": false
      }
    ],
    "isTemplate": false,
    "count": 0,
    "updated": 0
  },
  {
    "id": "4f4587db-a189-4906-a8bf-730c641b394f",
    "data": [
      {
        "text": "wird es nachher ",
        "userDefined": false
      },
      {
        "text": "warm",
        "meta": "@sys.ignore",
        "userDefined": false
      },
      {
        "text": " oder ",
        "userDefined": false
      },
      {
        "text": "regnet",
        "alias": "condition",
        "meta": "@weather-condition",
        "userDefined": false
      },
      {
        "text": " es",
        "userDefined": false
      }
    ],
    "isTemplate": false,
    "count": 0,
    "updated": 0
  },
  {
    "id": "a4334dcb-f28e-49be-8016-ac64e3d3f7d3",
    "data": [
      {
        "text": "regnet",
        "alias": "condition",
        "meta": "@weather-condition",
        "userDefined": false
      },
      {
        "text": " es gleich in ",
        "userDefined": false
      },
      {
        "text": "Hamm",
        "alias": "address",
        "meta": "@sys.location",
        "userDefined": false
      }
    ],
    "isTemplate": false,
    "count": 1,
    "updated": 0
  },
  {
    "id": "8af13064-55a4-4cc3-86e7-89d5cc78e6d5",
    "data": [
      {
        "text": "wann wird es ",
        "userDefined": false
      },
      {
        "text": "regnen",
        "alias": "condition",
        "meta": "@weather-condition",
        "userDefined": false
      }
    ],
    "isTemplate": false,
    "count": 0,
    "updated": 0
  },
  {
    "id": "2014d8b9-f5d2-47b0-af60-d1edf51bb690",
    "data": [
      {
        "text": "regnet",
        "alias": "condition",
        "meta": "@weather-condition",
        "userDefined": false
      },
      {
        "text": " es ",
        "userDefined": false
      },
      {
        "text": "heute",
        "alias": "date-time",
        "meta": "@sys.date-time",
        "userDefined": false
      }
    ],
    "isTemplate": false,
    "count": 0,
    "updated": 0
  },
  {
    "id": "9d5aa5c5-f425-4cc0-ba98-175f0d0c6198",
    "data": [
      {
        "text": "regnet",
        "alias": "condition",
        "meta": "@weather-condition",
        "userDefined": false
      },
      {
        "text": " es ",
        "userDefined": false
      },
      {
        "text": "heute",
        "alias": "date-time",
        "meta": "@sys.date-time",
        "userDefined": false
      },
      {
        "text": " in ",
        "userDefined": false
      },
      {
        "text": "Badersleben",
        "alias": "address",
        "meta": "@sys.location",
        "userDefined": true
      }
    ],
    "isTemplate": false,
    "count": 0,
    "updated": 0
  },
  {
    "id": "186091d1-d67c-4835-a9f8-6b9abbada04a",
    "data": [
      {
        "text": "heute",
        "alias": "date-time",
        "meta": "@sys.date-time",
        "userDefined": false
      },
      {
        "text": " ",
        "userDefined": false
      },
      {
        "text": "regnet",
        "alias": "condition",
        "meta": "@weather-condition",
        "userDefined": false
      },
      {
        "text": " es",
        "userDefined": false
      }
    ],
    "isTemplate": false,
    "count": 1,
    "updated": 0
  },
  {
    "id": "311966f0-8861-4c95-99c0-dca8f615afaa",
    "data": [
      {
        "text": "regnet",
        "alias": "condition",
        "meta": "@weather-condition",
        "userDefined": false
      },
      {
        "text": " es draußen",
        "userDefined": false
      }
    ],
    "isTemplate": false,
    "count": 0,
    "updated": 0
  },
  {
    "id": "2307b4a8-ee33-4408-82ed-993a989eb435",
    "data": [
      {
        "text": "gibt es ",
        "userDefined": false
      },
      {
        "text": "morgen",
        "alias": "date-time",
        "meta": "@sys.date-time",
        "userDefined": false
      },
      {
        "text": " ",
        "userDefined": false
      },
      {
        "text": "regen",
        "alias": "condition",
        "meta": "@weather-condition",
        "userDefined": true
      },
      {
        "text": " in ",
        "userDefined": false
      },
      {
        "text": "Halver",
        "alias": "address",
        "meta": "@sys.location",
        "userDefined": false
      }
    ],
    "isTemplate": false,
    "count": 0,
    "updated": 0
  },
  {
    "id": "b4621521-62ea-4bb6-b730-cc0d77ec9534",
    "data": [
      {
        "text": "wird es ",
        "userDefined": false
      },
      {
        "text": "heute",
        "alias": "date-time",
        "meta": "@sys.date-time",
        "userDefined": false
      },
      {
        "text": " ",
        "userDefined": false
      },
      {
        "text": "schneien",
        "alias": "condition",
        "meta": "@weather-condition",
        "userDefined": false
      },
      {
        "text": " in ",
        "userDefined": false
      },
      {
        "text": "Hannover",
        "alias": "address",
        "meta": "@sys.location",
        "userDefined": true
      }
    ],
    "isTemplate": false,
    "count": 0,
    "updated": 0
  },
  {
    "id": "dddd08d0-a661-4f89-b9a1-8bf2028dc21b",
    "data": [
      {
        "text": "gibt es auch ",
        "userDefined": false
      },
      {
        "text": "regen",
        "alias": "condition",
        "meta": "@weather-condition",
        "userDefined": true
      }
    ],
    "isTemplate": false,
    "count": 0,
    "updated": 0
  },
  {
    "id": "f9faccd8-b11d-4961-91af-a85ea201938b",
    "data": [
      {
        "text": "haben wir ",
        "userDefined": false
      },
      {
        "text": "morgen",
        "alias": "date-time",
        "meta": "@sys.date-time",
        "userDefined": false
      },
      {
        "text": " ",
        "userDefined": false
      },
      {
        "text": "Sonne",
        "alias": "condition",
        "meta": "@weather-condition",
        "userDefined": false
      },
      {
        "text": " oder",
        "userDefined": false
      }
    ],
    "isTemplate": false,
    "count": 0,
    "updated": 0
  },
  {
    "id": "814e4168-6bb4-4f44-baf7-9fe4556f2ff6",
    "data": [
      {
        "text": "scheint ",
        "userDefined": false
      },
      {
        "text": "morgen",
        "alias": "date-time",
        "meta": "@sys.date-time",
        "userDefined": false
      },
      {
        "text": " die ",
        "userDefined": false
      },
      {
        "text": "Sonne",
        "alias": "condition",
        "meta": "@weather-condition",
        "userDefined": false
      }
    ],
    "isTemplate": false,
    "count": 1,
    "updated": 0
  }
]