[
  {
    "id": "909dc4f0-c810-46ab-9fe6-4f77f718f62c",
    "data": [
      {
        "text": "還需要",
        "userDefined": false
      },
      {
        "text": "昨天",
        "alias": "date-time",
        "meta": "@sys.date-time",
        "userDefined": false
      }
    ],
    "isTemplate": false,
    "count": 0,
    "updated": 0
  },
  {
    "id": "3dfa6f21-a0d6-4d3a-af36-11e8a2500965",
    "data": [
      {
        "text": "還要",
        "userDefined": false
      },
      {
        "text": "明天",
        "alias": "date-time",
        "meta": "@sys.date-time",
        "userDefined": false
      }
    ],
    "isTemplate": false,
    "count": 0,
    "updated": 0
  },
  {
    "id": "d5c3d28a-02bf-492e-8af8-ca0985013b68",
    "data": [
      {
        "text": "我還要",
        "userDefined": false
      },
      {
        "text": "昨天",
        "alias": "date-time",
        "meta": "@sys.date-time",
        "userDefined": false
      }
    ],
    "isTemplate": false,
    "count": 0,
    "updated": 0
  },
  {
    "id": "f6738e73-ac75-4816-a2cf-bc511983b603",
    "data": [
      {
        "text": "能不能",
        "userDefined": false
      },
      {
        "text": "下星期五",
        "alias": "date-time",
        "meta": "@sys.date-time",
        "userDefined": false
      }
    ],
    "isTemplate": false,
    "count": 0,
    "updated": 0
  },
  {
    "id": "4a9b6531-f3e2-405d-9498-18c551cab62f",
    "data": [
      {
        "text": "現在",
        "userDefined": false
      },
      {
        "text": "明天",
        "alias": "date-time",
        "meta": "@sys.date-time",
        "userDefined": false
      }
    ],
    "isTemplate": false,
    "count": 0,
    "updated": 0
  },
  {
    "id": "a96eb41e-7ad1-434e-a206-faee588ad237",
    "data": [
      {
        "text": "明天",
        "alias": "date-time",
        "meta": "@sys.date-time",
        "userDefined": false
      }
    ],
    "isTemplate": false,
    "count": 0,
    "updated": 0
  },
  {
    "id": "7921fca7-4d0e-4d27-97bf-588c5ebf260b",
    "data": [
      {
        "text": "關于",
        "userDefined": false
      },
      {
        "text": "兩天後",
        "alias": "date-time",
        "meta": "@sys.date-time",
        "userDefined": true
      }
    ],
    "isTemplate": false,
    "count": 0,
    "updated": 0
  },
  {
    "id": "162d06dc-5c30-4f82-98ac-a237da018ebb",
    "data": [
      {
        "text": "還能不能",
        "userDefined": false
      },
      {
        "text": "明天",
        "alias": "date-time",
        "meta": "@sys.date-time",
        "userDefined": false
      }
    ],
    "isTemplate": false,
    "count": 0,
    "updated": 0
  },
  {
    "id": "3d24b074-f592-4d68-b684-cf90f30c0ec6",
    "data": [
      {
        "text": "會不會",
        "userDefined": false
      },
      {
        "text": "前天",
        "alias": "date-time",
        "meta": "@sys.date-time",
        "userDefined": false
      }
    ],
    "isTemplate": false,
    "count": 0,
    "updated": 0
  },
  {
    "id": "b3093c0f-5177-4de6-9b2e-04e80a378291",
    "data": [
      {
        "text": "還要",
        "userDefined": false
      },
      {
        "text": "三天前",
        "alias": "date-time",
        "meta": "@sys.date-time",
        "userDefined": false
      }
    ],
    "isTemplate": false,
    "count": 0,
    "updated": 0
  },
  {
    "id": "adf4637e-670a-4865-9331-418679e772a0",
    "data": [
      {
        "text": "怎麽能",
        "userDefined": false
      },
      {
        "text": "下個星期日",
        "alias": "date-time",
        "meta": "@sys.date-time",
        "userDefined": false
      }
    ],
    "isTemplate": false,
    "count": 0,
    "updated": 0
  },
  {
    "id": "a949bf08-32d9-4669-bdcf-26dd94c021ba",
    "data": [
      {
        "text": "我還很想",
        "userDefined": false
      },
      {
        "text": "一月一號",
        "alias": "date-time",
        "meta": "@sys.date-time",
        "userDefined": false
      }
    ],
    "isTemplate": false,
    "count": 0,
    "updated": 0
  },
  {
    "id": "a3248b2a-fe81-4660-98d3-abbeb09b8adf",
    "data": [
      {
        "text": "關",
        "meta": "@sys.ignore",
        "userDefined": false
      },
      {
        "text": "于",
        "userDefined": false
      },
      {
        "text": "明天",
        "alias": "date-time",
        "meta": "@sys.date-time",
        "userDefined": false
      }
    ],
    "isTemplate": false,
    "count": 0,
    "updated": 0
  }
]