[
  {
    "id": "8a4a5001-67a4-4754-b076-598d97676743",
    "data": [
      {
        "text": "じゃあ",
        "userDefined": false
      },
      {
        "text": "スケート",
        "alias": "activity",
        "meta": "@activity",
        "userDefined": true
      },
      {
        "text": "は？",
        "userDefined": false
      }
    ],
    "isTemplate": false,
    "count": 0,
    "updated": 0
  },
  {
    "id": "56b4572a-afc0-424c-bde8-597497583e47",
    "data": [
      {
        "text": "泳ぐ",
        "alias": "activity",
        "meta": "@activity",
        "userDefined": true
      },
      {
        "text": "のはどう？",
        "userDefined": false
      }
    ],
    "isTemplate": false,
    "count": 0,
    "updated": 0
  },
  {
    "id": "69fa5d93-537a-4847-a680-b33974cb3614",
    "data": [
      {
        "text": "スキー",
        "alias": "activity",
        "meta": "@activity",
        "userDefined": true
      }
    ],
    "isTemplate": false,
    "count": 0,
    "updated": 0
  }
]