[
  {
    "id": "961dab5d-8e91-4b0c-96ff-96ffa57cbb20",
    "data": [
      {
        "text": "what about ",
        "userDefined": false
      },
      {
        "text": "snowing",
        "alias": "condition",
        "meta": "@weather-condition",
        "userDefined": true
      }
    ],
    "isTemplate": false,
    "count": 0,
    "updated": 0
  },
  {
    "id": "4966478d-5096-4a2c-954b-d02b82a466f8",
    "data": [
      {
        "text": "and ",
        "userDefined": false
      },
      {
        "text": "rain",
        "alias": "condition",
        "meta": "@weather-condition",
        "userDefined": false
      }
    ],
    "isTemplate": false,
    "count": 0,
    "updated": 0
  }
]