[
  {
    "id": "897f49df-b6bb-4389-8d7d-1a33cc33b14e",
    "data": [
      {
        "text": "还在",
        "userDefined": false
      },
      {
        "text": "武汉",
        "alias": "address",
        "meta": "@sys.address",
        "userDefined": false
      },
      {
        "text": "呢",
        "userDefined": false
      }
    ],
    "isTemplate": false,
    "count": 0,
    "updated": 0
  },
  {
    "id": "750cd911-6e8e-43f3-bff6-5d2059d4e4aa",
    "data": [
      {
        "text": "告诉我在",
        "userDefined": false
      },
      {
        "text": "广州",
        "alias": "address",
        "meta": "@sys.address",
        "userDefined": false
      },
      {
        "text": "怎么样",
        "userDefined": false
      }
    ],
    "isTemplate": false,
    "count": 0,
    "updated": 0
  },
  {
    "id": "2cb17b9b-02ad-412f-bf99-e1f98c6fa0af",
    "data": [
      {
        "text": "在",
        "userDefined": false
      },
      {
        "text": "杭州",
        "alias": "address",
        "meta": "@sys.address",
        "userDefined": true
      }
    ],
    "isTemplate": false,
    "count": 0,
    "updated": 0
  },
  {
    "id": "fbf061fb-a376-46ee-ba5b-66688b248f23",
    "data": [
      {
        "text": "在",
        "userDefined": false
      },
      {
        "text": "北京",
        "alias": "address",
        "meta": "@sys.address",
        "userDefined": false
      }
    ],
    "isTemplate": false,
    "count": 0,
    "updated": 0
  },
  {
    "id": "3a3a79d4-5ecf-40f3-8473-0f4f7967a144",
    "data": [
      {
        "text": "还在",
        "userDefined": false
      },
      {
        "text": "宁波",
        "alias": "address",
        "meta": "@sys.address",
        "userDefined": true
      }
    ],
    "isTemplate": false,
    "count": 0,
    "updated": 0
  },
  {
    "id": "cf45b633-8c40-4397-b244-02ab409c6f24",
    "data": [
      {
        "text": "告诉我在",
        "userDefined": false
      },
      {
        "text": "广州",
        "alias": "address",
        "meta": "@sys.address",
        "userDefined": false
      }
    ],
    "isTemplate": false,
    "count": 0,
    "updated": 0
  },
  {
    "id": "7ba5f164-3bbd-4ed0-b5be-062a40c4cde6",
    "data": [
      {
        "text": "关于",
        "userDefined": false
      },
      {
        "text": "厦门",
        "alias": "address",
        "meta": "@sys.address",
        "userDefined": false
      }
    ],
    "isTemplate": false,
    "count": 0,
    "updated": 0
  },
  {
    "id": "a3ff2bec-b672-4560-ab35-21dd928ea571",
    "data": [
      {
        "text": "在",
        "userDefined": false
      },
      {
        "text": "辽宁",
        "alias": "address",
        "meta": "@sys.address",
        "userDefined": false
      },
      {
        "text": "吗",
        "userDefined": false
      }
    ],
    "isTemplate": false,
    "count": 0,
    "updated": 0
  },
  {
    "id": "dbd7959e-4d3f-483b-8424-eee0976464ec",
    "data": [
      {
        "text": "还在",
        "userDefined": false
      },
      {
        "text": "上海",
        "alias": "address",
        "meta": "@sys.address",
        "userDefined": true
      }
    ],
    "isTemplate": false,
    "count": 0,
    "updated": 0
  },
  {
    "id": "c2c243e7-fc00-4735-a257-4a0730276810",
    "data": [
      {
        "text": "在",
        "userDefined": false
      },
      {
        "text": "香港",
        "alias": "address",
        "meta": "@sys.address",
        "userDefined": false
      },
      {
        "text": "呢",
        "userDefined": false
      }
    ],
    "isTemplate": false,
    "count": 0,
    "updated": 0
  }
]