[
  {
    "id": "9b3f1c03-2b65-4874-9778-e36df8a5838b",
    "data": [
      {
        "text": "podré ir a ",
        "userDefined": false
      },
      {
        "text": "escalar a la montaña",
        "alias": "activity",
        "meta": "@activity",
        "userDefined": true
      },
      {
        "text": " el ",
        "userDefined": false
      },
      {
        "text": "jueves",
        "alias": "date-time",
        "meta": "@sys.date-time",
        "userDefined": true
      }
    ],
    "isTemplate": false,
    "count": 3,
    "updated": 0
  },
  {
    "id": "ccb4f6a9-387b-459f-ace9-c8a9e45ec13e",
    "data": [
      {
        "text": "está bueno el tiempo para ",
        "userDefined": false
      },
      {
        "text": "caminar",
        "alias": "activity",
        "meta": "@activity",
        "userDefined": true
      }
    ],
    "isTemplate": false,
    "count": 0,
    "updated": 0
  },
  {
    "id": "4631a899-0817-46d6-8e7e-42a148839e70",
    "data": [
      {
        "text": "me podrías decir si está bueno el clima para ",
        "userDefined": false
      },
      {
        "text": "acampar",
        "alias": "activity",
        "meta": "@activity",
        "userDefined": true
      }
    ],
    "isTemplate": false,
    "count": 0,
    "updated": 0
  },
  {
    "id": "8d6a9ef7-4718-4496-a6de-ff6ea3363f39",
    "data": [
      {
        "text": "hace buen tiempo para ",
        "userDefined": false
      },
      {
        "text": "caminar",
        "alias": "activity",
        "meta": "@activity",
        "userDefined": true
      }
    ],
    "isTemplate": false,
    "count": 1,
    "updated": 0
  },
  {
    "id": "4ca825f4-de3b-4291-afcb-5bbea944558e",
    "data": [
      {
        "text": "hace buen tiempo para ",
        "userDefined": false
      },
      {
        "text": "jugar a frisbee",
        "alias": "activity",
        "meta": "@activity",
        "userDefined": true
      },
      {
        "text": " fuera",
        "userDefined": false
      }
    ],
    "isTemplate": false,
    "count": 0,
    "updated": 0
  },
  {
    "id": "34e0bab7-70c0-4ed5-b4c4-c71d1f65ae75",
    "data": [
      {
        "text": "es recomendable ",
        "userDefined": false
      },
      {
        "text": "salir",
        "meta": "@sys.ignore",
        "userDefined": true
      },
      {
        "text": " ahora en ",
        "userDefined": false
      },
      {
        "text": "Murcia",
        "alias": "address",
        "meta": "@sys.location",
        "userDefined": true
      }
    ],
    "isTemplate": false,
    "count": 0,
    "updated": 0
  },
  {
    "id": "aa063145-8497-4504-88d1-43aebd7e2e36",
    "data": [
      {
        "text": "avísame si está bueno para salir a ",
        "userDefined": false
      },
      {
        "text": "correr",
        "alias": "activity",
        "meta": "@activity",
        "userDefined": true
      }
    ],
    "isTemplate": false,
    "count": 0,
    "updated": 0
  },
  {
    "id": "06d01134-16c4-4cfc-b07f-5c9eb293b55b",
    "data": [
      {
        "text": "puedo ir a ",
        "userDefined": false
      },
      {
        "text": "caminar",
        "alias": "activity",
        "meta": "@activity",
        "userDefined": true
      },
      {
        "text": " ahora por ",
        "userDefined": false
      },
      {
        "text": "Madrid",
        "alias": "address",
        "meta": "@sys.location",
        "userDefined": true
      }
    ],
    "isTemplate": false,
    "count": 0,
    "updated": 0
  },
  {
    "id": "bdcec699-c040-48cb-acd7-1793d49e3cc0",
    "data": [
      {
        "text": "puedo ir tranquilamente a ",
        "userDefined": false
      },
      {
        "text": "acampar",
        "alias": "activity",
        "meta": "@activity",
        "userDefined": true
      },
      {
        "text": " a la montaña",
        "userDefined": false
      }
    ],
    "isTemplate": false,
    "count": 0,
    "updated": 0
  },
  {
    "id": "fd8a031d-ede9-4b82-a620-9720496dea64",
    "data": [
      {
        "text": "me gustaría saber si puedo ",
        "userDefined": false
      },
      {
        "text": "ir a la playa",
        "alias": "activity",
        "meta": "@activity",
        "userDefined": true
      }
    ],
    "isTemplate": false,
    "count": 0,
    "updated": 0
  },
  {
    "id": "fbfd4cc1-e46b-4fcb-ba76-6e99a01c562d",
    "data": [
      {
        "text": "está fresco afuera para ir a ",
        "userDefined": false
      },
      {
        "text": "correr",
        "alias": "activity",
        "meta": "@activity",
        "userDefined": true
      }
    ],
    "isTemplate": false,
    "count": 0,
    "updated": 0
  },
  {
    "id": "836d9e56-5089-41a9-906d-c0ba8b22a6e2",
    "data": [
      {
        "text": "es buena idea hacer ",
        "userDefined": false
      },
      {
        "text": "senderismo",
        "alias": "activity",
        "meta": "@activity",
        "userDefined": true
      },
      {
        "text": " ahora mismo",
        "userDefined": false
      }
    ],
    "isTemplate": false,
    "count": 0,
    "updated": 0
  },
  {
    "id": "9b020321-36e7-4382-9948-faa707a6c4cb",
    "data": [
      {
        "text": "me permite el tiempo ir a ",
        "userDefined": false
      },
      {
        "text": "correr",
        "alias": "activity",
        "meta": "@activity",
        "userDefined": true
      }
    ],
    "isTemplate": false,
    "count": 0,
    "updated": 0
  },
  {
    "id": "2cb081f3-826d-489a-906e-b979534c3d13",
    "data": [
      {
        "text": "podré ",
        "userDefined": false
      },
      {
        "text": "ir a la playa",
        "alias": "activity",
        "meta": "@activity",
        "userDefined": true
      }
    ],
    "isTemplate": false,
    "count": 0,
    "updated": 0
  },
  {
    "id": "49550e93-48c2-4a41-80c8-821d71bc38cc",
    "data": [
      {
        "text": "infórmame si está bueno afuera para ",
        "userDefined": false
      },
      {
        "text": "caminar",
        "alias": "activity",
        "meta": "@activity",
        "userDefined": true
      },
      {
        "text": " por ",
        "userDefined": false
      },
      {
        "text": "Valencia",
        "alias": "address",
        "meta": "@sys.location",
        "userDefined": true
      }
    ],
    "isTemplate": false,
    "count": 0,
    "updated": 0
  },
  {
    "id": "86d8e898-6be3-444a-b3aa-0c662ed8fcc1",
    "data": [
      {
        "text": "el tiempo afuera me permite ",
        "userDefined": false
      },
      {
        "text": "ir al parque",
        "alias": "activity",
        "meta": "@activity",
        "userDefined": true
      }
    ],
    "isTemplate": false,
    "count": 0,
    "updated": 0
  },
  {
    "id": "808391de-6de9-46c1-83b6-1e3c1d50ac32",
    "data": [
      {
        "text": "me puedes decir cómo está el clima para ",
        "userDefined": false
      },
      {
        "text": "ir a la montaña",
        "alias": "activity",
        "meta": "@activity",
        "userDefined": true
      }
    ],
    "isTemplate": false,
    "count": 0,
    "updated": 0
  },
  {
    "id": "744c0199-10a5-43ed-9248-288991e27e3a",
    "data": [
      {
        "text": "no sé si es bueno ",
        "userDefined": false
      },
      {
        "text": "ir a la playa",
        "alias": "activity",
        "meta": "@activity",
        "userDefined": true
      },
      {
        "text": " ",
        "userDefined": false
      },
      {
        "text": "mañana",
        "alias": "date-time",
        "meta": "@sys.date-time",
        "userDefined": true
      }
    ],
    "isTemplate": false,
    "count": 0,
    "updated": 0
  },
  {
    "id": "a8561607-22db-465b-933a-39fa0d8738bb",
    "data": [
      {
        "text": "hace buen tiempo para ",
        "userDefined": false
      },
      {
        "text": "ir a la playa",
        "alias": "activity",
        "meta": "@activity",
        "userDefined": true
      }
    ],
    "isTemplate": false,
    "count": 0,
    "updated": 0
  },
  {
    "id": "e38dc973-b35c-4446-be1a-b725f80b8ac3",
    "data": [
      {
        "text": "el clima está a mi favor para ",
        "userDefined": false
      },
      {
        "text": "surfear",
        "alias": "activity",
        "meta": "@activity",
        "userDefined": true
      }
    ],
    "isTemplate": false,
    "count": 0,
    "updated": 0
  },
  {
    "id": "8cc2ffbb-d830-4524-8a4c-1634bab00f68",
    "data": [
      {
        "text": "trotar",
        "alias": "activity",
        "meta": "@activity",
        "userDefined": true
      },
      {
        "text": " se puede ahora por el clima",
        "userDefined": false
      }
    ],
    "isTemplate": false,
    "count": 0,
    "updated": 0
  },
  {
    "id": "682ae1c6-4f52-4483-ba68-a8c33ec12bb0",
    "data": [
      {
        "text": "me cae bien el clima para ",
        "userDefined": false
      },
      {
        "text": "ir a la montaña",
        "alias": "activity",
        "meta": "@activity",
        "userDefined": true
      }
    ],
    "isTemplate": false,
    "count": 0,
    "updated": 0
  },
  {
    "id": "0aef303e-49f8-4726-b5a1-21cc604bfef1",
    "data": [
      {
        "text": "informar ",
        "userDefined": false
      },
      {
        "text": "si",
        "meta": "@sys.ignore",
        "userDefined": true
      },
      {
        "text": " estará ",
        "userDefined": false
      },
      {
        "text": "bueno",
        "meta": "@sys.ignore",
        "userDefined": true
      },
      {
        "text": " ",
        "userDefined": false
      },
      {
        "text": "mañana",
        "alias": "date-time",
        "meta": "@sys.date-time",
        "userDefined": true
      },
      {
        "text": " ",
        "userDefined": false
      },
      {
        "text": "para",
        "meta": "@sys.ignore",
        "userDefined": true
      },
      {
        "text": " ",
        "userDefined": false
      },
      {
        "text": "caminar",
        "alias": "activity",
        "meta": "@activity",
        "userDefined": true
      }
    ],
    "isTemplate": false,
    "count": 0,
    "updated": 0
  },
  {
    "id": "06bc1920-0783-4636-bb37-fdd1fde82879",
    "data": [
      {
        "text": "no",
        "meta": "@sys.ignore",
        "userDefined": true
      },
      {
        "text": " podré ",
        "userDefined": false
      },
      {
        "text": "trotar",
        "alias": "activity",
        "meta": "@activity",
        "userDefined": true
      },
      {
        "text": " ",
        "userDefined": false
      },
      {
        "text": "por el",
        "meta": "@sys.ignore",
        "userDefined": true
      },
      {
        "text": " clima afuera",
        "userDefined": false
      }
    ],
    "isTemplate": false,
    "count": 0,
    "updated": 0
  },
  {
    "id": "90111631-3a0d-4173-abaa-a4e4a21a1b2c",
    "data": [
      {
        "text": "se puede ir a ",
        "userDefined": false
      },
      {
        "text": "correr",
        "alias": "activity",
        "meta": "@activity",
        "userDefined": true
      },
      {
        "text": " con el clima de ",
        "userDefined": false
      },
      {
        "text": "Londres",
        "alias": "address",
        "meta": "@sys.location",
        "userDefined": true
      },
      {
        "text": " ahora",
        "userDefined": false
      }
    ],
    "isTemplate": false,
    "count": 0,
    "updated": 0
  },
  {
    "id": "d51c2a7f-db5c-4b23-b59d-41655f7e66d7",
    "data": [
      {
        "text": "avisarme si está bueno el clima para ",
        "userDefined": false
      },
      {
        "text": "ir a la playa",
        "alias": "activity",
        "meta": "@activity",
        "userDefined": true
      }
    ],
    "isTemplate": false,
    "count": 0,
    "updated": 0
  },
  {
    "id": "c5722638-3623-4560-8230-8054e6a45b11",
    "data": [
      {
        "text": "dime si hace buen tiempo para ",
        "userDefined": false
      },
      {
        "text": "ir a la playa",
        "alias": "activity",
        "meta": "@activity",
        "userDefined": true
      },
      {
        "text": " en ",
        "userDefined": false
      },
      {
        "text": "Torrevieja",
        "alias": "address",
        "meta": "@sys.location",
        "userDefined": true
      },
      {
        "text": " ",
        "userDefined": false
      },
      {
        "text": "hoy",
        "alias": "date-time",
        "meta": "@sys.date-time",
        "userDefined": true
      }
    ],
    "isTemplate": false,
    "count": 0,
    "updated": 0
  },
  {
    "id": "26b840f3-a014-4c11-ab2f-bc1e331c6d17",
    "data": [
      {
        "text": "el clima me permite ir a ",
        "userDefined": false
      },
      {
        "text": "acampar",
        "alias": "activity",
        "meta": "@activity",
        "userDefined": true
      }
    ],
    "isTemplate": false,
    "count": 0,
    "updated": 0
  }
]