[
  {
    "id": "3f07f9fa-83ef-426c-8b09-bbf7e9e83a19",
    "data": [
      {
        "text": "можно ли ",
        "userDefined": false
      },
      {
        "text": "играть в снежки",
        "alias": "activity",
        "meta": "@activity",
        "userDefined": true
      }
    ],
    "isTemplate": false,
    "count": 0,
    "updated": 0
  },
  {
    "id": "9af44b6d-868a-4785-bd88-5ffbb5a2877d",
    "data": [
      {
        "text": "сейчас хорошая погода для ",
        "userDefined": false
      },
      {
        "text": "пробежки",
        "alias": "activity",
        "meta": "@activity",
        "userDefined": true
      }
    ],
    "isTemplate": false,
    "count": 0,
    "updated": 0
  },
  {
    "id": "b41e60d8-9afe-4a7f-b0ff-30ccfa2c3e9c",
    "data": [
      {
        "text": "велопрогулка",
        "alias": "activity",
        "meta": "@activity",
        "userDefined": true
      },
      {
        "text": " по ",
        "userDefined": false
      },
      {
        "text": "Москве",
        "alias": "address",
        "meta": "@sys.location",
        "userDefined": true
      },
      {
        "text": " стоит ли",
        "userDefined": false
      }
    ],
    "isTemplate": false,
    "count": 0,
    "updated": 0
  },
  {
    "id": "6d6005f8-0fb0-4367-b202-138845a820df",
    "data": [
      {
        "text": "достаточно ли тепло для ",
        "userDefined": false
      },
      {
        "text": "игр",
        "alias": "activity",
        "meta": "@activity",
        "userDefined": true
      },
      {
        "text": " на улице",
        "userDefined": false
      }
    ],
    "isTemplate": false,
    "count": 0,
    "updated": 0
  },
  {
    "id": "a7188c79-b321-48f1-863e-08462b9469c3",
    "data": [
      {
        "text": "пробежка",
        "alias": "activity",
        "meta": "@activity",
        "userDefined": true
      },
      {
        "text": " этим ",
        "userDefined": false
      },
      {
        "text": "вечером",
        "alias": "date-time",
        "meta": "@sys.date-time",
        "userDefined": true
      }
    ],
    "isTemplate": false,
    "count": 0,
    "updated": 0
  },
  {
    "id": "5047bf9b-e133-4291-babf-4f8a8da7a5f3",
    "data": [
      {
        "text": "стоит ли идти на ",
        "userDefined": false
      },
      {
        "text": "пробежку",
        "alias": "activity",
        "meta": "@activity",
        "userDefined": true
      }
    ],
    "isTemplate": false,
    "count": 0,
    "updated": 0
  },
  {
    "id": "a0cef582-c5f4-40f0-bdc4-6bb0be87ebd0",
    "data": [
      {
        "text": "рафтинг",
        "alias": "activity",
        "meta": "@activity",
        "userDefined": true
      },
      {
        "text": " в ",
        "userDefined": false
      },
      {
        "text": "Майами",
        "alias": "address",
        "meta": "@sys.location",
        "userDefined": true
      },
      {
        "text": " ",
        "userDefined": false
      },
      {
        "text": "этим вечером",
        "alias": "date-time",
        "meta": "@sys.date-time",
        "userDefined": true
      }
    ],
    "isTemplate": false,
    "count": 0,
    "updated": 0
  },
  {
    "id": "c19ec445-f834-4064-93a6-afb0fa4fb3fa",
    "data": [
      {
        "text": "подходящая ли на улице погода для ",
        "userDefined": false
      },
      {
        "text": "езды на горном велосипеде",
        "alias": "activity",
        "meta": "@activity",
        "userDefined": true
      }
    ],
    "isTemplate": false,
    "count": 0,
    "updated": 0
  },
  {
    "id": "aed2e638-19c8-473a-8d44-09b26c99b1fb",
    "data": [
      {
        "text": "погода то что надо для ",
        "userDefined": false
      },
      {
        "text": "похода",
        "alias": "activity",
        "meta": "@activity",
        "userDefined": true
      }
    ],
    "isTemplate": false,
    "count": 0,
    "updated": 0
  },
  {
    "id": "9e380d02-9010-465a-9289-d035edf66064",
    "data": [
      {
        "text": "вечером",
        "alias": "date-time",
        "meta": "@sys.date-time",
        "userDefined": true
      },
      {
        "text": " собираемся на ",
        "userDefined": false
      },
      {
        "text": "сафари",
        "alias": "activity",
        "meta": "@activity",
        "userDefined": true
      },
      {
        "text": " погода подходит",
        "userDefined": false
      }
    ],
    "isTemplate": false,
    "count": 0,
    "updated": 0
  },
  {
    "id": "1b264420-2a1a-40e8-ae5c-c0663c521d1e",
    "data": [
      {
        "text": "будет ли достаточно тепло чтобы ",
        "userDefined": false
      },
      {
        "text": "пойти за грибами",
        "alias": "activity",
        "meta": "@activity",
        "userDefined": true
      },
      {
        "text": " в ",
        "userDefined": false
      },
      {
        "text": "эту пятницу",
        "alias": "date-time",
        "meta": "@sys.date-time",
        "userDefined": true
      },
      {
        "text": " ",
        "userDefined": false
      },
      {
        "text": "Новосибирск",
        "alias": "address",
        "meta": "@sys.location",
        "userDefined": true
      }
    ],
    "isTemplate": false,
    "count": 0,
    "updated": 0
  },
  {
    "id": "d3ccad4d-22f7-478b-98ad-28e98b0dff8a",
    "data": [
      {
        "text": "достаточно ли хороша погода для езды на ",
        "userDefined": false
      },
      {
        "text": "велосипеде",
        "alias": "activity",
        "meta": "@activity",
        "userDefined": true
      }
    ],
    "isTemplate": false,
    "count": 0,
    "updated": 0
  },
  {
    "id": "0c0e5f41-afc7-49d8-83c6-086f9c0d7681",
    "data": [
      {
        "text": "виндсерфинг",
        "alias": "activity",
        "meta": "@activity",
        "userDefined": true
      },
      {
        "text": " в ",
        "userDefined": false
      },
      {
        "text": "Пхукете",
        "alias": "address",
        "meta": "@sys.location",
        "userDefined": true
      },
      {
        "text": " погода то что надо",
        "userDefined": false
      }
    ],
    "isTemplate": false,
    "count": 0,
    "updated": 0
  },
  {
    "id": "5fe0244d-2f90-42fd-a8ee-2e0a4de2dee7",
    "data": [
      {
        "text": "хотим ",
        "userDefined": false
      },
      {
        "text": "понаблюдать за птицами",
        "alias": "activity",
        "meta": "@activity",
        "userDefined": true
      },
      {
        "text": " ",
        "userDefined": false
      },
      {
        "text": "сегодня",
        "alias": "date-time",
        "meta": "@sys.date-time",
        "userDefined": true
      },
      {
        "text": " в ",
        "userDefined": false
      },
      {
        "text": "Бостоне",
        "alias": "address",
        "meta": "@sys.location",
        "userDefined": true
      }
    ],
    "isTemplate": false,
    "count": 0,
    "updated": 0
  },
  {
    "id": "de31bd1e-b770-4b8b-a2bf-60106fc6c2d9",
    "data": [
      {
        "text": "подходит ли погода для ",
        "userDefined": false
      },
      {
        "text": "прогулки",
        "alias": "activity",
        "meta": "@activity",
        "userDefined": true
      }
    ],
    "isTemplate": false,
    "count": 0,
    "updated": 0
  },
  {
    "id": "79ee5978-1c72-46c4-a9e1-2e4b720cd738",
    "data": [
      {
        "text": "достаточно ли тепло чтобы пойти ",
        "userDefined": false
      },
      {
        "text": "поплавать",
        "alias": "activity",
        "meta": "@activity",
        "userDefined": true
      }
    ],
    "isTemplate": false,
    "count": 0,
    "updated": 0
  },
  {
    "id": "d56674b1-93dc-4a92-8c8e-386adc80da6d",
    "data": [
      {
        "text": "думаешь достаточно тепло для ",
        "userDefined": false
      },
      {
        "text": "велопрогулки",
        "alias": "activity",
        "meta": "@activity",
        "userDefined": true
      }
    ],
    "isTemplate": false,
    "count": 1,
    "updated": 0
  },
  {
    "id": "132f6653-414c-4fb9-ac34-21ddc325c41e",
    "data": [
      {
        "text": "хочу ",
        "userDefined": false
      },
      {
        "text": "прогуляться",
        "alias": "activity",
        "meta": "@activity",
        "userDefined": true
      },
      {
        "text": " по ",
        "userDefined": false
      },
      {
        "text": "Мадриду",
        "alias": "address",
        "meta": "@sys.location",
        "userDefined": true
      }
    ],
    "isTemplate": false,
    "count": 0,
    "updated": 0
  },
  {
    "id": "56e06f5e-ce91-43e7-b12d-9f5822992a7d",
    "data": [
      {
        "text": "собираюсь ",
        "userDefined": false
      },
      {
        "text": "сегодня",
        "alias": "date-time",
        "meta": "@sys.date-time",
        "userDefined": true
      },
      {
        "text": " ",
        "userDefined": false
      },
      {
        "text": "кататься на лыжах",
        "alias": "activity",
        "meta": "@activity",
        "userDefined": true
      },
      {
        "text": " получится",
        "userDefined": false
      }
    ],
    "isTemplate": false,
    "count": 1,
    "updated": 0
  },
  {
    "id": "206a5e35-f374-4eb5-aeae-8e21fc8c4e7d",
    "data": [
      {
        "text": "хочу ",
        "userDefined": false
      },
      {
        "text": "прогуляться",
        "alias": "activity",
        "meta": "@activity",
        "userDefined": true
      },
      {
        "text": " как там погода",
        "userDefined": false
      }
    ],
    "isTemplate": false,
    "count": 2,
    "updated": 0
  },
  {
    "id": "f8c8ebe0-dd21-4135-964b-e6579bd4f1a5",
    "data": [
      {
        "text": "стоит ли ",
        "userDefined": false
      },
      {
        "text": "идти в поход",
        "alias": "activity",
        "meta": "@activity",
        "userDefined": true
      },
      {
        "text": " ",
        "userDefined": false
      },
      {
        "text": "сейчас",
        "alias": "date-time",
        "meta": "@sys.date-time",
        "userDefined": true
      }
    ],
    "isTemplate": false,
    "count": 0,
    "updated": 0
  },
  {
    "id": "410252c4-d32d-47e1-8fea-57a55b44ce9b",
    "data": [
      {
        "text": "хочу ",
        "userDefined": false
      },
      {
        "text": "пойти в поход",
        "alias": "activity",
        "meta": "@activity",
        "userDefined": true
      },
      {
        "text": " на улице тепло",
        "userDefined": false
      }
    ],
    "isTemplate": false,
    "count": 1,
    "updated": 0
  },
  {
    "id": "74757b48-27eb-42c0-939e-462f7ab9b0b4",
    "data": [
      {
        "text": "сегодня",
        "alias": "date-time",
        "meta": "@sys.date-time",
        "userDefined": true
      },
      {
        "text": " хорошая погода для ",
        "userDefined": false
      },
      {
        "text": "прогулки",
        "alias": "activity",
        "meta": "@activity",
        "userDefined": true
      }
    ],
    "isTemplate": false,
    "count": 0,
    "updated": 0
  },
  {
    "id": "6d4f4c36-0f2c-498a-b1e6-6593fc82fcee",
    "data": [
      {
        "text": "будет ли холодно в эту ",
        "userDefined": false
      },
      {
        "text": "пятницу",
        "alias": "date-time",
        "meta": "@sys.date-time",
        "userDefined": true
      },
      {
        "text": " хотим ",
        "userDefined": false
      },
      {
        "text": "поиграть в снежки",
        "alias": "activity",
        "meta": "@activity",
        "userDefined": true
      }
    ],
    "isTemplate": false,
    "count": 0,
    "updated": 0
  },
  {
    "id": "338bae69-6917-4410-8be8-588e91f6ca2e",
    "data": [
      {
        "text": "хорошая погода для ",
        "userDefined": false
      },
      {
        "text": "серфинга",
        "alias": "activity",
        "meta": "@activity",
        "userDefined": true
      }
    ],
    "isTemplate": false,
    "count": 0,
    "updated": 0
  },
  {
    "id": "0427f5e3-8783-4831-a326-dccad1243f3f",
    "data": [
      {
        "text": "могу ли покататься на ",
        "userDefined": false
      },
      {
        "text": "сноуборде",
        "alias": "activity",
        "meta": "@activity",
        "userDefined": true
      }
    ],
    "isTemplate": false,
    "count": 0,
    "updated": 0
  },
  {
    "id": "59bb3fda-8299-4ce2-989a-3c0cda4135e3",
    "data": [
      {
        "text": "хорошая погода для ",
        "userDefined": false
      },
      {
        "text": "осмотра достопримечательностей",
        "alias": "activity",
        "meta": "@activity",
        "userDefined": true
      }
    ],
    "isTemplate": false,
    "count": 0,
    "updated": 0
  },
  {
    "id": "33ecc994-ba39-4469-9ff9-af378df9c137",
    "data": [
      {
        "text": "можно ",
        "userDefined": false
      },
      {
        "text": "поплавать",
        "alias": "activity",
        "meta": "@activity",
        "userDefined": true
      }
    ],
    "isTemplate": false,
    "count": 0,
    "updated": 0
  },
  {
    "id": "a0422e0f-a3b3-4179-8dba-7d67a7a505db",
    "data": [
      {
        "text": "стоит ли ехать в ",
        "userDefined": false
      },
      {
        "text": "Вену",
        "alias": "address",
        "meta": "@sys.location",
        "userDefined": true
      },
      {
        "text": " ",
        "userDefined": false
      },
      {
        "text": "кататься на лыжах",
        "alias": "activity",
        "meta": "@activity",
        "userDefined": true
      }
    ],
    "isTemplate": false,
    "count": 0,
    "updated": 0
  },
  {
    "id": "d71239e9-cb48-43a2-972e-6de353f531dd",
    "data": [
      {
        "text": "хорошо ты думаешь погода подходит для ",
        "userDefined": false
      },
      {
        "text": "похода",
        "alias": "activity",
        "meta": "@activity",
        "userDefined": true
      }
    ],
    "isTemplate": false,
    "count": 0,
    "updated": 0
  },
  {
    "id": "fbe613d7-e24b-4c6a-b6f8-c795ee8f4ce7",
    "data": [
      {
        "text": "думаешь погода не подходит для игры в ",
        "userDefined": false
      },
      {
        "text": "бадминтон",
        "alias": "activity",
        "meta": "@activity",
        "userDefined": true
      }
    ],
    "isTemplate": false,
    "count": 0,
    "updated": 0
  },
  {
    "id": "81603e1c-bef1-4229-a44e-079bb85fb114",
    "data": [
      {
        "text": "сегодня",
        "alias": "date-time",
        "meta": "@sys.date-time",
        "userDefined": true
      },
      {
        "text": " подходящая погода для ",
        "userDefined": false
      },
      {
        "text": "прогулки",
        "alias": "activity",
        "meta": "@activity",
        "userDefined": true
      }
    ],
    "isTemplate": false,
    "count": 0,
    "updated": 0
  },
  {
    "id": "bd6a624e-78a7-4638-97d4-339a8a05a6f9",
    "data": [
      {
        "text": "смогу ли я ",
        "userDefined": false
      },
      {
        "text": "пойти в поход",
        "alias": "activity",
        "meta": "@activity",
        "userDefined": true
      }
    ],
    "isTemplate": false,
    "count": 0,
    "updated": 0
  },
  {
    "id": "ff4f796e-bec9-48c8-8bc2-05c90c0e5243",
    "data": [
      {
        "text": "стоит ли ",
        "userDefined": false
      },
      {
        "text": "идти в поход",
        "alias": "activity",
        "meta": "@activity",
        "userDefined": true
      },
      {
        "text": " в ",
        "userDefined": false
      },
      {
        "text": "эти выходные",
        "alias": "date-time",
        "meta": "@sys.date-time",
        "userDefined": true
      },
      {
        "text": " ",
        "userDefined": false
      },
      {
        "text": "Москва",
        "alias": "address",
        "meta": "@sys.location",
        "userDefined": true
      }
    ],
    "isTemplate": false,
    "count": 0,
    "updated": 0
  }
]