[
  {
    "id": "38a9c690-fe0e-4b3d-a2ed-00e1b3b699f4",
    "data": [
      {
        "text": "à ",
        "userDefined": false
      },
      {
        "text": "Orléans",
        "alias": "address",
        "meta": "@sys.geo-city",
        "userDefined": false
      }
    ],
    "isTemplate": false,
    "count": 0,
    "updated": 1530696584
  },
  {
    "id": "922ad2c7-1d63-4683-af68-6d97fd4fd83d",
    "data": [
      {
        "text": "et à ",
        "userDefined": false
      },
      {
        "text": "Montpellier",
        "alias": "address",
        "meta": "@sys.geo-city",
        "userDefined": true
      }
    ],
    "isTemplate": false,
    "count": 0,
    "updated": 1530696584
  },
  {
    "id": "aaef6130-df8a-4d34-b234-313ca8cb136b",
    "data": [
      {
        "text": "sur",
        "meta": "@sys.ignore",
        "userDefined": false
      },
      {
        "text": " ",
        "userDefined": false
      },
      {
        "text": "Nantes",
        "alias": "address",
        "meta": "@sys.geo-city",
        "userDefined": false
      }
    ],
    "isTemplate": false,
    "count": 0,
    "updated": 1530696584
  },
  {
    "id": "e826b662-95bc-4cae-9e92-4563445e94c9",
    "data": [
      {
        "text": "et",
        "meta": "@sys.ignore",
        "userDefined": false
      },
      {
        "text": " à ",
        "userDefined": false
      },
      {
        "text": "Londres",
        "alias": "address",
        "meta": "@sys.geo-city",
        "userDefined": false
      }
    ],
    "isTemplate": false,
    "count": 0,
    "updated": 1530696584
  },
  {
    "id": "fae8e194-9f82-4575-afb0-84f85c4d420d",
    "data": [
      {
        "text": "et à ",
        "userDefined": false
      },
      {
        "text": "Marseille",
        "alias": "address",
        "meta": "@sys.geo-city",
        "userDefined": false
      },
      {
        "text": " aussi",
        "userDefined": false
      }
    ],
    "isTemplate": false,
    "count": 0,
    "updated": 1530696584
  }
]