[
  {
    "id": "80c5325e-b601-4491-a3f3-f3d28d767390",
    "data": [
      {
        "text": "мой ",
        "userDefined": false
      },
      {
        "text": "плащ",
        "alias": "outfit",
        "meta": "@outfit",
        "userDefined": true
      }
    ],
    "isTemplate": false,
    "count": 0,
    "updated": 0
  },
  {
    "id": "5de734c9-2884-40b0-80f6-dce1b63c06b0",
    "data": [
      {
        "text": "и ",
        "userDefined": false
      },
      {
        "text": "зонтик",
        "alias": "outfit",
        "meta": "@outfit",
        "userDefined": true
      }
    ],
    "isTemplate": false,
    "count": 1,
    "updated": 0
  },
  {
    "id": "06d93575-0c13-49be-a70c-48f407370b75",
    "data": [
      {
        "text": "что насчёт ",
        "userDefined": false
      },
      {
        "text": "очков",
        "alias": "outfit",
        "meta": "@outfit",
        "userDefined": true
      }
    ],
    "isTemplate": false,
    "count": 0,
    "updated": 0
  },
  {
    "id": "5009300f-d6bb-4333-9cea-7701ab0377e1",
    "data": [
      {
        "text": "и ",
        "userDefined": false
      },
      {
        "text": "плащ",
        "alias": "outfit",
        "meta": "@outfit",
        "userDefined": true
      }
    ],
    "isTemplate": false,
    "count": 0,
    "updated": 0
  },
  {
    "id": "10a6479f-a1b7-45a7-8d3a-c4e666850226",
    "data": [
      {
        "text": "как насчёт ",
        "userDefined": false
      },
      {
        "text": "зонта",
        "alias": "outfit",
        "meta": "@outfit",
        "userDefined": true
      }
    ],
    "isTemplate": false,
    "count": 0,
    "updated": 0
  },
  {
    "id": "4eb2be2c-d980-40e5-b185-ca3ad619cac0",
    "data": [
      {
        "text": "пальто",
        "alias": "outfit",
        "meta": "@outfit",
        "userDefined": false
      }
    ],
    "isTemplate": false,
    "count": 0,
    "updated": 0
  },
  {
    "id": "f7285b5e-0444-4cec-a12b-087dc6c11f49",
    "data": [
      {
        "text": "а что скажешь про ",
        "userDefined": false
      },
      {
        "text": "солнечные очки",
        "alias": "outfit",
        "meta": "@outfit",
        "userDefined": true
      }
    ],
    "isTemplate": false,
    "count": 0,
    "updated": 0
  },
  {
    "id": "cc1da9bf-ad29-4112-9acf-73f0612a485a",
    "data": [
      {
        "text": "и брать ли ",
        "userDefined": false
      },
      {
        "text": "зонт",
        "alias": "outfit",
        "meta": "@outfit",
        "userDefined": true
      }
    ],
    "isTemplate": false,
    "count": 0,
    "updated": 0
  }
]