[
  {
    "id": "343cb511-dff9-4a8f-8b62-4cf6f14d9ebc",
    "data": [
      {
        "text": "und für ",
        "userDefined": false
      },
      {
        "text": "nächste Woche",
        "alias": "date-time",
        "meta": "@sys.date-time",
        "userDefined": false
      }
    ],
    "isTemplate": false,
    "count": 0,
    "updated": 0
  },
  {
    "id": "57113762-75a7-45d4-9807-171074f58f21",
    "data": [
      {
        "text": "und ",
        "userDefined": false
      },
      {
        "text": "nächste Woche",
        "alias": "date-time",
        "meta": "@sys.date-time",
        "userDefined": false
      }
    ],
    "isTemplate": false,
    "count": 0,
    "updated": 0
  },
  {
    "id": "2d996446-e5d1-4bda-9ed5-0531677861c8",
    "data": [
      {
        "text": "und an diesem ",
        "userDefined": false
      },
      {
        "text": "Wochenende",
        "alias": "date-time",
        "meta": "@sys.date-time",
        "userDefined": true
      }
    ],
    "isTemplate": false,
    "count": 0,
    "updated": 0
  },
  {
    "id": "d8415f22-d26b-4bcd-9937-d9fd282feb1b",
    "data": [
      {
        "text": "und ",
        "userDefined": false
      },
      {
        "text": "übermorgen",
        "alias": "date-time",
        "meta": "@sys.date-time",
        "userDefined": false
      }
    ],
    "isTemplate": false,
    "count": 0,
    "updated": 0
  },
  {
    "id": "fc6e740b-b9f2-4eaf-885a-51d8cb07b5d3",
    "data": [
      {
        "text": "und ",
        "userDefined": false
      },
      {
        "text": "morgen",
        "alias": "date-time",
        "meta": "@sys.date-time",
        "userDefined": false
      }
    ],
    "isTemplate": false,
    "count": 0,
    "updated": 0
  },
  {
    "id": "5dfe6e84-e940-4bc8-b557-8f35458cad94",
    "data": [
      {
        "text": "heute Abend",
        "alias": "date-time",
        "meta": "@sys.date-time",
        "userDefined": false
      }
    ],
    "isTemplate": false,
    "count": 0,
    "updated": 0
  },
  {
    "id": "bf553e58-1bbf-4688-a199-76a7070b1672",
    "data": [
      {
        "text": "und auch ",
        "userDefined": false
      },
      {
        "text": "morgen",
        "alias": "date-time",
        "meta": "@sys.date-time",
        "userDefined": false
      }
    ],
    "isTemplate": false,
    "count": 0,
    "updated": 0
  },
  {
    "id": "d073a6a9-d583-4b17-91f8-b4e9b3833925",
    "data": [
      {
        "text": "und auch für ",
        "userDefined": false
      },
      {
        "text": "morgen",
        "alias": "date-time",
        "meta": "@sys.date-time",
        "userDefined": false
      }
    ],
    "isTemplate": false,
    "count": 0,
    "updated": 0
  },
  {
    "id": "1c1b1a66-5096-4961-953c-fff61ef75617",
    "data": [
      {
        "text": "und",
        "meta": "@sys.ignore",
        "userDefined": false
      },
      {
        "text": " für ",
        "userDefined": false
      },
      {
        "text": "morgen",
        "alias": "date-time",
        "meta": "@sys.date-time",
        "userDefined": false
      }
    ],
    "isTemplate": false,
    "count": 0,
    "updated": 0
  }
]