[
  {
    "id": "b69f616f-c9f8-4a34-9082-443091cd9529",
    "data": [
      {
        "text": "還在",
        "userDefined": false
      },
      {
        "text": "武漢",
        "alias": "address",
        "meta": "@sys.address",
        "userDefined": false
      },
      {
        "text": "呢",
        "userDefined": false
      }
    ],
    "isTemplate": false,
    "count": 0,
    "updated": 0
  },
  {
    "id": "a3da2b95-a801-4fb9-80d5-456a4b556234",
    "data": [
      {
        "text": "在",
        "userDefined": false
      },
      {
        "text": "北京",
        "alias": "address",
        "meta": "@sys.address",
        "userDefined": false
      }
    ],
    "isTemplate": false,
    "count": 0,
    "updated": 0
  },
  {
    "id": "84548f60-5ce0-4747-b608-ab4418882182",
    "data": [
      {
        "text": "關于",
        "userDefined": false
      },
      {
        "text": "廈門",
        "alias": "address",
        "meta": "@sys.address",
        "userDefined": false
      }
    ],
    "isTemplate": false,
    "count": 0,
    "updated": 0
  },
  {
    "id": "17200b22-7a34-4902-afe2-6ee35389cd97",
    "data": [
      {
        "text": "在",
        "userDefined": false
      },
      {
        "text": "香港",
        "alias": "address",
        "meta": "@sys.address",
        "userDefined": false
      },
      {
        "text": "呢",
        "userDefined": false
      }
    ],
    "isTemplate": false,
    "count": 0,
    "updated": 0
  },
  {
    "id": "9fa2b5ec-8a7e-4fee-96b2-9dc8cd0fe83b",
    "data": [
      {
        "text": "在",
        "userDefined": false
      },
      {
        "text": "杭州",
        "alias": "address",
        "meta": "@sys.address",
        "userDefined": true
      }
    ],
    "isTemplate": false,
    "count": 0,
    "updated": 0
  },
  {
    "id": "199f202c-6476-4aff-b189-d38b24835cbc",
    "data": [
      {
        "text": "還在",
        "userDefined": false
      },
      {
        "text": "上海",
        "alias": "address",
        "meta": "@sys.address",
        "userDefined": true
      }
    ],
    "isTemplate": false,
    "count": 0,
    "updated": 0
  },
  {
    "id": "f38c1392-0f6e-4558-9706-f040ff4f18b3",
    "data": [
      {
        "text": "在",
        "userDefined": false
      },
      {
        "text": "遼甯",
        "alias": "address",
        "meta": "@sys.address",
        "userDefined": false
      },
      {
        "text": "嗎",
        "userDefined": false
      }
    ],
    "isTemplate": false,
    "count": 0,
    "updated": 0
  },
  {
    "id": "694fc7bc-b1cb-473c-b47f-ebb14bd9c5ae",
    "data": [
      {
        "text": "告訴我在",
        "userDefined": false
      },
      {
        "text": "廣州",
        "alias": "address",
        "meta": "@sys.address",
        "userDefined": false
      }
    ],
    "isTemplate": false,
    "count": 0,
    "updated": 0
  },
  {
    "id": "60f1545d-d0ac-4bc0-9e84-2060ff963bcd",
    "data": [
      {
        "text": "告訴我在",
        "userDefined": false
      },
      {
        "text": "廣州",
        "alias": "address",
        "meta": "@sys.address",
        "userDefined": false
      },
      {
        "text": "怎麽樣",
        "userDefined": false
      }
    ],
    "isTemplate": false,
    "count": 0,
    "updated": 0
  },
  {
    "id": "d7603564-5234-4135-bba0-8c9cb1982dca",
    "data": [
      {
        "text": "還在",
        "userDefined": false
      },
      {
        "text": "甯波",
        "alias": "address",
        "meta": "@sys.address",
        "userDefined": true
      }
    ],
    "isTemplate": false,
    "count": 0,
    "updated": 0
  }
]