[
  {
    "id": "bf0ceba3-4af7-4416-9d72-77274ad46c58",
    "data": [
      {
        "text": "cómo",
        "meta": "@sys.ignore",
        "userDefined": true
      },
      {
        "text": " estará ",
        "userDefined": false
      },
      {
        "text": "este martes",
        "alias": "date-time",
        "meta": "@sys.date-time",
        "userDefined": true
      }
    ],
    "isTemplate": false,
    "count": 0,
    "updated": 0
  },
  {
    "id": "9f7e2f20-37ee-4121-b2c3-9cfde9ded50c",
    "data": [
      {
        "text": "y ",
        "userDefined": false
      },
      {
        "text": "hoy",
        "alias": "date-time",
        "meta": "@sys.date-time",
        "userDefined": true
      }
    ],
    "isTemplate": false,
    "count": 0,
    "updated": 0
  },
  {
    "id": "ee7f3214-35ad-42e1-baf1-82dce92dc446",
    "data": [
      {
        "text": "y el ",
        "userDefined": false
      },
      {
        "text": "sábado",
        "alias": "date-time",
        "meta": "@sys.date-time",
        "userDefined": true
      }
    ],
    "isTemplate": false,
    "count": 0,
    "updated": 0
  },
  {
    "id": "e6e191f6-0a95-4a87-b514-773310eae331",
    "data": [
      {
        "text": "y a las ",
        "userDefined": false
      },
      {
        "text": "9 de la tarde",
        "alias": "date-time",
        "meta": "@sys.date-time",
        "userDefined": true
      }
    ],
    "isTemplate": false,
    "count": 0,
    "updated": 0
  },
  {
    "id": "494b9622-f516-45c6-a408-652d56fcd390",
    "data": [
      {
        "text": "y ",
        "userDefined": false
      },
      {
        "text": "el 19 de septiembre",
        "alias": "date-time",
        "meta": "@sys.date-time",
        "userDefined": true
      }
    ],
    "isTemplate": false,
    "count": 0,
    "updated": 0
  },
  {
    "id": "2adfa2be-4d26-4768-b3ea-dbd062d8911d",
    "data": [
      {
        "text": "y para ",
        "userDefined": false
      },
      {
        "text": "este finde",
        "alias": "date-time",
        "meta": "@sys.date-time",
        "userDefined": true
      }
    ],
    "isTemplate": false,
    "count": 0,
    "updated": 0
  },
  {
    "id": "57ae1f6e-eb22-43da-9539-56cab60bf665",
    "data": [
      {
        "text": "dije ",
        "userDefined": false
      },
      {
        "text": "mañana",
        "alias": "date-time",
        "meta": "@sys.date-time",
        "userDefined": true
      }
    ],
    "isTemplate": false,
    "count": 0,
    "updated": 0
  },
  {
    "id": "705223c6-4ab7-4381-8c8a-c91687175546",
    "data": [
      {
        "text": "y por la ",
        "userDefined": false
      },
      {
        "text": "mañana",
        "alias": "date-time",
        "meta": "@sys.date-time",
        "userDefined": true
      },
      {
        "text": " cómo estará",
        "userDefined": false
      }
    ],
    "isTemplate": false,
    "count": 0,
    "updated": 0
  },
  {
    "id": "ac95edcf-a5f5-410a-a485-9e5bf7903417",
    "data": [
      {
        "text": "y ",
        "userDefined": false
      },
      {
        "text": "mañana",
        "alias": "date-time",
        "meta": "@sys.date-time",
        "userDefined": true
      },
      {
        "text": " qué tal",
        "userDefined": false
      }
    ],
    "isTemplate": false,
    "count": 0,
    "updated": 0
  }
]