[
  {
    "id": "e6e7501c-a84c-40da-9f7e-b71c05ccd5f6",
    "data": [
      {
        "text": "стоит одеть ",
        "userDefined": false
      },
      {
        "text": "пальто",
        "alias": "outfit",
        "meta": "@outfit",
        "userDefined": true
      }
    ],
    "isTemplate": false,
    "count": 0,
    "updated": 0
  },
  {
    "id": "648d499f-af94-4732-876f-895aa65f6f54",
    "data": [
      {
        "text": "мне понадобится ",
        "userDefined": false
      },
      {
        "text": "пальто",
        "alias": "outfit",
        "meta": "@outfit",
        "userDefined": true
      },
      {
        "text": " в ",
        "userDefined": false
      },
      {
        "text": "Лондоне",
        "alias": "address",
        "meta": "@sys.location",
        "userDefined": true
      }
    ],
    "isTemplate": false,
    "count": 0,
    "updated": 0
  },
  {
    "id": "03079640-9c08-425f-bf5c-b3da460b53c7",
    "data": [
      {
        "text": "взять с собой ",
        "userDefined": false
      },
      {
        "text": "пиджак",
        "alias": "outfit",
        "meta": "@outfit",
        "userDefined": true
      },
      {
        "text": " в ",
        "userDefined": false
      },
      {
        "text": "Рим",
        "alias": "address",
        "meta": "@sys.location",
        "userDefined": true
      }
    ],
    "isTemplate": false,
    "count": 0,
    "updated": 0
  },
  {
    "id": "914b83cc-7b57-4004-b96b-c2d0d331631a",
    "data": [
      {
        "text": "завтра",
        "alias": "date-time",
        "meta": "@sys.date-time",
        "userDefined": true
      },
      {
        "text": " в ",
        "userDefined": false
      },
      {
        "text": "Калифорнии",
        "alias": "address",
        "meta": "@sys.location",
        "userDefined": true
      },
      {
        "text": " потребуются ли мне ",
        "userDefined": false
      },
      {
        "text": "очки от солнца",
        "alias": "outfit",
        "meta": "@outfit",
        "userDefined": true
      }
    ],
    "isTemplate": false,
    "count": 0,
    "updated": 0
  },
  {
    "id": "5d57aedc-7ec1-4f08-8b07-565b08254868",
    "data": [
      {
        "text": "брать ли с собой ",
        "userDefined": false
      },
      {
        "text": "солнцезащитные очки",
        "alias": "outfit",
        "meta": "@outfit",
        "userDefined": true
      },
      {
        "text": " в ",
        "userDefined": false
      },
      {
        "text": "Милан",
        "alias": "address",
        "meta": "@sys.location",
        "userDefined": true
      }
    ],
    "isTemplate": false,
    "count": 0,
    "updated": 0
  },
  {
    "id": "8f86dc05-cab6-42c8-9ba6-82d864abd670",
    "data": [
      {
        "text": "потребуется ли ",
        "userDefined": false
      },
      {
        "text": "зонт",
        "alias": "outfit",
        "meta": "@outfit",
        "userDefined": true
      }
    ],
    "isTemplate": false,
    "count": 0,
    "updated": 0
  },
  {
    "id": "69738667-9b5d-4e80-b04f-e2f3ab1063ab",
    "data": [
      {
        "text": "я ",
        "userDefined": false
      },
      {
        "text": "завтра",
        "alias": "date-time",
        "meta": "@sys.date-time",
        "userDefined": true
      },
      {
        "text": " лечу в ",
        "userDefined": false
      },
      {
        "text": "Париж",
        "alias": "address",
        "meta": "@sys.location",
        "userDefined": true
      },
      {
        "text": " мне нужно брать ",
        "userDefined": false
      },
      {
        "text": "зонтик",
        "alias": "outfit",
        "meta": "@outfit",
        "userDefined": true
      }
    ],
    "isTemplate": false,
    "count": 1,
    "updated": 0
  },
  {
    "id": "88b46e3c-1d5e-4da5-85c0-c1af71209e8d",
    "data": [
      {
        "text": "нужны ли мне будут ",
        "userDefined": false
      },
      {
        "text": "очки",
        "alias": "outfit",
        "meta": "@outfit",
        "userDefined": true
      }
    ],
    "isTemplate": false,
    "count": 0,
    "updated": 0
  },
  {
    "id": "03db29be-62cc-4430-af8e-9117f3744b39",
    "data": [
      {
        "text": "мне пригодится ",
        "userDefined": false
      },
      {
        "text": "сегодня",
        "alias": "date-time",
        "meta": "@sys.date-time",
        "userDefined": true
      },
      {
        "text": " ",
        "userDefined": false
      },
      {
        "text": "зонтик",
        "alias": "outfit",
        "meta": "@outfit",
        "userDefined": true
      },
      {
        "text": " в ",
        "userDefined": false
      },
      {
        "text": "Лондоне",
        "alias": "address",
        "meta": "@sys.location",
        "userDefined": true
      }
    ],
    "isTemplate": false,
    "count": 1,
    "updated": 0
  },
  {
    "id": "d2bb4c37-5c76-489a-a86a-67c3b006ee78",
    "data": [
      {
        "text": "взять ли с собой ",
        "userDefined": false
      },
      {
        "text": "зонт",
        "alias": "outfit",
        "meta": "@outfit",
        "userDefined": true
      },
      {
        "text": " в ",
        "userDefined": false
      },
      {
        "text": "Токио",
        "alias": "address",
        "meta": "@sys.location",
        "userDefined": true
      }
    ],
    "isTemplate": false,
    "count": 0,
    "updated": 0
  },
  {
    "id": "1b017478-eacb-4b6a-a053-76eef2618eb7",
    "data": [
      {
        "text": "надевать ли ",
        "userDefined": false
      },
      {
        "text": "пальто",
        "alias": "outfit",
        "meta": "@outfit",
        "userDefined": true
      }
    ],
    "isTemplate": false,
    "count": 0,
    "updated": 0
  },
  {
    "id": "ef13cc25-e47b-415f-881a-f0a5f45f5255",
    "data": [
      {
        "text": "надевать ли ",
        "userDefined": false
      },
      {
        "text": "перчатки",
        "alias": "outfit",
        "meta": "@outfit",
        "userDefined": true
      },
      {
        "text": " в ",
        "userDefined": false
      },
      {
        "text": "Аспене",
        "alias": "address",
        "meta": "@sys.location",
        "userDefined": true
      }
    ],
    "isTemplate": false,
    "count": 0,
    "updated": 0
  },
  {
    "id": "b48fea48-3436-4205-b3be-2f6321a71ed4",
    "data": [
      {
        "text": "понадобится ли ",
        "userDefined": false
      },
      {
        "text": "завтра",
        "alias": "date-time",
        "meta": "@sys.date-time",
        "userDefined": true
      },
      {
        "text": " ",
        "userDefined": false
      },
      {
        "text": "плащ",
        "alias": "outfit",
        "meta": "@outfit",
        "userDefined": true
      }
    ],
    "isTemplate": false,
    "count": 0,
    "updated": 0
  },
  {
    "id": "cf5a22b3-d78f-4041-8a20-a775b76044e3",
    "data": [
      {
        "text": "взять ли ",
        "userDefined": false
      },
      {
        "text": "солнечные очки",
        "alias": "outfit",
        "meta": "@outfit",
        "userDefined": true
      }
    ],
    "isTemplate": false,
    "count": 0,
    "updated": 0
  },
  {
    "id": "44331a0b-8962-4bf2-806b-787309881f42",
    "data": [
      {
        "text": "следует ли взять ",
        "userDefined": false
      },
      {
        "text": "солнечные очки",
        "alias": "outfit",
        "meta": "@outfit",
        "userDefined": true
      },
      {
        "text": " с собой ",
        "userDefined": false
      },
      {
        "text": "завтра",
        "alias": "date-time",
        "meta": "@sys.date-time",
        "userDefined": true
      }
    ],
    "isTemplate": false,
    "count": 0,
    "updated": 0
  },
  {
    "id": "ea3846e1-a661-42f8-8b85-e73fd71a4489",
    "data": [
      {
        "text": "мне понадобится ",
        "userDefined": false
      },
      {
        "text": "завтра",
        "alias": "date-time",
        "meta": "@sys.date-time",
        "userDefined": true
      },
      {
        "text": " ",
        "userDefined": false
      },
      {
        "text": "куртка",
        "alias": "outfit",
        "meta": "@outfit",
        "userDefined": true
      },
      {
        "text": " в ",
        "userDefined": false
      },
      {
        "text": "Новосибирске",
        "alias": "address",
        "meta": "@sys.location",
        "userDefined": true
      }
    ],
    "isTemplate": false,
    "count": 0,
    "updated": 0
  },
  {
    "id": "3392c7e5-378e-4202-8a1e-2a6fd82de6c3",
    "data": [
      {
        "text": "надеть ли сегодня ",
        "userDefined": false
      },
      {
        "text": "пиджак",
        "alias": "outfit",
        "meta": "@outfit",
        "userDefined": true
      }
    ],
    "isTemplate": false,
    "count": 0,
    "updated": 0
  },
  {
    "id": "1b54e962-deed-4bb7-8a28-10ecfb768880",
    "data": [
      {
        "text": "брать ",
        "userDefined": false
      },
      {
        "text": "пиджак",
        "alias": "outfit",
        "meta": "@outfit",
        "userDefined": true
      }
    ],
    "isTemplate": false,
    "count": 0,
    "updated": 0
  },
  {
    "id": "5d0f0580-f59b-4f88-a7c7-9962ca880bed",
    "data": [
      {
        "text": "понадобится ли мне ",
        "userDefined": false
      },
      {
        "text": "зонт",
        "alias": "outfit",
        "meta": "@outfit",
        "userDefined": true
      },
      {
        "text": " ",
        "userDefined": false
      },
      {
        "text": "на этой неделе",
        "alias": "date-time",
        "meta": "@sys.date-time",
        "userDefined": true
      }
    ],
    "isTemplate": false,
    "count": 0,
    "updated": 0
  },
  {
    "id": "7f56aafd-a616-4ba0-b3a6-eef30130707a",
    "data": [
      {
        "text": "нужен ли будет ",
        "userDefined": false
      },
      {
        "text": "зонт",
        "alias": "outfit",
        "meta": "@outfit",
        "userDefined": true
      },
      {
        "text": " в ",
        "userDefined": false
      },
      {
        "text": "Париже",
        "alias": "address",
        "meta": "@sys.location",
        "userDefined": true
      },
      {
        "text": " на ",
        "userDefined": false
      },
      {
        "text": "этой неделе",
        "alias": "date-time",
        "meta": "@sys.date-time",
        "userDefined": true
      }
    ],
    "isTemplate": false,
    "count": 0,
    "updated": 0
  },
  {
    "id": "223ae25d-1332-460a-ac10-34f3a84e972b",
    "data": [
      {
        "text": "взять ли с собой ",
        "userDefined": false
      },
      {
        "text": "пальто",
        "alias": "outfit",
        "meta": "@outfit",
        "userDefined": true
      },
      {
        "text": " в ",
        "userDefined": false
      },
      {
        "text": "Прагу",
        "alias": "address",
        "meta": "@sys.location",
        "userDefined": true
      },
      {
        "text": " ",
        "userDefined": false
      },
      {
        "text": "20 марта",
        "alias": "date-time",
        "meta": "@sys.date-time",
        "userDefined": true
      }
    ],
    "isTemplate": false,
    "count": 0,
    "updated": 0
  },
  {
    "id": "09598a34-6f47-452e-87cb-32558ff34219",
    "data": [
      {
        "text": "мне нужно надеть ",
        "userDefined": false
      },
      {
        "text": "пальто",
        "alias": "outfit",
        "meta": "@outfit",
        "userDefined": true
      }
    ],
    "isTemplate": false,
    "count": 1,
    "updated": 0
  }
]