[
  {
    "id": "e8136cb2-496c-4622-b056-50e5cc1ac26e",
    "data": [
      {
        "text": "прогноз погоды на ",
        "userDefined": false
      },
      {
        "text": "завтра",
        "alias": "date-time",
        "meta": "@sys.date-time",
        "userDefined": true
      },
      {
        "text": " ",
        "userDefined": false
      },
      {
        "text": "Брюссель",
        "alias": "address",
        "meta": "@sys.location",
        "userDefined": true
      }
    ],
    "isTemplate": false,
    "count": 0,
    "updated": 0
  },
  {
    "id": "71c6dc42-bb96-4f34-961b-6218ef7a8e9a",
    "data": [
      {
        "text": "какая сейчас погода в ",
        "userDefined": false
      },
      {
        "text": "Екатеринбурге",
        "alias": "address",
        "meta": "@sys.location",
        "userDefined": true
      }
    ],
    "isTemplate": false,
    "count": 1,
    "updated": 0
  },
  {
    "id": "ade71b9b-a540-4008-b732-84f385e52cec",
    "data": [
      {
        "text": "что с температурой в ",
        "userDefined": false
      },
      {
        "text": "Лондоне",
        "alias": "address",
        "meta": "@sys.location",
        "userDefined": true
      }
    ],
    "isTemplate": false,
    "count": 1,
    "updated": 0
  },
  {
    "id": "ef784865-f5f0-494b-be66-414b6893a5d7",
    "data": [
      {
        "text": "теперь прочти прогноз погоды для ",
        "userDefined": false
      },
      {
        "text": "Тамбова",
        "alias": "address",
        "meta": "@sys.location",
        "userDefined": true
      }
    ],
    "isTemplate": false,
    "count": 0,
    "updated": 0
  },
  {
    "id": "5dd74e16-43a1-475e-beb8-a2c69357620c",
    "data": [
      {
        "text": "погода ",
        "userDefined": false
      },
      {
        "text": "этим вечером",
        "alias": "date-time",
        "meta": "@sys.date-time",
        "userDefined": true
      }
    ],
    "isTemplate": false,
    "count": 0,
    "updated": 0
  },
  {
    "id": "a7b4178e-2e02-4b8b-8e72-94b038123756",
    "data": [
      {
        "text": "прогноз погоды ",
        "userDefined": false
      },
      {
        "text": "на вторник",
        "alias": "date-time",
        "meta": "@sys.date-time",
        "userDefined": true
      }
    ],
    "isTemplate": false,
    "count": 0,
    "updated": 0
  },
  {
    "id": "fbd26447-beb7-424b-a819-d068155505c1",
    "data": [
      {
        "text": "погода ",
        "userDefined": false
      },
      {
        "text": "Ростова-на-Дону",
        "alias": "address",
        "meta": "@sys.location",
        "userDefined": true
      }
    ],
    "isTemplate": false,
    "count": 0,
    "updated": 0
  },
  {
    "id": "e383674a-1875-46c2-8e4b-01b8c8673d3e",
    "data": [
      {
        "text": "температура в ",
        "userDefined": false
      },
      {
        "text": "Париже",
        "alias": "address",
        "meta": "@sys.location",
        "userDefined": true
      },
      {
        "text": " в градусах ",
        "userDefined": false
      },
      {
        "text": "Цельсия",
        "alias": "unit",
        "meta": "@unit-temperature",
        "userDefined": true
      }
    ],
    "isTemplate": false,
    "count": 0,
    "updated": 0
  },
  {
    "id": "6cef0dcb-2584-4c6e-b72f-ecbbccf31bb9",
    "data": [
      {
        "text": "какой была погода ",
        "userDefined": false
      },
      {
        "text": "3 марта",
        "alias": "date-time",
        "meta": "@sys.date-time",
        "userDefined": true
      },
      {
        "text": " в ",
        "userDefined": false
      },
      {
        "text": "Ялте",
        "alias": "address",
        "meta": "@sys.location",
        "userDefined": true
      }
    ],
    "isTemplate": false,
    "count": 0,
    "updated": 0
  },
  {
    "id": "b10b2f5e-89a6-4f16-b1b3-f3ea03012461",
    "data": [
      {
        "text": "прогноз погоды",
        "userDefined": false
      }
    ],
    "isTemplate": false,
    "count": 0,
    "updated": 0
  },
  {
    "id": "239539ef-365c-42f8-9823-3ec31d337a08",
    "data": [
      {
        "text": "что за погодка",
        "userDefined": false
      }
    ],
    "isTemplate": false,
    "count": 0,
    "updated": 0
  },
  {
    "id": "b9e7ad1f-d688-48e7-969b-df38937bbcad",
    "data": [
      {
        "text": "скажи мне что с погодой ",
        "userDefined": false
      },
      {
        "text": "Париж",
        "alias": "address",
        "meta": "@sys.location",
        "userDefined": true
      }
    ],
    "isTemplate": false,
    "count": 1,
    "updated": 0
  },
  {
    "id": "743ee346-859d-433c-bb32-783c77378eb5",
    "data": [
      {
        "text": "прогноз погоды в ",
        "userDefined": false
      },
      {
        "text": "Денвере",
        "alias": "address",
        "meta": "@sys.location",
        "userDefined": true
      }
    ],
    "isTemplate": false,
    "count": 0,
    "updated": 0
  },
  {
    "id": "428b2f5a-ab1e-4c4b-800f-698602560109",
    "data": [
      {
        "text": "хотел бы узнать погоду",
        "userDefined": false
      }
    ],
    "isTemplate": false,
    "count": 0,
    "updated": 0
  },
  {
    "id": "ac050986-8089-45e2-bb55-e3dfa705b3d4",
    "data": [
      {
        "text": "что там на улице с погодой",
        "userDefined": false
      }
    ],
    "isTemplate": false,
    "count": 0,
    "updated": 0
  },
  {
    "id": "c23f3e66-09a0-449c-9c6a-17a48d4feca9",
    "data": [
      {
        "text": "погода для города ",
        "userDefined": false
      },
      {
        "text": "Париж",
        "alias": "address",
        "meta": "@sys.location",
        "userDefined": true
      }
    ],
    "isTemplate": false,
    "count": 0,
    "updated": 0
  },
  {
    "id": "42012353-c3b8-46e0-bb25-df6e61a8c1d2",
    "data": [
      {
        "text": "что за погода будет в ",
        "userDefined": false
      },
      {
        "text": "Токио",
        "alias": "address",
        "meta": "@sys.location",
        "userDefined": true
      },
      {
        "text": " на ",
        "userDefined": false
      },
      {
        "text": "следующей неделе",
        "alias": "date-time",
        "meta": "@sys.date-time",
        "userDefined": true
      }
    ],
    "isTemplate": false,
    "count": 0,
    "updated": 0
  },
  {
    "id": "ff01dada-198a-4a94-9e64-dd9f3ea354ca",
    "data": [
      {
        "text": "какая погода в ",
        "userDefined": false
      },
      {
        "text": "Москве",
        "alias": "address",
        "meta": "@sys.location",
        "userDefined": true
      },
      {
        "text": " ",
        "userDefined": false
      },
      {
        "text": "этим утром",
        "alias": "date-time",
        "meta": "@sys.date-time",
        "userDefined": true
      }
    ],
    "isTemplate": false,
    "count": 0,
    "updated": 0
  },
  {
    "id": "72ae705d-3ef6-4ad3-8fd7-43747b5d1cc1",
    "data": [
      {
        "text": "найди погоду в ",
        "userDefined": false
      },
      {
        "text": "Бангалоре",
        "alias": "address",
        "meta": "@sys.location",
        "userDefined": true
      }
    ],
    "isTemplate": false,
    "count": 0,
    "updated": 0
  },
  {
    "id": "3d075e06-5a55-4488-8f06-ce107c460108",
    "data": [
      {
        "text": "что сейчас за погода в ",
        "userDefined": false
      },
      {
        "text": "Керале",
        "alias": "address",
        "meta": "@sys.location",
        "userDefined": true
      }
    ],
    "isTemplate": false,
    "count": 0,
    "updated": 0
  },
  {
    "id": "db5e9f3d-7b85-422b-9b68-d83a5a2b3203",
    "data": [
      {
        "text": "погода в ",
        "userDefined": false
      },
      {
        "text": "Сиэтл",
        "alias": "address",
        "meta": "@sys.location",
        "userDefined": true
      }
    ],
    "isTemplate": false,
    "count": 0,
    "updated": 0
  },
  {
    "id": "9b20cd8b-7921-447b-869c-664aa4f873cd",
    "data": [
      {
        "text": "завтрашняя",
        "alias": "date-time",
        "meta": "@sys.date-time",
        "userDefined": true
      },
      {
        "text": " погода",
        "userDefined": false
      }
    ],
    "isTemplate": false,
    "count": 0,
    "updated": 0
  },
  {
    "id": "909e4c29-a505-4863-9fc5-8988f322c6f6",
    "data": [
      {
        "text": "какой будет погода в ",
        "userDefined": false
      },
      {
        "text": "выходные",
        "alias": "date-time",
        "meta": "@sys.date-time",
        "userDefined": true
      }
    ],
    "isTemplate": false,
    "count": 0,
    "updated": 0
  },
  {
    "id": "51da08c0-bc83-4799-8787-b0861d70efc3",
    "data": [
      {
        "text": "покажи температуру в ",
        "userDefined": false
      },
      {
        "text": "Риме",
        "alias": "address",
        "meta": "@sys.location",
        "userDefined": true
      },
      {
        "text": " по ",
        "userDefined": false
      },
      {
        "text": "Фаренгейту",
        "alias": "unit",
        "meta": "@unit-temperature",
        "userDefined": true
      }
    ],
    "isTemplate": false,
    "count": 0,
    "updated": 0
  },
  {
    "id": "849d8e18-0aeb-42b0-a33d-bb4e7859d12b",
    "data": [
      {
        "text": "погода завтра ",
        "userDefined": false
      },
      {
        "text": "Санкт-Петербург",
        "alias": "address",
        "meta": "@sys.location",
        "userDefined": true
      }
    ],
    "isTemplate": false,
    "count": 0,
    "updated": 0
  },
  {
    "id": "0e1fd8df-cc00-4098-8a9b-7bd8e8bdece7",
    "data": [
      {
        "text": "погода сейчас ",
        "userDefined": false
      },
      {
        "text": "Амстердам",
        "alias": "address",
        "meta": "@sys.location",
        "userDefined": true
      }
    ],
    "isTemplate": false,
    "count": 0,
    "updated": 0
  },
  {
    "id": "4b6aed26-d924-4d73-9bc1-fbbb97c1986f",
    "data": [
      {
        "text": "покажи мне погоду",
        "userDefined": false
      }
    ],
    "isTemplate": false,
    "count": 0,
    "updated": 0
  },
  {
    "id": "f870108a-8dcc-49ce-911a-baf59b24561e",
    "data": [
      {
        "text": "мне нужна погода на ",
        "userDefined": false
      },
      {
        "text": "22 июля",
        "alias": "date-time",
        "meta": "@sys.date-time",
        "userDefined": true
      }
    ],
    "isTemplate": false,
    "count": 0,
    "updated": 0
  },
  {
    "id": "570ba282-9387-4777-a6d8-60ee8e0c3dff",
    "data": [
      {
        "text": "какая ",
        "userDefined": false
      },
      {
        "text": "завтра",
        "alias": "date-time",
        "meta": "@sys.date-time",
        "userDefined": true
      },
      {
        "text": " будет погода",
        "userDefined": false
      }
    ],
    "isTemplate": false,
    "count": 0,
    "updated": 0
  },
  {
    "id": "da73c064-7744-4732-8d0d-bec522b84102",
    "data": [
      {
        "text": "покажи погоду на ",
        "userDefined": false
      },
      {
        "text": "сегодня",
        "alias": "date-time",
        "meta": "@sys.date-time",
        "userDefined": true
      }
    ],
    "isTemplate": false,
    "count": 0,
    "updated": 0
  },
  {
    "id": "34eff3f5-fe36-48dd-98da-dcb7b0269790",
    "data": [
      {
        "text": "какая погода ",
        "userDefined": false
      },
      {
        "text": "завтра",
        "alias": "date-time",
        "meta": "@sys.date-time",
        "userDefined": true
      },
      {
        "text": " в ",
        "userDefined": false
      },
      {
        "text": "Барселоне",
        "alias": "address",
        "meta": "@sys.location",
        "userDefined": true
      }
    ],
    "isTemplate": false,
    "count": 1,
    "updated": 0
  },
  {
    "id": "74559db5-13a5-4a02-855f-46079a762005",
    "data": [
      {
        "text": "погода",
        "userDefined": false
      }
    ],
    "isTemplate": false,
    "count": 0,
    "updated": 0
  },
  {
    "id": "9c3b5075-a8c3-4ade-a575-676841ae5769",
    "data": [
      {
        "text": "что ожидается в ",
        "userDefined": false
      },
      {
        "text": "Москве",
        "alias": "address",
        "meta": "@sys.location",
        "userDefined": true
      },
      {
        "text": " погода",
        "userDefined": false
      }
    ],
    "isTemplate": false,
    "count": 1,
    "updated": 0
  },
  {
    "id": "b61d8528-833a-4735-ab1e-72887212f27e",
    "data": [
      {
        "text": "что за погода ",
        "userDefined": false
      },
      {
        "text": "завтра",
        "alias": "date-time",
        "meta": "@sys.date-time",
        "userDefined": true
      },
      {
        "text": " в ",
        "userDefined": false
      },
      {
        "text": "Нью-Йорке",
        "alias": "address",
        "meta": "@sys.location",
        "userDefined": true
      }
    ],
    "isTemplate": false,
    "count": 0,
    "updated": 0
  },
  {
    "id": "72594e6f-e4fb-478a-ae10-ba2097364685",
    "data": [
      {
        "text": "прогноз погоды ",
        "userDefined": false
      },
      {
        "text": "Москва",
        "alias": "address",
        "meta": "@sys.location",
        "userDefined": true
      }
    ],
    "isTemplate": false,
    "count": 0,
    "updated": 0
  },
  {
    "id": "f8a42aa5-4b2c-4d9a-acf8-a8d1127ad1b3",
    "data": [
      {
        "text": "погода в ",
        "userDefined": false
      },
      {
        "text": "Новосибирске",
        "alias": "address",
        "meta": "@sys.location",
        "userDefined": true
      }
    ],
    "isTemplate": false,
    "count": 0,
    "updated": 0
  },
  {
    "id": "83eba000-3af1-488d-8848-6aac906ea037",
    "data": [
      {
        "text": "что за погода в ",
        "userDefined": false
      },
      {
        "text": "Риме",
        "alias": "address",
        "meta": "@sys.location",
        "userDefined": true
      }
    ],
    "isTemplate": false,
    "count": 0,
    "updated": 0
  },
  {
    "id": "94cdb320-f3c5-4ee8-970b-e65bacac15f6",
    "data": [
      {
        "text": "погода ",
        "userDefined": false
      },
      {
        "text": "завтра",
        "alias": "date-time",
        "meta": "@sys.date-time",
        "userDefined": true
      },
      {
        "text": " в ",
        "userDefined": false
      },
      {
        "text": "Москве",
        "alias": "address",
        "meta": "@sys.location",
        "userDefined": true
      }
    ],
    "isTemplate": false,
    "count": 1,
    "updated": 0
  },
  {
    "id": "6140be35-49dd-4282-9949-3d5127f72577",
    "data": [
      {
        "text": "погода ",
        "userDefined": false
      },
      {
        "text": "сегодня",
        "alias": "date-time",
        "meta": "@sys.date-time",
        "userDefined": true
      }
    ],
    "isTemplate": false,
    "count": 0,
    "updated": 0
  },
  {
    "id": "bb87e561-bd99-4ded-96d6-7b08f5a3445d",
    "data": [
      {
        "text": "какую погоду ожидают ",
        "userDefined": false
      },
      {
        "text": "на этой неделе",
        "alias": "date-time",
        "meta": "@sys.date-time",
        "userDefined": true
      }
    ],
    "isTemplate": false,
    "count": 0,
    "updated": 0
  },
  {
    "id": "9f9f6a9e-049b-40de-ba74-d74f296f6d6e",
    "data": [
      {
        "text": "покажи погоду в градусах ",
        "userDefined": false
      },
      {
        "text": "Фаренгейта",
        "alias": "unit",
        "meta": "@unit-temperature",
        "userDefined": true
      }
    ],
    "isTemplate": false,
    "count": 0,
    "updated": 0
  },
  {
    "id": "c6c72463-523d-40d1-aa52-6be6ea0d2cd7",
    "data": [
      {
        "text": "погода в ",
        "userDefined": false
      },
      {
        "text": "Бруклине",
        "alias": "address",
        "meta": "@sys.location",
        "userDefined": true
      },
      {
        "text": " в ",
        "userDefined": false
      },
      {
        "text": "Цельсиях",
        "alias": "unit",
        "meta": "@unit-temperature",
        "userDefined": true
      }
    ],
    "isTemplate": false,
    "count": 0,
    "updated": 0
  },
  {
    "id": "4d6ab1ef-1690-4f63-a036-5bf2f98f07d9",
    "data": [
      {
        "text": "погода в ",
        "userDefined": false
      },
      {
        "text": "Москве",
        "alias": "address",
        "meta": "@sys.location",
        "userDefined": true
      },
      {
        "text": " ",
        "userDefined": false
      },
      {
        "text": "через 5 дней",
        "alias": "date-time",
        "meta": "@sys.date-time",
        "userDefined": true
      }
    ],
    "isTemplate": false,
    "count": 1,
    "updated": 0
  },
  {
    "id": "59c57828-c59c-481a-8a00-ca8e0272a0b2",
    "data": [
      {
        "text": "прогноз погоды для ",
        "userDefined": false
      },
      {
        "text": "Канады",
        "alias": "address",
        "meta": "@sys.location",
        "userDefined": true
      },
      {
        "text": " ",
        "userDefined": false
      },
      {
        "text": "следующая неделя",
        "alias": "date-time",
        "meta": "@sys.date-time",
        "userDefined": true
      }
    ],
    "isTemplate": false,
    "count": 0,
    "updated": 0
  },
  {
    "id": "887be140-3ba1-481e-b5c5-997e3592d6cb",
    "data": [
      {
        "text": "какой будет погода",
        "userDefined": false
      }
    ],
    "isTemplate": false,
    "count": 0,
    "updated": 0
  },
  {
    "id": "78bec7ef-4c47-476c-90e7-15813fd81689",
    "data": [
      {
        "text": "хотелось бы знать что за погода в ",
        "userDefined": false
      },
      {
        "text": "Мадриде",
        "alias": "address",
        "meta": "@sys.location",
        "userDefined": true
      }
    ],
    "isTemplate": false,
    "count": 0,
    "updated": 0
  },
  {
    "id": "10f57de9-1c02-4e59-9339-646abdc29b36",
    "data": [
      {
        "text": "что за погода ожидается в ",
        "userDefined": false
      },
      {
        "text": "Минске",
        "alias": "address",
        "meta": "@sys.location",
        "userDefined": true
      }
    ],
    "isTemplate": false,
    "count": 0,
    "updated": 0
  },
  {
    "id": "f79b2e83-2601-45e0-80ba-281b1850f5cb",
    "data": [
      {
        "text": "покажи что за погода будет ",
        "userDefined": false
      },
      {
        "text": "завтра",
        "alias": "date-time",
        "meta": "@sys.date-time",
        "userDefined": true
      },
      {
        "text": " в ",
        "userDefined": false
      },
      {
        "text": "Берлине",
        "alias": "address",
        "meta": "@sys.location",
        "userDefined": true
      }
    ],
    "isTemplate": false,
    "count": 0,
    "updated": 0
  },
  {
    "id": "fa8c66d5-2f51-4e07-bd4b-59104020d2a9",
    "data": [
      {
        "text": "погода ",
        "userDefined": false
      },
      {
        "text": "Дубаи",
        "alias": "address",
        "meta": "@sys.location",
        "userDefined": true
      }
    ],
    "isTemplate": false,
    "count": 0,
    "updated": 0
  },
  {
    "id": "2f7a768b-586a-44da-862d-c1ac066a3a98",
    "data": [
      {
        "text": "расскажи мне про погоду на ",
        "userDefined": false
      },
      {
        "text": "следующей неделе",
        "alias": "date-time",
        "meta": "@sys.date-time",
        "userDefined": true
      }
    ],
    "isTemplate": false,
    "count": 0,
    "updated": 0
  },
  {
    "id": "682ee9f2-3e99-46a9-9ecb-864d42aec3d1",
    "data": [
      {
        "text": "погода ",
        "userDefined": false
      },
      {
        "text": "Милан",
        "alias": "address",
        "meta": "@sys.location",
        "userDefined": true
      },
      {
        "text": " ",
        "userDefined": false
      },
      {
        "text": "среда",
        "alias": "date-time",
        "meta": "@sys.date-time",
        "userDefined": true
      }
    ],
    "isTemplate": false,
    "count": 0,
    "updated": 0
  }
]