[
  {
    "id": "9d52e0ad-c515-421e-b52b-12124dd1075f",
    "data": [
      {
        "text": "現在",
        "userDefined": false
      },
      {
        "text": "下雨",
        "alias": "condition",
        "meta": "@weather-condition",
        "userDefined": false
      }
    ],
    "isTemplate": false,
    "count": 0,
    "updated": 0
  },
  {
    "id": "adbf1e80-38a6-41e7-a4f1-1a619b34a9cb",
    "data": [
      {
        "text": "能不能",
        "userDefined": false
      },
      {
        "text": "雷暴",
        "alias": "condition",
        "meta": "@weather-condition",
        "userDefined": false
      }
    ],
    "isTemplate": false,
    "count": 0,
    "updated": 0
  },
  {
    "id": "bab9c814-2dc2-4253-abe5-09d9608bfcb0",
    "data": [
      {
        "text": "怎麽能",
        "userDefined": false
      },
      {
        "text": "雷雨",
        "alias": "condition",
        "meta": "@weather-condition",
        "userDefined": false
      }
    ],
    "isTemplate": false,
    "count": 0,
    "updated": 0
  },
  {
    "id": "3d4f68af-ce1b-4982-a905-26b48cec0bd8",
    "data": [
      {
        "text": "會不會",
        "userDefined": false
      },
      {
        "text": "多雲",
        "alias": "condition",
        "meta": "@weather-condition",
        "userDefined": false
      }
    ],
    "isTemplate": false,
    "count": 0,
    "updated": 0
  },
  {
    "id": "e5186ac0-656e-43ed-a9bb-39eda27127c9",
    "data": [
      {
        "text": "還能不能",
        "userDefined": false
      },
      {
        "text": "太陽",
        "alias": "condition",
        "meta": "@weather-condition",
        "userDefined": false
      }
    ],
    "isTemplate": false,
    "count": 0,
    "updated": 0
  },
  {
    "id": "582528fa-acfb-49b8-b574-e72b72abc512",
    "data": [
      {
        "text": "還需要",
        "userDefined": false
      },
      {
        "text": "晴朗",
        "alias": "condition",
        "meta": "@weather-condition",
        "userDefined": false
      }
    ],
    "isTemplate": false,
    "count": 0,
    "updated": 0
  },
  {
    "id": "f48ccfbb-e2c6-4076-8dc5-3bb723e280a5",
    "data": [
      {
        "text": "我還要",
        "userDefined": false
      },
      {
        "text": "細雨",
        "alias": "condition",
        "meta": "@weather-condition",
        "userDefined": false
      }
    ],
    "isTemplate": false,
    "count": 0,
    "updated": 0
  },
  {
    "id": "a5bb30c8-c1bb-4c04-b225-63f77209b09e",
    "data": [
      {
        "text": "關于",
        "userDefined": false
      },
      {
        "text": "風",
        "alias": "condition",
        "meta": "@weather-condition",
        "userDefined": false
      }
    ],
    "isTemplate": false,
    "count": 0,
    "updated": 0
  },
  {
    "id": "73b9d5b5-40b7-44f4-8a4f-443bf66e5d97",
    "data": [
      {
        "text": "還要",
        "userDefined": false
      },
      {
        "text": "多風",
        "alias": "condition",
        "meta": "@weather-condition",
        "userDefined": false
      }
    ],
    "isTemplate": false,
    "count": 0,
    "updated": 0
  },
  {
    "id": "fd8fb2c7-4478-4cb5-a68d-133783d0804d",
    "data": [
      {
        "text": "煙霧",
        "alias": "condition",
        "meta": "@weather-condition",
        "userDefined": false
      },
      {
        "text": "呢",
        "userDefined": false
      }
    ],
    "isTemplate": false,
    "count": 1,
    "updated": 0
  },
  {
    "id": "bb724b60-5829-49fa-9bde-16a9a84ac6e9",
    "data": [
      {
        "text": "我還很想",
        "userDefined": false
      },
      {
        "text": "陣雪",
        "alias": "condition",
        "meta": "@weather-condition",
        "userDefined": false
      }
    ],
    "isTemplate": false,
    "count": 0,
    "updated": 0
  }
]