[
  {
    "id": "9800d501-be46-4a6b-8d69-ae6e079d0839",
    "data": [
      {
        "text": "temperatura in ",
        "userDefined": false
      },
      {
        "text": "gradi Centigradi",
        "alias": "unit",
        "meta": "@unit-temperature",
        "userDefined": true
      }
    ],
    "isTemplate": false,
    "count": 0,
    "updated": 0
  },
  {
    "id": "bcdb62a0-93bd-4d2e-8185-a9a75e7395bc",
    "data": [
      {
        "text": "temperatura a ",
        "userDefined": false
      },
      {
        "text": "Londra",
        "alias": "address",
        "meta": "@sys.location",
        "userDefined": true
      }
    ],
    "isTemplate": false,
    "count": 0,
    "updated": 0
  },
  {
    "id": "da798ca1-fabe-4c60-9c28-16f93f2cc7ea",
    "data": [
      {
        "text": "fa ",
        "userDefined": false
      },
      {
        "text": "freddo",
        "alias": "temperature",
        "meta": "@temperature",
        "userDefined": true
      },
      {
        "text": " a ",
        "userDefined": false
      },
      {
        "text": "Napoli",
        "alias": "address",
        "meta": "@sys.location",
        "userDefined": true
      }
    ],
    "isTemplate": false,
    "count": 0,
    "updated": 0
  },
  {
    "id": "47d36547-5e5c-4bec-a0ce-3290627c8a99",
    "data": [
      {
        "text": "mostrami la temperatura a ",
        "userDefined": false
      },
      {
        "text": "Roma",
        "alias": "address",
        "meta": "@sys.location",
        "userDefined": true
      }
    ],
    "isTemplate": false,
    "count": 0,
    "updated": 0
  },
  {
    "id": "c0823822-3526-47cc-a634-d18ee455b2cb",
    "data": [
      {
        "text": "mostrami la temperatura a ",
        "userDefined": false
      },
      {
        "text": "Napoli",
        "alias": "address",
        "meta": "@sys.location",
        "userDefined": true
      },
      {
        "text": " in ",
        "userDefined": false
      },
      {
        "text": "gradi Centigradi",
        "alias": "unit",
        "meta": "@unit-temperature",
        "userDefined": true
      }
    ],
    "isTemplate": false,
    "count": 0,
    "updated": 0
  },
  {
    "id": "28b39232-8db2-439c-8bda-decb6fba93cc",
    "data": [
      {
        "text": "temperatura",
        "userDefined": false
      }
    ],
    "isTemplate": false,
    "count": 0,
    "updated": 0
  },
  {
    "id": "c2c45fb6-d0a3-42cc-a50f-277b1d162c05",
    "data": [
      {
        "text": "fa ",
        "userDefined": false
      },
      {
        "text": "caldo",
        "alias": "temperature",
        "meta": "@temperature",
        "userDefined": true
      },
      {
        "text": " fuori",
        "userDefined": false
      }
    ],
    "isTemplate": false,
    "count": 0,
    "updated": 0
  },
  {
    "id": "78f646b6-4fea-44e9-b78e-be73cffdd7ab",
    "data": [
      {
        "text": "fuori fa ",
        "userDefined": false
      },
      {
        "text": "caldo",
        "alias": "temperature",
        "meta": "@temperature",
        "userDefined": true
      }
    ],
    "isTemplate": false,
    "count": 0,
    "updated": 0
  },
  {
    "id": "ac995c3c-dc5f-475f-b106-6652751338ed",
    "data": [
      {
        "text": "mostrami la temperatura",
        "userDefined": false
      }
    ],
    "isTemplate": false,
    "count": 0,
    "updated": 0
  },
  {
    "id": "1659db45-4c34-4609-abbd-20827111e6e0",
    "data": [
      {
        "text": "fa ",
        "userDefined": false
      },
      {
        "text": "freddo",
        "alias": "temperature",
        "meta": "@temperature",
        "userDefined": true
      }
    ],
    "isTemplate": false,
    "count": 0,
    "updated": 0
  },
  {
    "id": "6fb732ac-9e2f-4b49-b137-c924c9fa6c17",
    "data": [
      {
        "text": "sai se fa ",
        "userDefined": false
      },
      {
        "text": "freddo",
        "alias": "temperature",
        "meta": "@temperature",
        "userDefined": true
      },
      {
        "text": " fuori ora",
        "userDefined": false
      }
    ],
    "isTemplate": false,
    "count": 0,
    "updated": 0
  },
  {
    "id": "3173c32a-406d-4215-ae96-5c9542bc5497",
    "data": [
      {
        "text": "oggi",
        "alias": "date-time",
        "meta": "@sys.date-time",
        "userDefined": true
      },
      {
        "text": " a ",
        "userDefined": false
      },
      {
        "text": "Roma",
        "alias": "address",
        "meta": "@sys.location",
        "userDefined": true
      },
      {
        "text": " fa ",
        "userDefined": false
      },
      {
        "text": "caldo",
        "alias": "temperature",
        "meta": "@temperature",
        "userDefined": true
      }
    ],
    "isTemplate": false,
    "count": 0,
    "updated": 0
  },
  {
    "id": "41d621b8-12e7-4124-9c32-9eb89f300c0c",
    "data": [
      {
        "text": "com\u0027è la temperatura",
        "userDefined": false
      }
    ],
    "isTemplate": false,
    "count": 0,
    "updated": 0
  }
]