[
  {
    "id": "954fcf26-a8b2-43fe-9130-717bd005e52b",
    "data": [
      {
        "text": "сколько градусов будет ",
        "userDefined": false
      },
      {
        "text": "завтра",
        "alias": "date-time",
        "meta": "@sys.date-time",
        "userDefined": true
      },
      {
        "text": " в ",
        "userDefined": false
      },
      {
        "text": "Ялте",
        "alias": "address",
        "meta": "@sys.location",
        "userDefined": true
      }
    ],
    "isTemplate": false,
    "count": 0,
    "updated": 0
  },
  {
    "id": "db731b9e-b032-4c0e-94e9-fe24d5401bde",
    "data": [
      {
        "text": "холодно",
        "alias": "temperature",
        "meta": "@temperature",
        "userDefined": true
      },
      {
        "text": " ли в ",
        "userDefined": false
      },
      {
        "text": "Ярославле",
        "alias": "address",
        "meta": "@sys.location",
        "userDefined": true
      }
    ],
    "isTemplate": false,
    "count": 0,
    "updated": 0
  },
  {
    "id": "4bf608e7-94e8-47ab-95a7-16a1e692c722",
    "data": [
      {
        "text": "насколько ",
        "userDefined": false
      },
      {
        "text": "холодно",
        "alias": "temperature",
        "meta": "@temperature",
        "userDefined": true
      }
    ],
    "isTemplate": false,
    "count": 0,
    "updated": 0
  },
  {
    "id": "aec94518-06bf-4288-bf9d-e3f2c2a56e0f",
    "data": [
      {
        "text": "я хотел бы знать температуру в ",
        "userDefined": false
      },
      {
        "text": "Лондоне",
        "alias": "address",
        "meta": "@sys.location",
        "userDefined": true
      }
    ],
    "isTemplate": false,
    "count": 0,
    "updated": 0
  },
  {
    "id": "69923089-9acf-45bf-be8b-ee68db1d8fc6",
    "data": [
      {
        "text": "температура",
        "meta": "@sys.ignore",
        "userDefined": true
      }
    ],
    "isTemplate": false,
    "count": 1,
    "updated": 0
  },
  {
    "id": "a31edcf6-5c54-4d5b-8f08-52dabe15d924",
    "data": [
      {
        "text": "температура в ",
        "userDefined": false
      },
      {
        "text": "Москве",
        "alias": "address",
        "meta": "@sys.location",
        "userDefined": true
      }
    ],
    "isTemplate": false,
    "count": 0,
    "updated": 0
  },
  {
    "id": "523fea6e-668f-4a81-824c-46369db431fb",
    "data": [
      {
        "text": "какая ",
        "userDefined": false
      },
      {
        "text": "завтра",
        "alias": "date-time",
        "meta": "@sys.date-time",
        "userDefined": true
      },
      {
        "text": " будет температура",
        "userDefined": false
      }
    ],
    "isTemplate": false,
    "count": 2,
    "updated": 0
  },
  {
    "id": "0f8d1239-e688-429d-9e9a-d3ab93d8f384",
    "data": [
      {
        "text": "тепло",
        "alias": "temperature",
        "meta": "@temperature",
        "userDefined": true
      },
      {
        "text": " ли в ",
        "userDefined": false
      },
      {
        "text": "Амстердаме",
        "alias": "address",
        "meta": "@sys.location",
        "userDefined": true
      }
    ],
    "isTemplate": false,
    "count": 0,
    "updated": 0
  },
  {
    "id": "eaad86c3-a671-4508-9ce1-4416db892cf3",
    "data": [
      {
        "text": "прохладно на улице да",
        "userDefined": false
      }
    ],
    "isTemplate": false,
    "count": 0,
    "updated": 0
  },
  {
    "id": "eae4c383-6125-442f-b8c2-c17dfb95da12",
    "data": [
      {
        "text": "сегодня",
        "alias": "date-time",
        "meta": "@sys.date-time",
        "userDefined": true
      },
      {
        "text": " ",
        "userDefined": false
      },
      {
        "text": "жарко",
        "alias": "temperature",
        "meta": "@temperature",
        "userDefined": true
      }
    ],
    "isTemplate": false,
    "count": 0,
    "updated": 0
  },
  {
    "id": "e05ae371-cf68-4fbf-81ad-a0d6d95a3cc6",
    "data": [
      {
        "text": "проверь температуру в ",
        "userDefined": false
      },
      {
        "text": "Берлине",
        "alias": "address",
        "meta": "@sys.location",
        "userDefined": true
      }
    ],
    "isTemplate": false,
    "count": 0,
    "updated": 0
  },
  {
    "id": "dd5eb247-7f8a-45ae-8c46-bf8bf0319785",
    "data": [
      {
        "text": "покажи температуру в ",
        "userDefined": false
      },
      {
        "text": "Перми",
        "alias": "address",
        "meta": "@sys.location",
        "userDefined": true
      },
      {
        "text": " по ",
        "userDefined": false
      },
      {
        "text": "Цельсию",
        "alias": "unit",
        "meta": "@unit-temperature",
        "userDefined": true
      }
    ],
    "isTemplate": false,
    "count": 1,
    "updated": 0
  },
  {
    "id": "f8e6ed48-607e-4cd0-a401-994152264f66",
    "data": [
      {
        "text": "насколько ",
        "userDefined": false
      },
      {
        "text": "холодно",
        "alias": "temperature",
        "meta": "@temperature",
        "userDefined": true
      },
      {
        "text": " будет в ",
        "userDefined": false
      },
      {
        "text": "это воскресенье",
        "alias": "date-time",
        "meta": "@sys.date-time",
        "userDefined": true
      },
      {
        "text": " в ",
        "userDefined": false
      },
      {
        "text": "Лондоне",
        "alias": "address",
        "meta": "@sys.location",
        "userDefined": true
      }
    ],
    "isTemplate": false,
    "count": 1,
    "updated": 0
  },
  {
    "id": "779512c5-9c59-4617-8d57-928dd39efa8b",
    "data": [
      {
        "text": "что за температура снаружи",
        "userDefined": false
      }
    ],
    "isTemplate": false,
    "count": 2,
    "updated": 0
  },
  {
    "id": "6b7186a2-18df-4764-aa1a-99648a9029aa",
    "data": [
      {
        "text": "покажи мне температуру",
        "userDefined": false
      }
    ],
    "isTemplate": false,
    "count": 0,
    "updated": 0
  },
  {
    "id": "7baaa798-785b-4201-bf6e-22f612624fd9",
    "data": [
      {
        "text": "покажи мне текущую температуру в ",
        "userDefined": false
      },
      {
        "text": "Цельсиях",
        "alias": "unit",
        "meta": "@unit-temperature",
        "userDefined": true
      }
    ],
    "isTemplate": false,
    "count": 0,
    "updated": 0
  },
  {
    "id": "896562d2-d4a4-44a7-8ad0-7342083cd8e4",
    "data": [
      {
        "text": "проверь температуру",
        "userDefined": false
      }
    ],
    "isTemplate": false,
    "count": 0,
    "updated": 0
  },
  {
    "id": "77be9b35-9668-407f-93ed-bc30bfc26de2",
    "data": [
      {
        "text": "покажи температуру в ",
        "userDefined": false
      },
      {
        "text": "Париже",
        "alias": "address",
        "meta": "@sys.location",
        "userDefined": true
      }
    ],
    "isTemplate": false,
    "count": 0,
    "updated": 0
  },
  {
    "id": "c7a520a9-c60d-4af7-bf2e-9a242ec7caaf",
    "data": [
      {
        "text": "как ",
        "userDefined": false
      },
      {
        "text": "холодно",
        "alias": "temperature",
        "meta": "@temperature",
        "userDefined": true
      }
    ],
    "isTemplate": false,
    "count": 0,
    "updated": 0
  },
  {
    "id": "2048d101-0401-41be-a094-4814c5555c38",
    "data": [
      {
        "text": "жарко",
        "alias": "temperature",
        "meta": "@temperature",
        "userDefined": true
      },
      {
        "text": " ли в ",
        "userDefined": false
      },
      {
        "text": "Токио",
        "alias": "address",
        "meta": "@sys.location",
        "userDefined": true
      }
    ],
    "isTemplate": false,
    "count": 0,
    "updated": 0
  },
  {
    "id": "fe07b784-e6ea-4e11-810e-45827da3000a",
    "data": [
      {
        "text": "на улице сейчас ",
        "userDefined": false
      },
      {
        "text": "холодно",
        "alias": "temperature",
        "meta": "@temperature",
        "userDefined": true
      }
    ],
    "isTemplate": false,
    "count": 0,
    "updated": 0
  },
  {
    "id": "21f430f3-9eb9-462e-afc5-5bd49d33a68b",
    "data": [
      {
        "text": "какая температура ожидается в ",
        "userDefined": false
      },
      {
        "text": "Москве",
        "alias": "address",
        "meta": "@sys.location",
        "userDefined": true
      }
    ],
    "isTemplate": false,
    "count": 0,
    "updated": 0
  },
  {
    "id": "6d0b0a55-48a6-4328-b9b2-c01ed38e9378",
    "data": [
      {
        "text": "жарко",
        "alias": "temperature",
        "meta": "@temperature",
        "userDefined": true
      }
    ],
    "isTemplate": false,
    "count": 0,
    "updated": 0
  },
  {
    "id": "052774f6-acae-48f3-9bd0-96b46db35b8e",
    "data": [
      {
        "text": "сколько градусов в ",
        "userDefined": false
      },
      {
        "text": "Мадриде",
        "alias": "address",
        "meta": "@sys.location",
        "userDefined": true
      }
    ],
    "isTemplate": false,
    "count": 0,
    "updated": 0
  },
  {
    "id": "ce215bb0-32ef-4c67-bb34-f98b9a104a48",
    "data": [
      {
        "text": "скажи ",
        "userDefined": false
      },
      {
        "text": "холодно",
        "alias": "temperature",
        "meta": "@temperature",
        "userDefined": true
      },
      {
        "text": " ли в ",
        "userDefined": false
      },
      {
        "text": "Осло",
        "alias": "address",
        "meta": "@sys.location",
        "userDefined": true
      }
    ],
    "isTemplate": false,
    "count": 0,
    "updated": 0
  },
  {
    "id": "b730ea89-7ce2-42dd-ab6b-bd59dcb3d944",
    "data": [
      {
        "text": "температура в ",
        "userDefined": false
      },
      {
        "text": "Бангкоке",
        "alias": "address",
        "meta": "@sys.location",
        "userDefined": true
      }
    ],
    "isTemplate": false,
    "count": 1,
    "updated": 0
  },
  {
    "id": "c40bb6b8-2450-41f0-b759-33ae32c0d6d6",
    "data": [
      {
        "text": "жарко",
        "alias": "temperature",
        "meta": "@temperature",
        "userDefined": true
      },
      {
        "text": " ли в ",
        "userDefined": false
      },
      {
        "text": "Риге",
        "alias": "address",
        "meta": "@sys.location",
        "userDefined": true
      }
    ],
    "isTemplate": false,
    "count": 0,
    "updated": 0
  },
  {
    "id": "0caef177-ada0-4c48-84cb-1926e9cadd61",
    "data": [
      {
        "text": "температура в ",
        "userDefined": false
      },
      {
        "text": "Москве",
        "alias": "address",
        "meta": "@sys.location",
        "userDefined": true
      },
      {
        "text": " в ",
        "userDefined": false
      },
      {
        "text": "Цельсиях",
        "alias": "unit",
        "meta": "@unit-temperature",
        "userDefined": true
      }
    ],
    "isTemplate": false,
    "count": 0,
    "updated": 0
  },
  {
    "id": "1fb30b19-9345-4490-81df-1678b24c352f",
    "data": [
      {
        "text": "я хотел бы знать сколько сейчас градусов",
        "userDefined": false
      }
    ],
    "isTemplate": false,
    "count": 0,
    "updated": 0
  },
  {
    "id": "d05dd743-d7a4-481e-ac80-ec29f168cb52",
    "data": [
      {
        "text": "скажи ",
        "userDefined": false
      },
      {
        "text": "холодно",
        "alias": "temperature",
        "meta": "@temperature",
        "userDefined": true
      },
      {
        "text": " ли на улице",
        "userDefined": false
      }
    ],
    "isTemplate": false,
    "count": 0,
    "updated": 0
  },
  {
    "id": "0d48de23-0026-4c78-a82f-b4bf3a25c2cb",
    "data": [
      {
        "text": "хорошо ",
        "userDefined": false
      },
      {
        "text": "холодно",
        "alias": "temperature",
        "meta": "@temperature",
        "userDefined": true
      },
      {
        "text": " ли в ",
        "userDefined": false
      },
      {
        "text": "Санкт-Петербурге",
        "alias": "address",
        "meta": "@sys.location",
        "userDefined": true
      }
    ],
    "isTemplate": false,
    "count": 0,
    "updated": 0
  },
  {
    "id": "cac18789-f95d-4156-80fa-e741812c3690",
    "data": [
      {
        "text": "сегодняшняя",
        "alias": "date-time",
        "meta": "@sys.date-time",
        "userDefined": true
      },
      {
        "text": " температура",
        "userDefined": false
      }
    ],
    "isTemplate": false,
    "count": 0,
    "updated": 0
  },
  {
    "id": "6928db28-31f7-4b85-b92d-b50c6d1224cd",
    "data": [
      {
        "text": "температура ",
        "userDefined": false
      },
      {
        "text": "сегодня вечером",
        "alias": "date-time",
        "meta": "@sys.date-time",
        "userDefined": true
      }
    ],
    "isTemplate": false,
    "count": 0,
    "updated": 0
  },
  {
    "id": "327c22b8-f1b1-42a0-91a3-0b3277b73c64",
    "data": [
      {
        "text": "будет ли ",
        "userDefined": false
      },
      {
        "text": "тепло",
        "alias": "temperature",
        "meta": "@temperature",
        "userDefined": true
      },
      {
        "text": " во ",
        "userDefined": false
      },
      {
        "text": "вторник",
        "alias": "date-time",
        "meta": "@sys.date-time",
        "userDefined": true
      }
    ],
    "isTemplate": false,
    "count": 0,
    "updated": 0
  },
  {
    "id": "2d5e3462-4637-4b99-a742-7f7caf721e67",
    "data": [
      {
        "text": "температура в ",
        "userDefined": false
      },
      {
        "text": "Екатеринбурге",
        "alias": "address",
        "meta": "@sys.location",
        "userDefined": true
      },
      {
        "text": " на ",
        "userDefined": false
      },
      {
        "text": "следующей неделе",
        "alias": "date-time",
        "meta": "@sys.date-time",
        "userDefined": true
      }
    ],
    "isTemplate": false,
    "count": 0,
    "updated": 0
  },
  {
    "id": "1d1b291b-0166-485e-806c-bef3388a78da",
    "data": [
      {
        "text": "прохладно",
        "alias": "temperature",
        "meta": "@temperature",
        "userDefined": true
      },
      {
        "text": " ли в ",
        "userDefined": false
      },
      {
        "text": "Новосибирске",
        "alias": "address",
        "meta": "@sys.location",
        "userDefined": true
      }
    ],
    "isTemplate": false,
    "count": 0,
    "updated": 0
  },
  {
    "id": "16ad968a-6002-46e6-9ba8-e0a845061528",
    "data": [
      {
        "text": "какой температура будет в ",
        "userDefined": false
      },
      {
        "text": "понедельник",
        "alias": "date-time",
        "meta": "@sys.date-time",
        "userDefined": true
      }
    ],
    "isTemplate": false,
    "count": 0,
    "updated": 0
  },
  {
    "id": "a548170d-9023-4f31-a864-f3f690d4dfbc",
    "data": [
      {
        "text": "хочу знать сколько градусов будет ",
        "userDefined": false
      },
      {
        "text": "14 июня",
        "alias": "date-time",
        "meta": "@sys.date-time",
        "userDefined": true
      }
    ],
    "isTemplate": false,
    "count": 0,
    "updated": 0
  },
  {
    "id": "7c77ac3d-5c06-475a-94ba-e9a595224ec9",
    "data": [
      {
        "text": "насколько ",
        "userDefined": false
      },
      {
        "text": "холодно",
        "alias": "temperature",
        "meta": "@temperature",
        "userDefined": true
      },
      {
        "text": " в ",
        "userDefined": false
      },
      {
        "text": "Чикаго",
        "alias": "address",
        "meta": "@sys.location",
        "userDefined": true
      }
    ],
    "isTemplate": false,
    "count": 0,
    "updated": 0
  },
  {
    "id": "f22f10ed-e439-47d5-b8e4-5ea2da3207ea",
    "data": [
      {
        "text": "какая температура ожидается на ",
        "userDefined": false
      },
      {
        "text": "этой неделе",
        "alias": "date-time",
        "meta": "@sys.date-time",
        "userDefined": true
      }
    ],
    "isTemplate": false,
    "count": 0,
    "updated": 0
  },
  {
    "id": "f16387cc-3072-48f1-bde1-b57e54128ca0",
    "data": [
      {
        "text": "покажи температуру ",
        "userDefined": false
      },
      {
        "text": "на этой неделе",
        "alias": "date-time",
        "meta": "@sys.date-time",
        "userDefined": true
      }
    ],
    "isTemplate": false,
    "count": 0,
    "updated": 0
  },
  {
    "id": "d53f4768-3b22-4d38-a466-91e7546aa461",
    "data": [
      {
        "text": "завтра",
        "alias": "date-time",
        "meta": "@sys.date-time",
        "userDefined": true
      },
      {
        "text": " будет ",
        "userDefined": false
      },
      {
        "text": "прохладно",
        "alias": "temperature",
        "meta": "@temperature",
        "userDefined": true
      },
      {
        "text": " не так ли",
        "userDefined": false
      }
    ],
    "isTemplate": false,
    "count": 0,
    "updated": 0
  },
  {
    "id": "1a07d508-0461-40bb-9276-aac35c781cdc",
    "data": [
      {
        "text": "проверь температуру на ",
        "userDefined": false
      },
      {
        "text": "следующую пятницу",
        "alias": "date-time",
        "meta": "@sys.date-time",
        "userDefined": true
      }
    ],
    "isTemplate": false,
    "count": 0,
    "updated": 0
  },
  {
    "id": "9c9a9c06-415c-420b-b4ca-168e114e90f7",
    "data": [
      {
        "text": "сегодняшняя",
        "alias": "date-time",
        "meta": "@sys.date-time",
        "userDefined": true
      },
      {
        "text": " температура в ",
        "userDefined": false
      },
      {
        "text": "Барселоне",
        "alias": "address",
        "meta": "@sys.location",
        "userDefined": true
      }
    ],
    "isTemplate": false,
    "count": 0,
    "updated": 0
  },
  {
    "id": "67316147-af13-4fec-932f-2239a79af7c2",
    "data": [
      {
        "text": "что за температура будет в ",
        "userDefined": false
      },
      {
        "text": "Мюнхене",
        "alias": "address",
        "meta": "@sys.location",
        "userDefined": true
      },
      {
        "text": " в ",
        "userDefined": false
      },
      {
        "text": "понедельник",
        "alias": "date-time",
        "meta": "@sys.date-time",
        "userDefined": true
      }
    ],
    "isTemplate": false,
    "count": 0,
    "updated": 0
  },
  {
    "id": "4d1b22dc-d290-4416-b3a2-5a2243479133",
    "data": [
      {
        "text": "покажи мне температуру ",
        "userDefined": false
      },
      {
        "text": "на этой неделе",
        "alias": "date-time",
        "meta": "@sys.date-time",
        "userDefined": true
      },
      {
        "text": " в ",
        "userDefined": false
      },
      {
        "text": "Нижнем Новгороде",
        "alias": "address",
        "meta": "@sys.location",
        "userDefined": true
      }
    ],
    "isTemplate": false,
    "count": 0,
    "updated": 0
  },
  {
    "id": "802e79d2-1a82-4c0b-af9e-bf9e8332819f",
    "data": [
      {
        "text": "будет ли ",
        "userDefined": false
      },
      {
        "text": "завтра",
        "alias": "date-time",
        "meta": "@sys.date-time",
        "userDefined": true
      },
      {
        "text": " ",
        "userDefined": false
      },
      {
        "text": "холодно",
        "alias": "temperature",
        "meta": "@temperature",
        "userDefined": true
      },
      {
        "text": " в ",
        "userDefined": false
      },
      {
        "text": "Дрездене",
        "alias": "address",
        "meta": "@sys.location",
        "userDefined": true
      }
    ],
    "isTemplate": false,
    "count": 0,
    "updated": 0
  },
  {
    "id": "193dbe23-a90a-407e-9a97-ac600a3fa209",
    "data": [
      {
        "text": "проверь температуру на ",
        "userDefined": false
      },
      {
        "text": "следующей неделе",
        "alias": "date-time",
        "meta": "@sys.date-time",
        "userDefined": true
      },
      {
        "text": " в ",
        "userDefined": false
      },
      {
        "text": "Будапеште",
        "alias": "address",
        "meta": "@sys.location",
        "userDefined": true
      }
    ],
    "isTemplate": false,
    "count": 0,
    "updated": 0
  },
  {
    "id": "c91575e1-9941-482e-aefe-80a9a1370ea2",
    "data": [
      {
        "text": "я хотел бы знать температуру в ",
        "userDefined": false
      },
      {
        "text": "Самаре",
        "alias": "address",
        "meta": "@sys.location",
        "userDefined": true
      },
      {
        "text": " ",
        "userDefined": false
      },
      {
        "text": "22 июля",
        "alias": "date-time",
        "meta": "@sys.date-time",
        "userDefined": true
      }
    ],
    "isTemplate": false,
    "count": 0,
    "updated": 0
  },
  {
    "id": "b80734b8-875a-4504-89f3-396a1bf20448",
    "data": [
      {
        "text": "скажи будет ли ",
        "userDefined": false
      },
      {
        "text": "жарко",
        "alias": "temperature",
        "meta": "@temperature",
        "userDefined": true
      },
      {
        "text": " на ",
        "userDefined": false
      },
      {
        "text": "следующей неделе",
        "alias": "date-time",
        "meta": "@sys.date-time",
        "userDefined": true
      },
      {
        "text": " на ",
        "userDefined": false
      },
      {
        "text": "Ибице",
        "alias": "address",
        "meta": "@sys.location",
        "userDefined": true
      }
    ],
    "isTemplate": false,
    "count": 0,
    "updated": 0
  }
]