[
  {
    "id": "4a407404-246a-4289-8bd3-7e4dae8f8ffa",
    "data": [
      {
        "text": "三月三号",
        "alias": "date-time",
        "meta": "@sys.date-time",
        "userDefined": false
      },
      {
        "text": "会不会",
        "userDefined": false
      },
      {
        "text": "冲浪",
        "alias": "activity",
        "meta": "@activity",
        "userDefined": false
      }
    ],
    "isTemplate": false,
    "count": 0,
    "updated": 0
  },
  {
    "id": "ea209994-c9ab-4067-9c6e-3869c9430395",
    "data": [
      {
        "text": "五天前",
        "alias": "date-time",
        "meta": "@sys.date-time",
        "userDefined": false
      },
      {
        "text": "在",
        "userDefined": false
      },
      {
        "text": "青岛",
        "alias": "address",
        "meta": "@sys.address",
        "userDefined": false
      },
      {
        "text": "里面可能去",
        "userDefined": false
      },
      {
        "text": "风筝",
        "alias": "activity",
        "meta": "@activity",
        "userDefined": false
      },
      {
        "text": "吗",
        "userDefined": false
      }
    ],
    "isTemplate": false,
    "count": 0,
    "updated": 0
  },
  {
    "id": "b4e92efa-dfa0-416b-aef8-549ede16f28e",
    "data": [
      {
        "text": "两天后",
        "alias": "date-time",
        "meta": "@sys.date-time",
        "userDefined": false
      },
      {
        "text": "会不会",
        "userDefined": false
      },
      {
        "text": "滑翔伞",
        "alias": "activity",
        "meta": "@activity",
        "userDefined": false
      },
      {
        "text": "吗",
        "userDefined": false
      }
    ],
    "isTemplate": false,
    "count": 0,
    "updated": 0
  },
  {
    "id": "044865f7-36f4-4aaf-bdd9-882ccb30f3e5",
    "data": [
      {
        "text": "北京",
        "alias": "address",
        "meta": "@sys.address",
        "userDefined": false
      },
      {
        "text": "里面会不会去",
        "userDefined": false
      },
      {
        "text": "滑雪",
        "alias": "activity",
        "meta": "@activity",
        "userDefined": false
      }
    ],
    "isTemplate": false,
    "count": 0,
    "updated": 0
  },
  {
    "id": "2fff1cfa-a4b5-41d0-9f6b-8110c0254628",
    "data": [
      {
        "text": "今天",
        "alias": "date-time",
        "meta": "@sys.date-time",
        "userDefined": false
      },
      {
        "text": "会不会",
        "userDefined": false
      },
      {
        "text": "单板滑雪",
        "alias": "activity",
        "meta": "@activity",
        "userDefined": false
      },
      {
        "text": "吗",
        "userDefined": false
      }
    ],
    "isTemplate": false,
    "count": 0,
    "updated": 0
  },
  {
    "id": "92c48abe-9f2c-4ac0-8482-a737385330f0",
    "data": [
      {
        "text": "现在的天气适合在户外玩",
        "userDefined": false
      },
      {
        "text": "飞盘",
        "alias": "activity",
        "meta": "@activity",
        "userDefined": false
      },
      {
        "text": "吗？",
        "userDefined": false
      }
    ],
    "isTemplate": false,
    "count": 1,
    "updated": 0
  },
  {
    "id": "18eff4ca-60e0-4664-b7b7-e589b49d713a",
    "data": [
      {
        "text": "下星期日",
        "alias": "date-time",
        "meta": "@sys.date-time",
        "userDefined": false
      },
      {
        "text": "在",
        "userDefined": false
      },
      {
        "text": "新加坡",
        "alias": "address",
        "meta": "@sys.address",
        "userDefined": true
      },
      {
        "text": "可以不可以",
        "userDefined": false
      },
      {
        "text": "打雪仗",
        "alias": "activity",
        "meta": "@activity",
        "userDefined": false
      }
    ],
    "isTemplate": false,
    "count": 0,
    "updated": 0
  },
  {
    "id": "4473b10c-dfb5-49fb-ab46-8a028099d576",
    "data": [
      {
        "text": "明天",
        "alias": "date-time",
        "meta": "@sys.date-time",
        "userDefined": false
      },
      {
        "text": "会",
        "userDefined": false
      },
      {
        "text": "游泳",
        "alias": "activity",
        "meta": "@activity",
        "userDefined": false
      },
      {
        "text": "吗",
        "userDefined": false
      }
    ],
    "isTemplate": false,
    "count": 0,
    "updated": 0
  },
  {
    "id": "abf6fc4f-c9a0-417b-86c2-3909efa5318b",
    "data": [
      {
        "text": "现在适合出去",
        "userDefined": false
      },
      {
        "text": "徒步旅行",
        "alias": "activity",
        "meta": "@activity",
        "userDefined": false
      },
      {
        "text": "吗？",
        "userDefined": false
      }
    ],
    "isTemplate": false,
    "count": 0,
    "updated": 0
  },
  {
    "id": "37ab2911-adeb-4d8b-b210-aaf381006788",
    "data": [
      {
        "text": "在",
        "userDefined": false
      },
      {
        "text": "杭州",
        "alias": "address",
        "meta": "@sys.address",
        "userDefined": false
      },
      {
        "text": "会不会去",
        "userDefined": false
      },
      {
        "text": "雪橇",
        "alias": "activity",
        "meta": "@activity",
        "userDefined": false
      }
    ],
    "isTemplate": false,
    "count": 0,
    "updated": 0
  },
  {
    "id": "45832dd3-30b4-4515-8da4-cd4f5b814e0d",
    "data": [
      {
        "text": "今天",
        "alias": "date-time",
        "meta": "@sys.date-time",
        "userDefined": false
      },
      {
        "text": "要去",
        "userDefined": false
      },
      {
        "text": "冲浪",
        "alias": "activity",
        "meta": "@activity",
        "userDefined": false
      }
    ],
    "isTemplate": false,
    "count": 0,
    "updated": 0
  },
  {
    "id": "6a5058ef-df0b-4c61-b473-542535c02bcf",
    "data": [
      {
        "text": "今天",
        "alias": "date-time",
        "meta": "@sys.date-time",
        "userDefined": false
      },
      {
        "text": "在",
        "userDefined": false
      },
      {
        "text": "台北",
        "alias": "address",
        "meta": "@sys.address",
        "userDefined": false
      },
      {
        "text": "我会",
        "userDefined": false
      },
      {
        "text": "风筝",
        "alias": "activity",
        "meta": "@activity",
        "userDefined": false
      },
      {
        "text": "吗",
        "userDefined": false
      }
    ],
    "isTemplate": false,
    "count": 0,
    "updated": 0
  },
  {
    "id": "eb5a7945-8a31-4924-b3ed-fa0359be7e8c",
    "data": [
      {
        "text": "明天",
        "alias": "date-time",
        "meta": "@sys.date-time",
        "userDefined": false
      },
      {
        "text": "我们会不会去",
        "userDefined": false
      },
      {
        "text": "打雪仗",
        "alias": "activity",
        "meta": "@activity",
        "userDefined": false
      },
      {
        "text": "吗",
        "userDefined": false
      }
    ],
    "isTemplate": false,
    "count": 0,
    "updated": 0
  },
  {
    "id": "542797ad-64e8-4548-9ef7-a1c811b9556c",
    "data": [
      {
        "text": "明天",
        "alias": "date-time",
        "meta": "@sys.date-time",
        "userDefined": false
      },
      {
        "text": "上海",
        "alias": "address",
        "meta": "@sys.address",
        "userDefined": false
      },
      {
        "text": "会",
        "userDefined": false
      },
      {
        "text": "步行",
        "alias": "activity",
        "meta": "@activity",
        "userDefined": false
      },
      {
        "text": "吗",
        "userDefined": false
      }
    ],
    "isTemplate": false,
    "count": 0,
    "updated": 0
  },
  {
    "id": "6b1f0bae-c341-4122-9d78-251e52d231b9",
    "data": [
      {
        "text": "后天",
        "alias": "date-time",
        "meta": "@sys.date-time",
        "userDefined": false
      },
      {
        "text": "我行去",
        "userDefined": false
      },
      {
        "text": "冲浪",
        "alias": "activity",
        "meta": "@activity",
        "userDefined": false
      }
    ],
    "isTemplate": false,
    "count": 0,
    "updated": 0
  },
  {
    "id": "721cbb8e-9ae3-4b6b-abb0-02fca53b54d7",
    "data": [
      {
        "text": "新加坡",
        "alias": "address",
        "meta": "@sys.address",
        "userDefined": false
      },
      {
        "text": "会不会",
        "userDefined": false
      },
      {
        "text": "滑板",
        "alias": "activity",
        "meta": "@activity",
        "userDefined": false
      }
    ],
    "isTemplate": false,
    "count": 0,
    "updated": 0
  },
  {
    "id": "7c70be20-ee7f-46e6-bddd-add4e812ed36",
    "data": [
      {
        "text": "明天",
        "alias": "date-time",
        "meta": "@sys.date-time",
        "userDefined": false
      },
      {
        "text": "会不会去",
        "userDefined": false
      },
      {
        "text": "徒步旅行",
        "alias": "activity",
        "meta": "@activity",
        "userDefined": false
      },
      {
        "text": "吗",
        "userDefined": false
      }
    ],
    "isTemplate": false,
    "count": 0,
    "updated": 0
  },
  {
    "id": "9b8b488d-d2e7-47a5-a7bc-4543b81ce529",
    "data": [
      {
        "text": "明天",
        "alias": "date-time",
        "meta": "@sys.date-time",
        "userDefined": false
      },
      {
        "text": "在",
        "userDefined": false
      },
      {
        "text": "广州",
        "alias": "address",
        "meta": "@sys.address",
        "userDefined": true
      },
      {
        "text": "可以",
        "userDefined": false
      },
      {
        "text": "攀登",
        "alias": "activity",
        "meta": "@activity",
        "userDefined": false
      },
      {
        "text": "吗",
        "userDefined": false
      }
    ],
    "isTemplate": false,
    "count": 0,
    "updated": 0
  },
  {
    "id": "0b4788cc-90b5-4156-a768-b57a07751b90",
    "data": [
      {
        "text": "明天",
        "alias": "date-time",
        "meta": "@sys.date-time",
        "userDefined": false
      },
      {
        "text": "在",
        "userDefined": false
      },
      {
        "text": "深圳",
        "alias": "address",
        "meta": "@sys.address",
        "userDefined": false
      },
      {
        "text": "会不会去",
        "userDefined": false
      },
      {
        "text": "风筝冲浪",
        "alias": "activity",
        "meta": "@activity",
        "userDefined": false
      },
      {
        "text": "吗",
        "userDefined": false
      }
    ],
    "isTemplate": false,
    "count": 0,
    "updated": 0
  },
  {
    "id": "4bc7d23e-bad4-4e3a-bf02-9048260e18d2",
    "data": [
      {
        "text": "明天",
        "alias": "date-time",
        "meta": "@sys.date-time",
        "userDefined": false
      },
      {
        "text": "在",
        "userDefined": false
      },
      {
        "text": "深圳",
        "alias": "address",
        "meta": "@sys.address",
        "userDefined": false
      },
      {
        "text": "我很想去",
        "userDefined": false
      },
      {
        "text": "跑步",
        "alias": "activity",
        "meta": "@activity",
        "userDefined": false
      }
    ],
    "isTemplate": false,
    "count": 0,
    "updated": 0
  },
  {
    "id": "d57fe8ba-4d76-4c71-8a96-02c7a5fc4856",
    "data": [
      {
        "text": "明天",
        "alias": "date-time",
        "meta": "@sys.date-time",
        "userDefined": false
      },
      {
        "text": "可以去",
        "userDefined": false
      },
      {
        "text": "露营",
        "alias": "activity",
        "meta": "@activity",
        "userDefined": false
      },
      {
        "text": "吗",
        "userDefined": false
      }
    ],
    "isTemplate": false,
    "count": 0,
    "updated": 0
  },
  {
    "id": "df43021b-6a7c-422b-bc04-e34932c8e8a1",
    "data": [
      {
        "text": "两个星期后",
        "alias": "date-time",
        "meta": "@sys.date-time",
        "userDefined": false
      },
      {
        "text": "在",
        "userDefined": false
      },
      {
        "text": "武汉",
        "alias": "address",
        "meta": "@sys.address",
        "userDefined": false
      },
      {
        "text": "可能去",
        "userDefined": false
      },
      {
        "text": "皮划艇",
        "alias": "activity",
        "meta": "@activity",
        "userDefined": false
      },
      {
        "text": "吗",
        "userDefined": false
      }
    ],
    "isTemplate": false,
    "count": 0,
    "updated": 0
  },
  {
    "id": "c3cd4667-8c38-4945-b5ce-c6ec6e4b9301",
    "data": [
      {
        "text": "明天",
        "alias": "date-time",
        "meta": "@sys.date-time",
        "userDefined": false
      },
      {
        "text": "我跟我的朋友一起想去",
        "userDefined": false
      },
      {
        "text": "冲浪",
        "alias": "activity",
        "meta": "@activity",
        "userDefined": false
      },
      {
        "text": "可以吗吗",
        "userDefined": false
      }
    ],
    "isTemplate": false,
    "count": 0,
    "updated": 0
  }
]